"CrashName","Name","Sex","Age","Speed","VehicleDamage","PartyCategory","Sobriety","VehicleDirection","MovementPrecedingCollision","PartyType","OtherAssociatedFactor","VehicleCount","ViolationCode","ViolationCodeDescription"
"CR-0000085444","ACV-0000174878","M","33","","Minor","Driver","Had Not Been Drinking","West","Proceeding Straight","Car","Unknown","1","Not Applicable","Not Applicable"
"CR-0000085444","ACV-0000174879","","0","","Minor","Parked","Not Applicable","Not Applicable","Parked","Car","Unknown","1","Not Applicable","Not Applicable"
"CR-0000085444","ACV-0000174880","","0","","Major","Parked","Not Applicable","Not Applicable","Parked","Car","Unknown","1","Not Applicable","Not Applicable"
"CR-0000085444","ACV-0000174881","","0","","Major","Parked","Not Applicable","Not Applicable","Parked","Car","Unknown","1","Not Applicable","Not Applicable"
"CR-0000085444","ACV-0000174882","","0","","Minor","Parked","Not Applicable","Not Applicable","Parked","Car","Unknown","1","Not Applicable","Not Applicable"
"CR-0000085445","ACV-0000174883","","0","","Unknown","Driver","Impairment Not Known","East","Proceeding Straight","Car","Other Violation","1","22350","Speeding"
"CR-0000085446","ACV-0000174884","F","30","","Major","Driver","Had Not Been Drinking","North","Making Left Turn","Car","None Apparent","1","21453","Run Red Light"
"CR-0000085446","ACV-0000174885","M","65","","Major","Driver","Had Not Been Drinking","South","Proceeding Straight","Car","None Apparent","1","Not Applicable","Not Applicable"
"CR-0000085447","ACV-0000174886","M","20","","Moderate","Driver","Had Not Been Drinking","East","Proceeding Straight","Car","None Apparent","1","21804","Yield From Driveway/Curb"
"CR-0000085447","ACV-0000174887","M","46","","Moderate","Driver","Had Not Been Drinking","North","Proceeding Straight","Car","None Apparent","1","Not Applicable","Not Applicable"
"CR-0000085448","ACV-0000174888","M","54","","Not Applicable","Bicycle","Had Not Been Drinking","North","Proceeding Straight","Scooter Motorized","Unknown","1","21453","Run Red Light"
"CR-0000085448","ACV-0000174889","M","28","","Minor","Driver","Had Not Been Drinking","West","Proceeding Straight","Panel Truck","Unknown","1","Not Applicable","Not Applicable"
"CR-0000085449","ACV-0000174890","","0","","Unknown","Parked","Not Applicable","Not Applicable","Parked","Car","Unknown","1","Unknown","Unknown"
"CR-0000085449","ACV-0000174891","","0","","Unknown","Driver","Impairment Not Known","Unknown","Unknown","Unknown","Unknown","1","Unknown","Unknown"
"CR-0000085450","ACV-0000174892","F","41","","Totaled","Driver","Impairment Not Known","North","Other Unsafe Turning","Car","Other Violation","1","22107","Unsafe Turn Movement"
"CR-0000085450","ACV-0000174893","F","32","","Minor","Driver","Impairment Not Known","North","Stopped","Car","Unknown","1","Not Applicable","Not Applicable"
"CR-0000085450","ACV-0000174894","F","41","","Minor","Driver","Impairment Not Known","North","Stopped","Car","Unknown","1","Not Applicable","Not Applicable"
"CR-0000085451","ACV-0000174895","","0","","Unknown","Driver","Impairment Not Known","North","Proceeding Straight","Panel Truck","Other Violation","1","22350","Speeding"
"CR-0000085451","ACV-0000174896","M","86","","Minor","Driver","Had Not Been Drinking","North","Stopped","Car","Unknown","1","Not Applicable","Not Applicable"
"CR-0000085452","ACV-0000174897","M","25","","Minor","Driver","Had Not Been Drinking","South","Proceeding Straight","Car","Speeding","1","21453","Run Red Light"
"CR-0000085452","ACV-0000174898","M","25","","Major","Driver","Had Not Been Drinking","North","Making Left Turn","Car","Unknown","1","Not Applicable","Not Applicable"
"CR-0000085453","ACV-0000174899","M","0","","Unknown","Driver","Impairment Not Known","South","Proceeding Straight","Panel Truck","Other Violation","1","21804","Yield From Driveway/Curb"
"CR-0000085453","ACV-0000174900","M","57","","Minor","Driver","Had Not Been Drinking","West","Making Left Turn","Car","Unknown","1","Not Applicable","Not Applicable"
"CR-0000085454","ACV-0000174901","M","22","","Major","Driver","Had Been Drinking - Under Influence","East","Proceeding Straight","Car","None Apparent","1","23152","Driving Drunk"
"CR-0000085455","ACV-0000174902","","0","","Minor","Driver","Impairment Not Known","South","Proceeding Straight","Car","Other Violation","1","21651","Divided Highway"
"CR-0000085455","ACV-0000174903","F","55","","Minor","Driver","Impairment Not Known","South","Making Left Turn","Car","None Apparent","1","Not Applicable","Not Applicable"
"CR-0000085456","ACV-0000174904","M","28","","Major","Driver","Had Not Been Drinking","South","Ran Off Road","Car","None Apparent","1","22350","Speeding"
"CR-0000085457","ACV-0000174905","F","37","","Moderate","Driver","Had Not Been Drinking","East","Other Unsafe Turning","Car","Unknown","1","22107","Unsafe Turn Movement"
"CR-0000085457","ACV-0000174906","F","59","","Moderate","Driver","Had Not Been Drinking","East","Proceeding Straight","Car","Unknown","1","Not Applicable","Not Applicable"
"CR-0000085458","ACV-0000174907","M","27","","Minor","Driver","Impairment Not Known","West","Proceeding Straight","Panel Truck","Inattention","1","00001","Other Improper Driving"
"CR-0000085458","ACV-0000174908","","0","","Minor","Parked","Not Applicable","Not Applicable","Parked","Unknown","Unknown","1","Not Applicable","Not Applicable"
"CR-0000085459","ACV-0000174909","F","31","","Moderate","Driver","Had Not Been Drinking","West","Making Right Turn","Car","Unknown","1","22350","Speeding"
"CR-0000085460","ACV-0000174910","","0","","Moderate","Driver","Impairment Not Known","North","Proceeding Straight","Car","Other Violation","1","22350","Speeding"
"CR-0000085460","ACV-0000174911","M","24","","Major","Driver","Impairment Not Known","North","Stopped","Car","None Apparent","1","Not Applicable","Not Applicable"
"CR-0000085460","ACV-0000174912","F","27","","Minor","Driver","Impairment Not Known","North","Making Right Turn","Car","None Apparent","1","Not Applicable","Not Applicable"
"CR-0000085461","ACV-0000174913","F","22","","Major","Driver","Impairment Not Known","North","Proceeding Straight","Car","Inattention","1","22350","Speeding"
"CR-0000085461","ACV-0000174914","M","42","","Minor","Driver","Impairment Not Known","North","Stopped","Panel Truck","None Apparent","1","Not Applicable","Not Applicable"
"CR-0000085462","ACV-0000174915","","0","","Unknown","Driver","Impairment Not Known","South","Proceeding Straight","Car","Other Violation","1","22350","Speeding"
"CR-0000085462","ACV-0000174916","M","16","","Major","Driver","Impairment Not Known","South","Stopped","Car","Unknown","1","Not Applicable","Not Applicable"
"CR-0000085463","ACV-0000174917","F","27","","Minor","Driver","Had Not Been Drinking","West","Ran Off Road","Car","Inattention","1","22350","Speeding"
"CR-0000085464","ACV-0000174918","M","17","","Major","Driver","Had Not Been Drinking","East","Making Left Turn","Car","Unknown","1","21801","Yield Left Turn"
"CR-0000085464","ACV-0000174919","F","40","","Major","Driver","Had Not Been Drinking","West","Proceeding Straight","Car","Unknown","1","Not Applicable","Not Applicable"
"CR-0000085465","ACV-0000174920","","0","","Moderate","Driver","Impairment Not Known","West","Merging","Car","Other Violation","1","22350","Speeding"
"CR-0000085465","ACV-0000174921","M","42","","Minor","Driver","Impairment Not Known","North","Proceeding Straight","Car","Unknown","1","Not Applicable","Not Applicable"
"CR-0000085466","ACV-0000174922","M","36","","Not Applicable","Bicycle","Had Been Drinking - Under Influence","West","Making Left Turn","Bicycle","Violation By Bike","1","21801","Yield Left Turn"
"CR-0000085466","ACV-0000174923","F","57","","Minor","Driver","Impairment Not Known","East","Proceeding Straight","Car","None Apparent","1","Not Applicable","Not Applicable"
"CR-0000085467","ACV-0000174924","M","29","","Major","Driver","Impairment Not Known","East","Proceeding Straight","Motorcycle/Moped","Other Violation","1","21703","Follow Too Closely"
"CR-0000085467","ACV-0000174925","M","36","","Major","Driver","Had Not Been Drinking","East","Proceeding Straight","Panel Truck","Unknown","1","Not Applicable","Not Applicable"
"CR-0000085468","ACV-0000174926","F","22","","Unknown","Driver","Impairment Not Known","Unknown","Making Right Turn","Car","Unknown","1","Unknown","Unknown"
"CR-0000085468","ACV-0000174927","","0","","Unknown","Driver","Impairment Not Known","Unknown","Making Right Turn","Car","Unknown","1","Unknown","Unknown"
"CR-0000085469","ACV-0000174928","M","43","","Major","Driver","Impairment Not Known","South","Proceeding Straight","Motorcycle/Moped","None Apparent","1","21453","Run Red Light"
"CR-0000085469","ACV-0000174929","M","59","","Moderate","Driver","Had Not Been Drinking","East","Making Left Turn","Car","Other","1","Not Applicable","Not Applicable"
"CR-0000085470","ACV-0000174930","","0","","Unknown","Driver","Impairment Not Known","West","Backing","Car","Other Violation","1","22106","Unsafe Backing"
"CR-0000085470","ACV-0000174931","","0","","Minor","Parked","Not Applicable","Not Applicable","Parked","Car","None Apparent","1","Not Applicable","Not Applicable"
"CR-0000085471","ACV-0000174932","M","49","","Minor","Driver","Had Not Been Drinking","North","Making Left Turn","Car","Unknown","1","21453","Run Red Light"
"CR-0000085471","ACV-0000174933","M","22","","Moderate","Driver","Had Not Been Drinking","West","Proceeding Straight","Car","Unknown","1","Not Applicable","Not Applicable"
"CR-0000085472","ACV-0000174934","F","20","","Major","Driver","Had Not Been Drinking","East","Making Left Turn","Car","None Apparent","1","21801","Yield Left Turn"
"CR-0000085472","ACV-0000174935","M","59","","Major","Driver","Had Not Been Drinking","South","Proceeding Straight","Car","None Apparent","1","Not Applicable","Not Applicable"
"CR-0000085473","ACV-0000174936","F","44","","Moderate","Driver","Had Not Been Drinking","West","Making Right Turn","Car","Unknown","1","22107","Unsafe Turn Movement"
"CR-0000085473","ACV-0000174937","M","69","","Moderate","Driver","Had Not Been Drinking","West","Proceeding Straight","Car","Unknown","1","Not Applicable","Not Applicable"
"CR-0000085474","ACV-0000174938","M","40","","Moderate","Driver","Impairment Not Known","East","Entering Traffic","Car","Vision Obscurement","1","21802","Yield Stop Sign"
"CR-0000085474","ACV-0000174939","F","52","","Moderate","Driver","Impairment Not Known","South","Proceeding Straight","Car","None Apparent","1","Not Applicable","Not Applicable"
"CR-0000085475","ACV-0000174940","","0","","Unknown","Driver","Impairment Not Known","North","Changing Lanes","Car","Other Violation","1","22107","Unsafe Turn Movement"
"CR-0000085475","ACV-0000174941","F","25","","Moderate","Driver","Had Not Been Drinking","North","Proceeding Straight","Car","Unknown","1","Not Applicable","Not Applicable"
"CR-0000085476","ACV-0000174942","","0","","Unknown","Driver","Impairment Not Known","Unknown","Proceeding Straight","Car","Other Violation","1","00001","Other Improper Driving"
"CR-0000085476","ACV-0000174943","","0","","Moderate","Parked","Not Applicable","Not Applicable","Parked","Car","Unknown","1","Not Applicable","Not Applicable"
"CR-0000085477","ACV-0000174944","F","47","","Unknown","Driver","Impairment Not Known","South","Proceeding Straight","Car","Unknown","1","Unknown","Unknown"
"CR-0000085477","ACV-0000174945","M","46","","Unknown","Driver","Impairment Not Known","South","Stopped","Panel Truck","Unknown","1","Unknown","Unknown"
"CR-0000085478","ACV-0000174946","","0","","Major","Driver","Impairment Not Known","East","Crossing Into Opposing Lane","Car","Other Violation","1","Not Applicable","Not Applicable"
"CR-0000085478","ACV-0000174947","","0","","Minor","Parked","Not Applicable","Not Applicable","Parked","Car","None Apparent","1","Not Applicable","Not Applicable"
"CR-0000085479","ACV-0000174948","F","37","","Moderate","Driver","Had Not Been Drinking","East","Entering Traffic","Car","Vision Obscurement","1","21804","Yield From Driveway/Curb"
"CR-0000085479","ACV-0000174949","M","18","","Not Applicable","Bicycle","Had Not Been Drinking","South","Proceeding Straight","Bicycle","None Apparent","1","Not Applicable","Not Applicable"
"CR-0000085480","ACV-0000174950","F","22","","Moderate","Driver","Had Not Been Drinking","East","Proceeding Straight","Car","None Apparent","1","21453","Run Red Light"
"CR-0000085480","ACV-0000174951","F","73","","Moderate","Driver","Had Not Been Drinking","South","Making Left Turn","Car","None Apparent","1","Not Applicable","Not Applicable"
"CR-0000085481","ACV-0000174952","F","55","","Major","Driver","Impairment Not Known","West","Proceeding Straight","Car","Unknown","1","21800","Yield Uncontrolled Intersection"
"CR-0000085481","ACV-0000174953","M","74","","Major","Driver","Impairment Not Known","South","Stopped","Car","Unknown","1","Not Applicable","Not Applicable"
"CR-0000085482","ACV-0000174954","F","0","","Minor","Driver","Impairment Not Known","East","Proceeding Straight","Car","Other Violation","1","21802","Yield Stop Sign"
"CR-0000085482","ACV-0000174955","M","37","","Minor","Driver","Had Not Been Drinking","South","Proceeding Straight","Car","Unknown","1","Not Applicable","Not Applicable"
"CR-0000085483","ACV-0000174956","","0","","Unknown","Driver","Impairment Not Known","East","Making Right Turn","Car","Other Violation","1","22107","Unsafe Turn Movement"
"CR-0000085484","ACV-0000174957","","0","","Moderate","Driver","Impairment Not Known","North","Ran Off Road","Car","Other Violation","1","22107","Unsafe Turn Movement"
"CR-0000085485","ACV-0000174958","F","44","","Major","Driver","Had Been Drinking - Under Influence","West","Proceeding Straight","Car","Other Violation","1","22350","Speeding"
"CR-0000085486","ACV-0000174959","M","30","","Moderate","Driver","Impairment Not Known","West","Proceeding Straight","Car","None Apparent","1","22350","Speeding"
"CR-0000085487","ACV-0000174960","F","0","","Major","Driver","Impairment Not Known","South","Crossing Into Opposing Lane","Car","Other Violation","1","21658","Unsafe Lane Change"
"CR-0000085488","ACV-0000174961","F","36","","Major","Driver","Had Not Been Drinking","West","Making Left Turn","Car","Inattention","1","21801","Yield Left Turn"
"CR-0000085488","ACV-0000174962","M","28","","Minor","Driver","Had Not Been Drinking","West","Proceeding Straight","Bus - Other","None Apparent","1","Not Applicable","Not Applicable"
"CR-0000085489","ACV-0000174963","F","31","","Major","Driver","Had Been Drinking - Under Influence","North","Making Right Turn","Car","Other Violation","1","22350","Speeding"
"CR-0000085490","ACV-0000174964","M","0","","Unknown","Driver","Impairment Not Known","South","Proceeding Straight","Panel Truck","Other Violation","1","22107","Unsafe Turn Movement"
"CR-0000085490","ACV-0000174965","M","20","","Major","Driver","Had Not Been Drinking","South","Proceeding Straight","Car","None Apparent","1","Not Applicable","Not Applicable"
"CR-0000085491","ACV-0000174966","M","17","","Not Applicable","Bicycle","Had Not Been Drinking","South","Proceeding Straight","Bicycle","Unknown","1","22350","Speeding"
"CR-0000085491","ACV-0000174967","","0","","Minor","Parked","Not Applicable","Not Applicable","Parked","Car","Unknown","1","Not Applicable","Not Applicable"
"CR-0000085492","ACV-0000174968","M","73","","Moderate","Driver","Had Been Drinking - Under Influence","West","Ran Off Road","Panel Truck","None Apparent","1","23152","Driving Drunk"
"CR-0000085492","ACV-0000174969","","0","","Major","Parked","Not Applicable","Not Applicable","Parked","Car","None Apparent","1","Not Applicable","Not Applicable"
"CR-0000085492","ACV-0000174970","","0","","Moderate","Parked","Not Applicable","Not Applicable","Parked","Car","None Apparent","1","Not Applicable","Not Applicable"
"CR-0000085492","ACV-0000174971","","0","","Minor","Parked","Not Applicable","Not Applicable","Parked","Car","None Apparent","1","Not Applicable","Not Applicable"
"CR-0000085493","ACV-0000174972","M","23","","Major","Driver","Sleepy/Fatigued","West","Proceeding Straight","Car","Inattention","1","22107","Unsafe Turn Movement"
"CR-0000085493","ACV-0000174973","","0","","Major","Parked","Not Applicable","Not Applicable","Parked","Car","Unknown","1","Not Applicable","Not Applicable"
"CR-0000085493","ACV-0000174974","","0","","Minor","Parked","Not Applicable","Not Applicable","Parked","Panel Truck","Unknown","1","Not Applicable","Not Applicable"
"CR-0000085494","ACV-0000174975","F","55","","Totaled","Driver","Had Not Been Drinking","West","Proceeding Straight","Car","None Apparent","1","21453","Run Red Light"
"CR-0000085494","ACV-0000174976","F","37","","Moderate","Driver","Had Not Been Drinking","South","Proceeding Straight","Car","None Apparent","1","Not Applicable","Not Applicable"
"CR-0000085495","ACV-0000174977","M","57","","Minor","Driver","Had Not Been Drinking","West","Proceeding Straight","Car","Unknown","1","26453","Condition/Brakes"
"CR-0000085495","ACV-0000174978","F","69","","Minor","Driver","Had Not Been Drinking","West","Stopped","Car","Unknown","1","Not Applicable","Not Applicable"
"CR-0000085496","ACV-0000174979","M","21","","Totaled","Driver","Had Been Drinking - Under Influence","South","Proceeding Straight","Car","Other Violation","1","21453","Run Red Light"
"CR-0000085496","ACV-0000174980","F","49","","Major","Driver","Had Not Been Drinking","West","Proceeding Straight","Car","Unknown","1","Not Applicable","Not Applicable"
"CR-0000085496","ACV-0000174981","M","29","","Moderate","Driver","Had Not Been Drinking","West","Proceeding Straight","Car","Unknown","1","Not Applicable","Not Applicable"
"CR-0000085497","ACV-0000174982","M","57","","Minor","Driver","Had Not Been Drinking","South","Proceeding Straight","Car","None Apparent","1","Not Applicable","Not Applicable"
"CR-0000085497","ACV-0000174983","M","48","","Not Applicable","Pedestrian","Impairment Not Known","East","Other (Ped)","Pedestrian","None Apparent","1","21954","Pedestrian Yield Car"
"CR-0000085498","ACV-0000174984","M","35","","Moderate","Driver","Had Not Been Drinking","South","Proceeding Straight","Panel Truck","None Apparent","1","22350","Speeding"
"CR-0000085498","ACV-0000174985","","0","","Moderate","Parked","Not Applicable","Not Applicable","Parked","Car","None Apparent","1","Not Applicable","Not Applicable"
"CR-0000085498","ACV-0000174986","","0","","Moderate","Parked","Not Applicable","Not Applicable","Parked","Car","None Apparent","1","Not Applicable","Not Applicable"
"CR-0000085499","ACV-0000174987","","0","","Unknown","Parked","Not Applicable","Not Applicable","Parked","Car","Unknown","1","Unknown","Unknown"
"CR-0000085499","ACV-0000174988","","0","","Unknown","Driver","Impairment Not Known","Unknown","Passing Other Vehicles","Unknown","Unknown","1","Unknown","Unknown"
"CR-0000085500","ACV-0000174989","","0","","Unknown","Parked","Not Applicable","Not Applicable","Parked","Panel Truck","Unknown","1","Unknown","Unknown"
"CR-0000085500","ACV-0000174990","F","0","","Unknown","Driver","Impairment Not Known","West","Making Right Turn","Panel Truck","Unknown","1","Unknown","Unknown"
"CR-0000085501","ACV-0000174991","M","30","","Moderate","Driver","Had Not Been Drinking","North","Making Left Turn","Car","None Apparent","1","Not Applicable","Not Applicable"
"CR-0000085501","ACV-0000174992","M","46","","Moderate","Driver","Had Not Been Drinking","West","Proceeding Straight","Car","None Apparent","1","21453","Run Red Light"
"CR-0000085502","ACV-0000174993","","0","","Major","Driver","Impairment Not Known","South","Making Right Turn","Car","Other Violation","1","22107","Unsafe Turn Movement"
"CR-0000085502","ACV-0000174994","","0","","Minor","Parked","Not Applicable","Not Applicable","Parked","Panel Truck","None Apparent","1","Not Applicable","Not Applicable"
"CR-0000085503","ACV-0000174995","M","28","","Major","Driver","Impairment Not Known","East","Proceeding Straight","Car","Speeding","1","21651","Divided Highway"
"CR-0000085503","ACV-0000174996","","0","","Moderate","Parked","Not Applicable","Not Applicable","Parked","Panel Truck","None Apparent","1","Not Applicable","Not Applicable"
"CR-0000085503","ACV-0000174997","","0","","Moderate","Parked","Not Applicable","Not Applicable","Parked","Panel Truck","None Apparent","1","Not Applicable","Not Applicable"
"CR-0000085503","ACV-0000174998","","0","","Moderate","Parked","Not Applicable","Not Applicable","Parked","Other","None Apparent","1","Not Applicable","Not Applicable"
"CR-0000085504","ACV-0000174999","M","21","","Minor","Driver","Had Not Been Drinking","South","Proceeding Straight","Car","None Apparent","1","22350","Speeding"
"CR-0000085504","ACV-0000175000","F","29","","Minor","Driver","Had Not Been Drinking","South","Stopped","Car","None Apparent","1","Not Applicable","Not Applicable"
"CR-0000085505","ACV-0000175001","M","30","","Major","Driver","Impairment Not Known","South","Passing Other Vehicles","Car","Other Violation","1","22350","Speeding"
"CR-0000085505","ACV-0000175002","M","63","","Major","Driver","Impairment Not Known","South","Making Left Turn","Car","None Apparent","1","Not Applicable","Not Applicable"
"CR-0000085506","ACV-0000175003","M","18","","Minor","Driver","Had Not Been Drinking","North","Entering Traffic","Car","None Apparent","1","22106","Unsafe Backing"
"CR-0000085506","ACV-0000175004","M","37","","Not Applicable","Bicycle","Had Not Been Drinking","East","Proceeding Straight","Bicycle","None Apparent","1","Not Applicable","Not Applicable"
"CR-0000085507","ACV-0000175005","M","63","","Major","Driver","Had Been Drinking - Under Influence","East","Proceeding Straight","Car","Speeding","1","23152","Driving Drunk"
"CR-0000085507","ACV-0000175006","F","68","","Major","Driver","Had Not Been Drinking","East","Slowing/Stopping","Car","None Apparent","1","Not Applicable","Not Applicable"
"CR-0000085508","ACV-0000175007","M","49","","Moderate","Driver","Had Not Been Drinking","South","Proceeding Straight","Car","None Apparent","1","Not Applicable","Not Applicable"
"CR-0000085510","ACV-0000175008","","0","","Unknown","Parked","Not Applicable","Not Applicable","Parked","Car","Unknown","1","Unknown","Unknown"
"CR-0000085510","ACV-0000175009","","0","","Unknown","Driver","Impairment Not Known","Unknown","Unknown","Panel Truck","Unknown","1","Unknown","Unknown"
"CR-0000085511","ACV-0000175010","M","54","","Totaled","Driver","Had Been Drinking - Impairment Unknown","North","Proceeding Straight","Panel Truck","Other Violation","1","22350","Speeding"
"CR-0000085511","ACV-0000175011","F","45","","Moderate","Driver","Impairment Not Known","North","Proceeding Straight","Car","None Apparent","1","Not Applicable","Not Applicable"
"CR-0000085512","ACV-0000175012","M","52","","Moderate","Driver","Had Been Drinking - Not Under Influence","East","Proceeding Straight","Car","Unknown","1","21453","Run Red Light"
"CR-0000085512","ACV-0000175013","F","68","","Moderate","Driver","Had Been Drinking - Not Under Influence","North","Proceeding Straight","Panel Truck","Unknown","1","Not Applicable","Not Applicable"
"CR-0000085513","ACV-0000175014","M","69","","Major","Driver","Impairment Not Known","North","Proceeding Straight","Panel Truck","None Apparent","1","21658","Unsafe Lane Change"
"CR-0000085514","ACV-0000175015","M","33","","Moderate","Driver","Had Not Been Drinking","West","Merging","Car","None Apparent","1","22350","Speeding"
"CR-0000085514","ACV-0000175016","F","50","","Moderate","Driver","Had Not Been Drinking","West","Stopped","Car","None Apparent","1","Not Applicable","Not Applicable"
"CR-0000085515","ACV-0000175017","","0","","Unknown","Driver","Impairment Not Known","North","Making Right Turn","Unknown","Other Violation","1","21663","Driving On Sidewalk"
"CR-0000085516","ACV-0000175018","M","18","","Major","Driver","Impairment Not Known","South","Making Left Turn","Car","Other Violation","1","22107","Unsafe Turn Movement"
"CR-0000085517","ACV-0000175019","","0","","Minor","Driver","Impairment Not Known","South","Proceeding Straight","Car","Other Violation","1","22350","Speeding"
"CR-0000085518","ACV-0000175020","","0","","Unknown","Driver","Impairment Not Known","East","Proceeding Straight","Car","Other Violation","1","Not Applicable","Not Applicable"
"CR-0000085518","ACV-0000175021","F","0","","Moderate","Driver","Had Not Been Drinking","East","Making U-Turn","Car","None Apparent","1","21804","Yield From Driveway/Curb"
"CR-0000085519","ACV-0000175022","F","51","","Major","Driver","Had Not Been Drinking","South","Backing","Car","Runaway Vehicle","1","22106","Unsafe Backing"
"CR-0000085519","ACV-0000175023","","0","","Moderate","Parked","Not Applicable","Not Applicable","Parked","Car","None Apparent","1","Not Applicable","Not Applicable"
"CR-0000085520","ACV-0000175024","M","37","","Major","Driver","Had Not Been Drinking","North","Stopped","Car","Other Violation","1","22400","Minimum Speed Law"
"CR-0000085520","ACV-0000175025","M","22","","Major","Driver","Had Not Been Drinking","North","Proceeding Straight","Car","None Apparent","1","Not Applicable","Not Applicable"
"CR-0000085521","ACV-0000175026","F","27","","Unknown","Driver","Impairment Not Known","East","Making Right Turn","Car","Unknown","1","Not Applicable","Not Applicable"
"CR-0000085522","ACV-0000175027","F","23","","Unknown","Driver","Impairment Not Known","Unknown","Stopped","Car","Unknown","1","Unknown","Unknown"
"CR-0000085522","ACV-0000175028","","0","","Unknown","Driver","Impairment Not Known","Unknown","Passing Other Vehicles","Car","Unknown","1","Unknown","Unknown"
"CR-0000085523","ACV-0000175029","F","26","","Unknown","Driver","Impairment Not Known","East","Proceeding Straight","Car","Unknown","1","Unknown","Unknown"
"CR-0000085523","ACV-0000175030","","0","","Unknown","Driver","Impairment Not Known","North","Entering Traffic","Car","Unknown","1","Unknown","Unknown"
"CR-0000085524","ACV-0000175031","","0","","Unknown","Driver","Impairment Not Known","West","Proceeding Straight","Unknown","Other Violation","1","22350","Speeding"
"CR-0000085524","ACV-0000175032","","0","","Moderate","Parked","Not Applicable","Not Applicable","Parked","Car","Unknown","1","Not Applicable","Not Applicable"
"CR-0000085525","ACV-0000175033","F","31","","Minor","Driver","Had Not Been Drinking","North","Proceeding Straight","Car","Inattention","1","21804","Yield From Driveway/Curb"
"CR-0000085525","ACV-0000175034","M","49","","Minor","Driver","Had Not Been Drinking","West","Proceeding Straight","Emergency Vehicle","None Apparent","1","Not Applicable","Not Applicable"
"CR-0000085526","ACV-0000175035","M","67","","Minor","Driver","Had Not Been Drinking","South","Making Left Turn","Car","None Apparent","1","21802","Yield Stop Sign"
"CR-0000085526","ACV-0000175036","M","20","","Minor","Driver","Had Not Been Drinking","East","Proceeding Straight","Car","None Apparent","1","Not Applicable","Not Applicable"
"CR-0000085527","ACV-0000175037","F","25","","Moderate","Driver","Had Been Drinking - Impairment Unknown","South","Crossing Into Opposing Lane","Car","None Apparent","1","21804","Yield From Driveway/Curb"
"CR-0000085527","ACV-0000175038","M","25","","Minor","Driver","Had Been Drinking - Impairment Unknown","West","Proceeding Straight","Car","None Apparent","1","Not Applicable","Not Applicable"
"CR-0000085528","ACV-0000175039","F","0","","Minor","Driver","Impairment Not Known","North","Proceeding Straight","Car","None Apparent","1","Not Applicable","Not Applicable"
"CR-0000085528","ACV-0000175040","M","15","","Not Applicable","Bicycle","Had Not Been Drinking","West","Proceeding Straight","Bicycle","Stop And Go Traffic","1","22450","Fail Stop/Sign"
"CR-0000085529","ACV-0000175041","M","48","","Minor","Driver","Had Not Been Drinking","North","Entering Traffic","Car","None Apparent","1","21804","Yield From Driveway/Curb"
"CR-0000085529","ACV-0000175042","M","37","","Not Applicable","Bicycle","Impairment Not Known","North","Proceeding Straight","Scooter Motorized","Speeding","1","Not Applicable","Not Applicable"
"CR-0000085530","ACV-0000175043","M","54","","Unknown","Driver","Impairment Not Known","East","Stopped","Car","Unknown","1","Unknown","Unknown"
"CR-0000085530","ACV-0000175044","","0","","Unknown","Driver","Impairment Not Known","East","Proceeding Straight","Panel Truck","Unknown","1","Unknown","Unknown"
"CR-0000085531","ACV-0000175045","F","30","","Unknown","Driver","Impairment Not Known","Unknown","Stopped","Car","Unknown","1","Unknown","Unknown"
"CR-0000085531","ACV-0000175046","","0","","Unknown","Driver","Impairment Not Known","Unknown","Proceeding Straight","Car","Unknown","1","Unknown","Unknown"
"CR-0000085532","ACV-0000175047","","32","","Unknown","Driver","Not Applicable","Not Applicable","Parked","Car","Unknown","1","Unknown","Unknown"
"CR-0000085532","ACV-0000175048","","0","","Unknown","Driver","Impairment Not Known","Unknown","Unknown","Unknown","Unknown","1","Unknown","Unknown"
"CR-0000085533","ACV-0000175049","","0","","Moderate","Driver","Impairment Not Known","West","Making U-Turn","Car","Other Violation","1","22107","Unsafe Turn Movement"
"CR-0000085533","ACV-0000175050","","0","","Moderate","Parked","Not Applicable","Not Applicable","Parked","Panel Truck","Unknown","1","Not Applicable","Not Applicable"
"CR-0000085534","ACV-0000175051","F","24","","Major","Driver","Had Not Been Drinking","South","Proceeding Straight","Car","Inattention","1","00001","Other Improper Driving"
"CR-0000085534","ACV-0000175052","","0","","Major","Parked","Not Applicable","Not Applicable","Parked","Car","Unknown","1","Not Applicable","Not Applicable"
"CR-0000085534","ACV-0000175053","","0","","Minor","Driver","Not Applicable","Not Applicable","Parked","Panel Truck","Unknown","1","Not Applicable","Not Applicable"
"CR-0000085535","ACV-0000175054","M","32","","Moderate","Driver","Impairment Not Known","North","Making Left Turn","Car","Other Violation","1","22350","Speeding"
"CR-0000085535","ACV-0000175055","","0","","Moderate","Parked","Not Applicable","Not Applicable","Parked","Car","Unknown","1","Not Applicable","Not Applicable"
"CR-0000085536","ACV-0000175056","M","51","","Minor","Driver","Had Been Drinking - Under Influence","South","Ran Off Road","Car","Other Violation","1","23152","Driving Drunk"
"CR-0000085537","ACV-0000175057","","0","","Major","Driver","Impairment Not Known","South","Proceeding Straight","Car","Other Violation","1","21657","Going Wrong Way"
"CR-0000085537","ACV-0000175058","M","53","","Major","Driver","Impairment Not Known","East","Proceeding Straight","Car","None Apparent","1","Not Applicable","Not Applicable"