"CrashName","Name","Sex","Age","Speed","VehicleDamage","PartyCategory","Sobriety","VehicleDirection","MovementPrecedingCollision","PartyType","OtherAssociatedFactor","VehicleCount","ViolationCode","ViolationCodeDescription"
"CR-0000085538","ACV-0000175059","M","28","","Minor","Driver","Impairment Not Known","East","Proceeding Straight","Emergency Vehicle","Vision Obscurement","1","Unknown","Unknown"
"CR-0000085538","ACV-0000175060","M","53","","Minor","Driver","Impairment Not Known","North","Proceeding Straight","Panel Truck","Vision Obscurement","1","Not Applicable","Not Applicable"
"CR-0000085539","ACV-0000175061","M","56","","None","Driver","Had Not Been Drinking","South","Proceeding Straight","Car","Other Violation","1","22450","Fail Stop/Sign"
"CR-0000085539","ACV-0000175062","F","50","","Not Applicable","Bicycle","Had Not Been Drinking","West","Proceeding Straight","Bicycle","Other Violation","1","Not Applicable","Not Applicable"
"CR-0000085540","ACV-0000175063","F","39","","Minor","Driver","Had Not Been Drinking","South","Making Left Turn","Car","Vision Obscurement","1","21801","Yield Left Turn"
"CR-0000085540","ACV-0000175064","M","33","","Minor","Driver","Had Not Been Drinking","West","Proceeding Straight","Motorcycle/Moped","None Apparent","1","Not Applicable","Not Applicable"
"CR-0000085541","ACV-0000175065","F","26","","Minor","Driver","Impairment Not Known","West","Proceeding Straight","Emergency Vehicle","Stop And Go Traffic","1","Unknown","Unknown"
"CR-0000085541","ACV-0000175066","M","33","","Minor","Driver","Impairment Not Known","West","Slowing/Stopping","Car","Stop And Go Traffic","1","Not Applicable","Not Applicable"
"CR-0000085542","ACV-0000175067","","0","","Unknown","Driver","Impairment Not Known","West","Proceeding Straight","Car","Other Violation","1","Not Applicable","Not Applicable"
"CR-0000085542","ACV-0000175068","M","37","","Minor","Bicycle","Had Not Been Drinking","West","Making Left Turn","Bicycle","Other Violation","1","21954","Pedestrian Yield Car"
"CR-0000085543","ACV-0000175069","","0","","Unknown","Driver","Impairment Not Known","North","Entering Traffic","Car","Other Violation","1","22450","Fail Stop/Sign"
"CR-0000085543","ACV-0000175070","M","56","","Major","Driver","Had Not Been Drinking","West","Proceeding Straight","Car","Unknown","1","Not Applicable","Not Applicable"
"CR-0000085544","ACV-0000175071","F","40","","Moderate","Driver","Had Been Drinking - Under Influence","North","Proceeding Straight","Car","Under Influence","1","22350","Speeding"
"CR-0000085544","ACV-0000175072","M","43","","Minor","Driver","Had Not Been Drinking","North","Stopped","Car","None Apparent","1","Not Applicable","Not Applicable"
"CR-0000085545","ACV-0000175073","M","59","","Major","Driver","Had Not Been Drinking","West","Proceeding Straight","Panel Truck","Other Violation","1","22350","Speeding"
"CR-0000085545","ACV-0000175074","M","56","","Moderate","Driver","Had Not Been Drinking","West","Stopped","Panel Truck","Unknown","1","Not Applicable","Not Applicable"
"CR-0000085545","ACV-0000175075","F","39","","Moderate","Driver","Had Not Been Drinking","West","Stopped","Car","Unknown","1","Not Applicable","Not Applicable"
"CR-0000085546","ACV-0000175076","M","33","","None","Driver","Had Not Been Drinking","East","Proceeding Straight","Car","Inattention","1","Unknown","Unknown"
"CR-0000085546","ACV-0000175077","","0","","None","Parked","Not Applicable","Not Applicable","Parked","Car","Unknown","1","Unknown","Unknown"
"CR-0000085547","ACV-0000175078","M","27","","Moderate","Driver","Had Not Been Drinking","West","Proceeding Straight","Car","Other Violation","1","22350","Speeding"
"CR-0000085547","ACV-0000175079","M","46","","Moderate","Driver","Had Not Been Drinking","South","Proceeding Straight","Car","None Apparent","1","Not Applicable","Not Applicable"
"CR-0000085548","ACV-0000175080","F","66","","Unknown","Driver","Impairment Not Known","West","Proceeding Straight","Car","Unknown","1","22450","Fail Stop/Sign"
"CR-0000085548","ACV-0000175081","M","27","","Minor","Driver","Impairment Not Known","North","Proceeding Straight","Car","Unknown","1","Not Applicable","Not Applicable"
"CR-0000085549","ACV-0000175082","","0","","Unknown","Driver","Impairment Not Known","Unknown","Other Unsafe Turning","Unknown","Unknown","1","Unknown","Unknown"
"CR-0000085549","ACV-0000175083","","0","","Unknown","Parked","Not Applicable","Not Applicable","Parked","Car","Unknown","1","Unknown","Unknown"
"CR-0000085550","ACV-0000175084","M","50","","Minor","Driver","Had Not Been Drinking","North","Proceeding Straight","Car","None Apparent","1","22350","Speeding"
"CR-0000085550","ACV-0000175085","","77","","Minor","Driver","Had Not Been Drinking","North","Stopped","Car","None Apparent","1","Not Applicable","Not Applicable"
"CR-0000085551","ACV-0000175086","","0","","Unknown","Driver","Impairment Not Known","South","Making U-Turn","Car","Other Violation","1","22106","Unsafe Backing"
"CR-0000085551","ACV-0000175087","M","74","","Moderate","Driver","Had Not Been Drinking","South","Proceeding Straight","Car","Unknown","1","Not Applicable","Not Applicable"
"CR-0000085552","ACV-0000175088","M","41","","None","Driver","Had Not Been Drinking","North","Making Left Turn","Panel Truck","None Apparent","1","21950","Yield Pedestrian In Crosswalk"
"CR-0000085552","ACV-0000175089","M","17","","Not Applicable","Pedestrian","Impairment Not Known","South","Proceeding Straight","Pedestrian","None Apparent","1","Not Applicable","Not Applicable"
"CR-0000085553","ACV-0000175090","M","27","","Totaled","Driver","Had Not Been Drinking","South","Proceeding Straight","Car","None Apparent","1","22350","Speeding"
"CR-0000085553","ACV-0000175091","","0","","Moderate","Parked","Not Applicable","Not Applicable","Parked","Car","None Apparent","1","Not Applicable","Not Applicable"
"CR-0000085554","ACV-0000175092","M","34","","Not Applicable","Pedestrian","Had Been Drinking - Under Influence","North","Entering Traffic","Pedestrian","None Apparent","1","21954","Pedestrian Yield Car"
"CR-0000085554","ACV-0000175093","","29","","None","Driver","Had Not Been Drinking","West","Proceeding Straight","Panel Truck","None Apparent","1","Not Applicable","Not Applicable"
"CR-0000085555","ACV-0000175094","","0","","Unknown","Driver","Impairment Not Known","North","Changing Lanes","Car","Other Violation","1","22107","Unsafe Turn Movement"
"CR-0000085555","ACV-0000175095","M","26","","Moderate","Driver","Impairment Not Known","North","Proceeding Straight","Car","Unknown","1","Not Applicable","Not Applicable"
"CR-0000085556","ACV-0000175096","","0","","Major","Driver","Impairment Not Known","North","Proceeding Straight","Car","Other Violation","1","22350","Speeding"
"CR-0000085556","ACV-0000175097","","0","","Moderate","Parked","Not Applicable","Not Applicable","Parked","Panel Truck","None Apparent","1","Not Applicable","Not Applicable"
"CR-0000085556","ACV-0000175098","","0","","Minor","Parked","Not Applicable","Not Applicable","Parked","Car","None Apparent","1","Not Applicable","Not Applicable"
"CR-0000085557","ACV-0000175099","M","78","","Moderate","Driver","Had Not Been Drinking","North","Proceeding Straight","Car","Inattention","1","Unknown","Unknown"
"CR-0000085557","ACV-0000175100","F","62","","Major","Driver","Had Not Been Drinking","East","Proceeding Straight","Car","Inattention","1","Unknown","Unknown"
"CR-0000085558","ACV-0000175101","","0","","Unknown","Driver","Impairment Not Known","North","Proceeding Straight","Car","Other Violation","1","21453","Run Red Light"
"CR-0000085558","ACV-0000175102","F","48","","Minor","Driver","Had Been Drinking - Not Under Influence","North","Stopped","Car","Unknown","1","Not Applicable","Not Applicable"
"CR-0000085559","ACV-0000175103","M","34","","Minor","Driver","Impairment Not Known","West","Passing Other Vehicles","Car","Other Violation","1","22350","Speeding"
"CR-0000085559","ACV-0000175104","M","50","","Minor","Driver","Impairment Not Known","West","Stopped","Car","Unknown","1","Not Applicable","Not Applicable"
"CR-0000085560","ACV-0000175105","","0","","Unknown","Driver","Impairment Not Known","East","Backing","Panel Truck","Other Violation","1","22106","Unsafe Backing"
"CR-0000085560","ACV-0000175106","","0","","Moderate","Parked","Not Applicable","Not Applicable","Parked","Car","Unknown","1","Not Applicable","Not Applicable"
"CR-0000085561","ACV-0000175107","F","20","","Unknown","Driver","Impairment Not Known","North","Proceeding Straight","Car","Other Violation","1","22107","Unsafe Turn Movement"
"CR-0000085561","ACV-0000175108","","0","","Minor","Parked","Not Applicable","Not Applicable","Parked","Car","None Apparent","1","Not Applicable","Not Applicable"
"CR-0000085562","ACV-0000175109","F","18","","Minor","Driver","Impairment Not Known","West","Proceeding Straight","Car","None Apparent","1","22350","Speeding"
"CR-0000085562","ACV-0000175110","F","0","","Minor","Driver","Impairment Not Known","West","Slowing/Stopping","Car","None Apparent","1","Not Applicable","Not Applicable"
"CR-0000085563","ACV-0000175111","","0","","Unknown","Driver","Impairment Not Known","West","Proceeding Straight","Car","Unknown","1","Unknown","Unknown"
"CR-0000085563","ACV-0000175112","M","23","","Unknown","Driver","Impairment Not Known","West","Stopped","Car","Unknown","1","Unknown","Unknown"
"CR-0000085564","ACV-0000175113","M","57","","Moderate","Driver","Had Been Drinking - Under Influence","South","Proceeding Straight","Car","Other Violation","1","22350","Speeding"
"CR-0000085564","ACV-0000175114","","0","","Minor","Parked","Not Applicable","Not Applicable","Parked","Car","None Apparent","1","Not Applicable","Not Applicable"
"CR-0000085565","ACV-0000175115","","0","","Moderate","Driver","Impairment Not Known","North","Proceeding Straight","Car","Other Violation","1","22350","Speeding"
"CR-0000085565","ACV-0000175116","","0","","Moderate","Parked","Not Applicable","Not Applicable","Parked","Car","Unknown","1","Not Applicable","Not Applicable"
"CR-0000085566","ACV-0000175117","","27","","Unknown","Parked","Not Applicable","Not Applicable","Parked","Car","Unknown","1","Unknown","Unknown"
"CR-0000085566","ACV-0000175118","","0","","Unknown","Driver","Impairment Not Known","Unknown","Unknown","Unknown","Unknown","1","Unknown","Unknown"
"CR-0000085567","ACV-0000175119","M","50","","Unknown","Driver","Impairment Not Known","East","Proceeding Straight","Car","Unknown","1","Unknown","Unknown"
"CR-0000085567","ACV-0000175120","","0","","Unknown","Driver","Impairment Not Known","North","Entering Traffic","Panel Truck","Unknown","1","Unknown","Unknown"
"CR-0000085568","ACV-0000175121","F","30","","Major","Driver","Impairment Not Known","West","Proceeding Straight","Car","None Apparent","1","21453","Run Red Light"
"CR-0000085568","ACV-0000175122","M","52","","Major","Driver","Impairment Not Known","North","Proceeding Straight","Car","None Apparent","1","Not Applicable","Not Applicable"
"CR-0000085569","ACV-0000175123","M","19","","Major","Driver","Had Not Been Drinking","East","Proceeding Straight","Panel Truck","Inattention","1","22350","Speeding"
"CR-0000085570","ACV-0000175124","F","25","","Major","Driver","Sleepy/Fatigued","South","Traveling Wrong Way","Car","None Apparent","1","21651","Divided Highway"
"CR-0000085570","ACV-0000175125","","0","","Major","Parked","Not Applicable","Not Applicable","Parked","Car","None Apparent","1","Not Applicable","Not Applicable"
"CR-0000085570","ACV-0000175126","","0","","Minor","Parked","Not Applicable","Not Applicable","Parked","Panel Truck","None Apparent","1","Not Applicable","Not Applicable"
"CR-0000085571","ACV-0000175127","","0","","Unknown","Driver","Impairment Not Known","East","Proceeding Straight","Car","Other Violation","1","21453","Run Red Light"
"CR-0000085571","ACV-0000175128","M","39","","Moderate","Driver","Impairment Not Known","North","Proceeding Straight","Car","None Apparent","1","Not Applicable","Not Applicable"
"CR-0000085572","ACV-0000175129","M","78","","Moderate","Driver","Had Not Been Drinking","East","Proceeding Straight","Car","None Apparent","1","22350","Speeding"
"CR-0000085573","ACV-0000175130","M","19","","Major","Driver","Impairment Not Known","South","Changing Lanes","Car","Other Violation","1","22350","Speeding"
"CR-0000085574","ACV-0000175131","M","54","","Major","Driver","Had Been Drinking - Under Influence","South","Proceeding Straight","Car","Other Violation","1","21658","Unsafe Lane Change"
"CR-0000085574","ACV-0000175132","F","34","","Major","Driver","Had Not Been Drinking","South","Proceeding Straight","Car","Unknown","1","Not Applicable","Not Applicable"
"CR-0000085575","ACV-0000175133","F","67","","Minor","Driver","Impairment Not Known","East","Proceeding Straight","Car","Unknown","1","22350","Speeding"
"CR-0000085576","ACV-0000175134","M","42","","Major","Driver","Had Been Drinking - Under Influence","West","Proceeding Straight","Car","Other Violation","1","23152","Driving Drunk"
"CR-0000085577","ACV-0000175135","F","62","","Unknown","Driver","Impairment Not Known","Unknown","Stopped","Car","Unknown","1","Unknown","Unknown"
"CR-0000085577","ACV-0000175136","","0","","Unknown","Driver","Impairment Not Known","Unknown","Proceeding Straight","Car","Unknown","1","Unknown","Unknown"
"CR-0000085578","ACV-0000175137","","0","","Unknown","Parked","Not Applicable","Not Applicable","Parked","Car","Unknown","1","Unknown","Unknown"
"CR-0000085578","ACV-0000175138","","0","","Unknown","Driver","Impairment Not Known","Unknown","Unknown","Car","Unknown","1","Unknown","Unknown"
"CR-0000085579","ACV-0000175139","","0","","Unknown","Parked","Not Applicable","Not Applicable","Parked","Car","Unknown","1","Unknown","Unknown"
"CR-0000085579","ACV-0000175140","","0","","Unknown","Driver","Impairment Not Known","Unknown","Unknown","Car","Unknown","1","Unknown","Unknown"
"CR-0000085580","ACV-0000175141","M","33","","Unknown","Driver","Impairment Not Known","East","Stopped","Car","Unknown","1","Unknown","Unknown"
"CR-0000085580","ACV-0000175142","","0","","Unknown","Driver","Impairment Not Known","East","Making Right Turn","Car","Unknown","1","Unknown","Unknown"
"CR-0000085581","ACV-0000175143","","0","","Unknown","Parked","Not Applicable","Not Applicable","Parked","Car","Unknown","1","Unknown","Unknown"
"CR-0000085581","ACV-0000175144","","0","","Unknown","Parked","Not Applicable","Not Applicable","Parked","Car","Unknown","1","Unknown","Unknown"
"CR-0000085581","ACV-0000175145","","0","","Unknown","Driver","Impairment Not Known","Unknown","Unknown","Car","Unknown","1","Unknown","Unknown"
"CR-0000085582","ACV-0000175146","","0","","Moderate","Driver","Impairment Not Known","East","Proceeding Straight","Car","Other Violation","1","22350","Speeding"
"CR-0000085582","ACV-0000175147","M","67","","Minor","Driver","Had Not Been Drinking","East","Proceeding Straight","Panel Truck","Unknown","1","Not Applicable","Not Applicable"
"CR-0000085583","ACV-0000175148","","0","","Unknown","Driver","Impairment Not Known","South","Backing","Car","Unknown","1","Unknown","Unknown"
"CR-0000085583","ACV-0000175149","","0","","Unknown","Parked","Not Applicable","Not Applicable","Parked","Car","Unknown","1","Unknown","Unknown"
"CR-0000085584","ACV-0000175150","","0","","Unknown","Driver","Impairment Not Known","West","Proceeding Straight","Car","Other Violation","1","Unknown","Unknown"
"CR-0000085584","ACV-0000175151","F","61","","Moderate","Driver","Had Not Been Drinking","South","Proceeding Straight","Car","Inattention","1","Not Applicable","Not Applicable"
"CR-0000085585","ACV-0000175152","M","37","","Minor","Driver","Had Not Been Drinking","West","Making Left Turn","Car","Other Violation","1","21453","Run Red Light"
"CR-0000085585","ACV-0000175153","F","30","","Moderate","Driver","Had Not Been Drinking","North","Proceeding Straight","Car","None Apparent","1","Not Applicable","Not Applicable"
"CR-0000085585","ACV-0000175154","F","34","","Unknown","Driver","Had Not Been Drinking","South","Stopped","Car","None Apparent","1","Not Applicable","Not Applicable"
"CR-0000085586","ACV-0000175155","M","28","","Major","Driver","Impairment Not Known","East","Proceeding Straight","Car","Inattention","1","21703","Follow Too Closely"
"CR-0000085586","ACV-0000175156","M","46","","Minor","Driver","Impairment Not Known","East","Proceeding Straight","Car","Unknown","1","Not Applicable","Not Applicable"
"CR-0000085587","ACV-0000175157","F","52","","Moderate","Driver","Had Not Been Drinking","North","Merging","Car","Entering/Leaving Ramp","1","21804","Yield From Driveway/Curb"
"CR-0000085587","ACV-0000175158","M","22","","Minor","Driver","Had Not Been Drinking","North","Proceeding Straight","Car","None Apparent","1","Not Applicable","Not Applicable"
"CR-0000085588","ACV-0000175159","F","47","","None","Driver","Had Not Been Drinking","East","Backing","Car","Vision Obscurement","1","21952","Right Of Way/Sidewalk"
"CR-0000085588","ACV-0000175160","M","2","","Not Applicable","Pedestrian","Not Applicable","North","Other (Ped)","Scooter Non-Motorized","Inattention","1","Not Applicable","Not Applicable"
"CR-0000085589","ACV-0000175161","M","25","","Major","Driver","Had Been Drinking - Under Influence","South","Making Left Turn","Car","Under Influence","1","22350","Speeding"
"CR-0000085589","ACV-0000175162","","0","","Moderate","Parked","Not Applicable","Not Applicable","Parked","Car","None Apparent","1","Not Applicable","Not Applicable"
"CR-0000085589","ACV-0000175163","","0","","Minor","Parked","Not Applicable","Not Applicable","Parked","Car","None Apparent","1","Not Applicable","Not Applicable"
"CR-0000085590","ACV-0000175164","","0","","Unknown","Parked","Not Applicable","Not Applicable","Parked","Car","Unknown","1","Unknown","Unknown"
"CR-0000085590","ACV-0000175165","","0","","Unknown","Driver","Impairment Not Known","Unknown","Unknown","Unknown","Unknown","1","Unknown","Unknown"
"CR-0000085591","ACV-0000175166","M","50","","Unknown","Driver","Impairment Not Known","East","Stopped","Car","Unknown","1","Unknown","Unknown"
"CR-0000085591","ACV-0000175167","M","25","","Unknown","Driver","Impairment Not Known","East","Passing Other Vehicles","Car","Unknown","1","Unknown","Unknown"
"CR-0000085592","ACV-0000175168","F","29","","Major","Driver","Had Not Been Drinking","North","Making Left Turn","Car","None Apparent","1","21451","Failure To Go On Green/Arrow"
"CR-0000085592","ACV-0000175169","M","56","","Major","Driver","Had Not Been Drinking","South","Proceeding Straight","Car","None Apparent","1","Not Applicable","Not Applicable"
"CR-0000085593","ACV-0000175170","M","54","","Minor","Driver","Had Not Been Drinking","West","Proceeding Straight","Panel Truck","Unknown","1","Unknown","Unknown"
"CR-0000085593","ACV-0000175171","F","31","","Moderate","Driver","Had Not Been Drinking","West","Proceeding Straight","Car","Unknown","1","Not Applicable","Not Applicable"
"CR-0000085594","ACV-0000175172","M","18","","Major","Driver","Had Not Been Drinking","North","Proceeding Straight","Panel Truck","Inattention","1","21801","Yield Left Turn"
"CR-0000085594","ACV-0000175173","","62","","Major","Driver","Had Not Been Drinking","West","Proceeding Straight","Panel Truck","None Apparent","1","Not Applicable","Not Applicable"
"CR-0000085595","ACV-0000175174","M","29","","Major","Driver","Had Not Been Drinking","East","Proceeding Straight","Car","Inattention","1","21802","Yield Stop Sign"
"CR-0000085595","ACV-0000175175","F","62","","Major","Driver","Had Not Been Drinking","North","Proceeding Straight","Car","None Apparent","1","Not Applicable","Not Applicable"
"CR-0000085595","ACV-0000175176","M","81","","Moderate","Driver","Had Not Been Drinking","West","Proceeding Straight","Car","None Apparent","1","Not Applicable","Not Applicable"
"CR-0000085596","ACV-0000175177","F","31","","Moderate","Driver","Had Been Drinking - Impairment Unknown","East","Proceeding Straight","Car","None Apparent","1","Unknown","Unknown"
"CR-0000085596","ACV-0000175178","M","45","","Moderate","Driver","Had Not Been Drinking","South","Proceeding Straight","Car","None Apparent","1","Not Applicable","Not Applicable"
"CR-0000085597","ACV-0000175179","F","53","","Major","Driver","Impairment Not Known","East","Proceeding Straight","Car","None Apparent","1","Unknown","Unknown"
"CR-0000085597","ACV-0000175180","M","68","","Major","Driver","Impairment Not Known","West","Making Left Turn","Car","Entering/Leaving Ramp","1","Not Applicable","Not Applicable"
"CR-0000085599","ACV-0000175181","","0","","Major","Driver","Impairment Not Known","South","Ran Off Road","Car","Other Violation","1","22107","Unsafe Turn Movement"
"CR-0000085600","ACV-0000175182","","0","","Major","Driver","Impairment Not Known","West","Proceeding Straight","Car","Other Violation","1","22350","Speeding"
"CR-0000085600","ACV-0000175183","","0","","Moderate","Parked","Not Applicable","Not Applicable","Parked","Car","None Apparent","1","Not Applicable","Not Applicable"
"CR-0000085601","ACV-0000175184","M","32","","Major","Driver","Impairment Not Known","East","Proceeding Straight","Car","Unknown","1","21800","Yield Uncontrolled Intersection"
"CR-0000085601","ACV-0000175185","F","39","","Major","Driver","Impairment Not Known","South","Stopped","Car","Entering/Leaving Ramp","1","Not Applicable","Not Applicable"
"CR-0000085602","ACV-0000175186","","0","","Moderate","Driver","Impairment Not Known","West","Making Left Turn","Car","Other Violation","1","22350","Speeding"
"CR-0000085602","ACV-0000175187","","0","","Major","Parked","Not Applicable","Not Applicable","Parked","Car","None Apparent","1","Not Applicable","Not Applicable"
"CR-0000085603","ACV-0000175188","M","33","","Minor","Driver","Had Been Drinking - Under Influence","North","Proceeding Straight","Car","None Apparent","1","21453","Run Red Light"
"CR-0000085603","ACV-0000175189","M","56","","Minor","Driver","Had Not Been Drinking","West","Proceeding Straight","Car","None Apparent","1","Not Applicable","Not Applicable"
"CR-0000085604","ACV-0000175190","","0","","Minor","Driver","Impairment Not Known","South","Backing","Car","Other Violation","1","Unknown","Unknown"
"CR-0000085604","ACV-0000175191","M","21","","Minor","Driver","Had Not Been Drinking","North","Proceeding Straight","Car","None Apparent","1","Unknown","Unknown"
"CR-0000085605","ACV-0000175192","","0","","Unknown","Driver","Impairment Not Known","East","Entering Traffic","Car","Other Violation","1","21804","Yield From Driveway/Curb"
"CR-0000085605","ACV-0000175193","F","45","","Major","Driver","Had Not Been Drinking","South","Proceeding Straight","Car","None Apparent","1","Not Applicable","Not Applicable"
"CR-0000085606","ACV-0000175194","M","36","","Unknown","Driver","Impairment Not Known","East","Stopped","Car","Unknown","1","Unknown","Unknown"
"CR-0000085606","ACV-0000175195","M","41","","Unknown","Driver","Impairment Not Known","South","Making Left Turn","Panel Truck","Unknown","1","Unknown","Unknown"
"CR-0000085607","ACV-0000175196","F","26","","Moderate","Driver","Impairment Not Known","East","Proceeding Straight","Car","None Apparent","1","21453","Run Red Light"
"CR-0000085607","ACV-0000175197","M","34","","Moderate","Driver","Impairment Not Known","West","Making Left Turn","Car","None Apparent","1","Not Applicable","Not Applicable"
"CR-0000085608","ACV-0000175198","","0","","Major","Driver","Impairment Not Known","South","Making Left Turn","Car","Other Violation","1","22350","Speeding"
"CR-0000085609","ACV-0000175199","M","44","","Major","Driver","Had Not Been Drinking","South","Proceeding Straight","Car","None Apparent","1","Not Applicable","Not Applicable"
"CR-0000085609","ACV-0000175200","F","67","","Not Applicable","Pedestrian","Had Not Been Drinking","West","Other (Ped)","Pedestrian","Other Violation","1","21456","Pedestrian Don't Walk"
"CR-0000085610","ACV-0000175201","M","0","","Unknown","Driver","Impairment Not Known","Unknown","Proceeding Straight","Car","Unknown","1","Unknown","Unknown"
"CR-0000085610","ACV-0000175202","M","32","","Unknown","Driver","Impairment Not Known","Unknown","Stopped","Car","Unknown","1","Unknown","Unknown"
"CR-0000085611","ACV-0000175203","","0","","Minor","Driver","Impairment Not Known","South","Backing","Car","Other Violation","1","22106","Unsafe Backing"
"CR-0000085611","ACV-0000175204","","0","","Minor","Parked","Not Applicable","North","Parked","Car","Unknown","1","Not Applicable","Not Applicable"
"CR-0000085612","ACV-0000175205","","0","","Unknown","Driver","Impairment Not Known","North","Making Left Turn","Car","Other Violation","1","Unknown","Unknown"
"CR-0000085612","ACV-0000175206","M","26","","Moderate","Driver","Impairment Not Known","East","Making Left Turn","Panel Truck","Unknown","1","Unknown","Unknown"
"CR-0000085613","ACV-0000175207","","0","","Major","Driver","Impairment Not Known","North","Making Left Turn","Car","Other Violation","1","23103","Reckless Driving 2"
"CR-0000085614","ACV-0000175208","","0","","Unknown","Parked","Not Applicable","Not Applicable","Parked","Car","Unknown","1","Unknown","Unknown"
"CR-0000085614","ACV-0000175209","","0","","Unknown","Driver","Impairment Not Known","Unknown","Unknown","Unknown","Unknown","1","Unknown","Unknown"
"CR-0000085615","ACV-0000175210","M","76","","Major","Driver","Had Not Been Drinking","North","Proceeding Straight","Car","None Apparent","1","21453","Run Red Light"
"CR-0000085615","ACV-0000175211","F","19","","Major","Driver","Had Not Been Drinking","South","Making Left Turn","Car","None Apparent","1","Not Applicable","Not Applicable"
"CR-0000085616","ACV-0000175212","M","56","","Moderate","Driver","Had Not Been Drinking","East","Making Left Turn","Car","None Apparent","1","21800","Yield Uncontrolled Intersection"
"CR-0000085616","ACV-0000175213","M","27","","Moderate","Driver","Impairment Not Known","South","Proceeding Straight","Car","None Apparent","1","Not Applicable","Not Applicable"
"CR-0000085617","ACV-0000175214","M","27","","Major","Driver","Impairment Not Known","East","Proceeding Straight","Car","Speeding","1","22107","Unsafe Turn Movement"
"CR-0000085618","ACV-0000175215","M","29","","Major","Driver","Impairment Not Known","North","Ran Off Road","Car","Unknown","1","22350","Speeding"
"CR-0000085619","ACV-0000175216","M","18","","Minor","Driver","Had Been Drinking - Not Under Influence","South","Proceeding Straight","Panel Truck","None Apparent","1","21804","Yield From Driveway/Curb"
"CR-0000085619","ACV-0000175217","M","45","","Minor","Driver","Had Been Drinking - Not Under Influence","West","Stopped","Car","None Apparent","1","Not Applicable","Not Applicable"
"CR-0000085620","ACV-0000175218","F","41","","Moderate","Driver","Had Not Been Drinking","West","Proceeding Straight","Car","None Apparent","1","22350","Speeding"
"CR-0000085620","ACV-0000175219","M","65","","Moderate","Driver","Had Not Been Drinking","West","Proceeding Straight","Car","None Apparent","1","Not Applicable","Not Applicable"
"CR-0000085621","ACV-0000175220","M","34","","Major","Driver","Had Not Been Drinking","West","Proceeding Straight","Car","None Apparent","1","21453","Run Red Light"
"CR-0000085621","ACV-0000175221","F","32","","Moderate","Driver","Had Not Been Drinking","North","Making Left Turn","Car","None Apparent","1","Not Applicable","Not Applicable"
"CR-0000085623","ACV-0000175224","M","45","","Moderate","Driver","Had Not Been Drinking","South","Proceeding Straight","Car","Unknown","1","21800","Yield Uncontrolled Intersection"
"CR-0000085623","ACV-0000175225","M","61","","Moderate","Driver","Had Not Been Drinking","West","Making Left Turn","Car","Unknown","1","Not Applicable","Not Applicable"
"CR-0000085624","ACV-0000175226","","0","","Major","Driver","Impairment Not Known","East","Passing Other Vehicles","Car","Other Violation","1","21750","Passing On Left"
"CR-0000085624","ACV-0000175227","M","57","","Major","Driver","Impairment Not Known","East","Making Left Turn","Car","Unknown","1","Not Applicable","Not Applicable"
"CR-0000085625","ACV-0000175228","F","41","","Major","Driver","Had Not Been Drinking","North","Proceeding Straight","Car","Speeding","1","21800","Yield Uncontrolled Intersection"
"CR-0000085625","ACV-0000175229","F","40","","Major","Driver","Had Not Been Drinking","East","Proceeding Straight","Car","Speeding","1","21800","Yield Uncontrolled Intersection"
"CR-0000085626","ACV-0000175230","M","31","","None","Driver","Had Not Been Drinking","South","Making Left Turn","Panel Truck","Unknown","1","21950","Yield Pedestrian In Crosswalk"
"CR-0000085626","ACV-0000175231","F","26","","Not Applicable","Pedestrian","Had Not Been Drinking","North","Proceeding Straight","Pedestrian","Unknown","1","Not Applicable","Not Applicable"
"CR-0000085627","ACV-0000175232","","0","","Unknown","Driver","Impairment Not Known","North","Proceeding Straight","Car","Other Violation","1","22107","Unsafe Turn Movement"
"CR-0000085627","ACV-0000175233","","0","","Moderate","Parked","Not Applicable","Not Applicable","Parked","Panel Truck","Unknown","1","Not Applicable","Not Applicable"
"CR-0000085628","ACV-0000175234","M","23","","Major","Driver","Impairment Not Known","East","Proceeding Straight","Car","None Apparent","1","22350","Speeding"
"CR-0000085628","ACV-0000175235","F","24","","Major","Driver","Impairment Not Known","East","Stopped","Car","None Apparent","1","Not Applicable","Not Applicable"
"CR-0000085628","ACV-0000175236","M","32","","None","Driver","Impairment Not Known","East","Proceeding Straight","Car","None Apparent","1","Not Applicable","Not Applicable"
"CR-0000085628","ACV-0000175237","M","81","","Major","Driver","Impairment Not Known","East","Proceeding Straight","Panel Truck","None Apparent","1","Not Applicable","Not Applicable"
"CR-0000085629","ACV-0000175238","F","27","","Moderate","Driver","Impairment Not Known","North","Proceeding Straight","Car","None Apparent","1","21453","Run Red Light"
"CR-0000085629","ACV-0000175239","F","36","","Moderate","Driver","Impairment Not Known","West","Proceeding Straight","Car","None Apparent","1","Not Applicable","Not Applicable"
"CR-0000085630","ACV-0000175240","F","35","","Major","Driver","Had Not Been Drinking","North","Proceeding Straight","Car","None Apparent","1","22350","Speeding"
"CR-0000085630","ACV-0000175241","F","39","","Minor","Driver","Had Not Been Drinking","North","Stopped","Car","None Apparent","1","Not Applicable","Not Applicable"
"CR-0000085630","ACV-0000175242","M","43","","Major","Driver","Had Not Been Drinking","North","Stopped","Car","None Apparent","1","Not Applicable","Not Applicable"
"CR-0000085631","ACV-0000175243","M","0","","Moderate","Driver","Had Not Been Drinking","South","Proceeding Straight","Car","None Apparent","1","22350","Speeding"