"CrashName","Name","Sex","Age","Speed","VehicleDamage","PartyCategory","Sobriety","VehicleDirection","MovementPrecedingCollision","PartyType","OtherAssociatedFactor","VehicleCount","ViolationCode","ViolationCodeDescription"
"CR-0000085631","ACV-0000175244","F","0","","Minor","Driver","Had Not Been Drinking","West","Proceeding Straight","Car","None Apparent","1","Not Applicable","Not Applicable"
"CR-0000085632","ACV-0000175245","M","22","","Moderate","Driver","Had Not Been Drinking","North","Proceeding Straight","Car","Unknown","1","22350","Speeding"
"CR-0000085633","ACV-0000175246","M","45","","Unknown","Driver","Impairment Not Known","South","Making U-Turn","Car","Other Violation","1","22102","U-Turn Business District"
"CR-0000085633","ACV-0000175247","M","50","","Moderate","Driver","Had Not Been Drinking","South","Proceeding Straight","Car","Unknown","1","Not Applicable","Not Applicable"
"CR-0000085634","ACV-0000175248","","0","","Not Applicable","Bicycle","Impairment Not Known","North","Traveling Wrong Way","Bicycle","Other Violation","1","21651","Divided Highway"
"CR-0000085634","ACV-0000175249","F","51","","Unknown","Bicycle","Impairment Not Known","South","Proceeding Straight","Bicycle","Inattention","1","Not Applicable","Not Applicable"
"CR-0000085635","ACV-0000175250","F","25","","Major","Driver","Had Not Been Drinking","South","Making Right Turn","Car","Other Violation","1","22350","Speeding"
"CR-0000085636","ACV-0000175251","M","40","","Unknown","Driver","Impairment Not Known","South","Merging","Panel Truck","None Apparent","1","22107","Unsafe Turn Movement"
"CR-0000085636","ACV-0000175252","F","38","","Major","Driver","Impairment Not Known","South","Proceeding Straight","Car","None Apparent","1","Not Applicable","Not Applicable"
"CR-0000085637","ACV-0000175253","","0","","Moderate","Driver","Impairment Not Known","North","Making Right Turn","Car","Unknown","1","22350","Speeding"
"CR-0000085638","ACV-0000175254","M","21","","Major","Driver","Had Not Been Drinking","North","Proceeding Straight","Car","Inattention","1","22107","Unsafe Turn Movement"
"CR-0000085639","ACV-0000175255","F","32","","Major","Driver","Impairment Not Known","South","Proceeding Straight","Car","Speeding","1","22107","Unsafe Turn Movement"
"CR-0000085639","ACV-0000175256","M","28","","Moderate","Driver","Had Not Been Drinking","South","Slowing/Stopping","Car","None Apparent","1","Not Applicable","Not Applicable"
"CR-0000085640","ACV-0000175257","F","25","","Major","Driver","Impairment Not Known","South","Proceeding Straight","Car","Other Violation","1","22107","Unsafe Turn Movement"
"CR-0000085640","ACV-0000175258","","0","","Moderate","Parked","Not Applicable","Not Applicable","Parked","Car","None Apparent","1","Not Applicable","Not Applicable"
"CR-0000085641","ACV-0000175259","","0","","Minor","Driver","Impairment Not Known","East","Proceeding Straight","Car","Other Violation","1","22350","Speeding"
"CR-0000085641","ACV-0000175260","","0","","Minor","Parked","Not Applicable","Not Applicable","Parked","Car","Unknown","1","Not Applicable","Not Applicable"
"CR-0000085641","ACV-0000175261","","0","","Minor","Driver","Not Applicable","Not Applicable","Parked","Car","Unknown","1","Not Applicable","Not Applicable"
"CR-0000085642","ACV-0000175262","M","55","","Major","Driver","Impairment Not Known","East","Proceeding Straight","Car","Other","1","00001","Other Improper Driving"
"CR-0000085643","ACV-0000175263","F","39","","Minor","Driver","Impairment Not Known","West","Proceeding Straight","Car","Unknown","1","21651","Divided Highway"
"CR-0000085643","ACV-0000175264","F","23","","Minor","Driver","Impairment Not Known","West","Making Left Turn","Panel Truck","Unknown","1","Not Applicable","Not Applicable"
"CR-0000085644","ACV-0000175265","M","36","","Major","Driver","Had Not Been Drinking","East","Making Left Turn","Car","Unknown","1","21801","Yield Left Turn"
"CR-0000085644","ACV-0000175266","M","62","","Major","Driver","Had Not Been Drinking","West","Proceeding Straight","Panel Truck","Unknown","1","Not Applicable","Not Applicable"
"CR-0000085645","ACV-0000175267","M","30","","Minor","Driver","Had Been Drinking - Under Influence","East","Proceeding Straight","Car","Under Influence","1","22350","Speeding"
"CR-0000085645","ACV-0000175268","","0","","Minor","Parked","Not Applicable","Not Applicable","Parked","Car","Unknown","1","Not Applicable","Not Applicable"
"CR-0000085646","ACV-0000175269","M","46","","Minor","Driver","Had Not Been Drinking","West","Making Left Turn","Car","Unknown","1","21800","Yield Uncontrolled Intersection"
"CR-0000085646","ACV-0000175270","M","32","","Moderate","Driver","Had Not Been Drinking","East","Proceeding Straight","Car","Unknown","1","Not Applicable","Not Applicable"
"CR-0000085646","ACV-0000175271","","0","","Minor","Parked","Not Applicable","Not Applicable","Parked","Panel Truck","Unknown","1","Not Applicable","Not Applicable"
"CR-0000085646","ACV-0000175272","","0","","Minor","Driver","Not Applicable","Not Applicable","Parked","Car","Unknown","1","Not Applicable","Not Applicable"
"CR-0000085646","ACV-0000175273","","0","","Minor","Parked","Not Applicable","Not Applicable","Parked","Car","Unknown","1","Not Applicable","Not Applicable"
"CR-0000085647","ACV-0000175274","M","48","","Minor","Driver","Had Been Drinking - Under Influence","West","Proceeding Straight","Car","Speeding","1","23152","Driving Drunk"
"CR-0000085647","ACV-0000175275","F","27","","Minor","Driver","Had Not Been Drinking","West","Stopped","Car","None Apparent","1","Not Applicable","Not Applicable"
"CR-0000085648","ACV-0000175276","M","29","","Major","Driver","Had Not Been Drinking","South","Making Left Turn","Car","Other Violation","1","22350","Speeding"
"CR-0000085648","ACV-0000175277","","0","","Minor","Parked","Not Applicable","Not Applicable","Parked","Car","None Apparent","1","Not Applicable","Not Applicable"
"CR-0000085648","ACV-0000175278","","0","","Moderate","Parked","Not Applicable","Not Applicable","Parked","Car","None Apparent","1","Not Applicable","Not Applicable"
"CR-0000085649","ACV-0000175279","M","18","","Major","Driver","Impairment Not Known","East","Proceeding Straight","Car","Other Violation","1","22350","Speeding"
"CR-0000085650","ACV-0000175280","F","39","","Major","Driver","Had Not Been Drinking","West","Proceeding Straight","Car","Inattention","1","00001","Other Improper Driving"
"CR-0000085650","ACV-0000175281","","0","","Moderate","Driver","Not Applicable","Not Applicable","Parked","Panel Truck","Unknown","1","Not Applicable","Not Applicable"
"CR-0000085651","ACV-0000175282","F","43","","Minor","Driver","Had Not Been Drinking","East","Proceeding Straight","Car","None Apparent","1","21453","Run Red Light"
"CR-0000085651","ACV-0000175283","M","61","","Minor","Driver","Had Not Been Drinking","East","Stopped","Car","None Apparent","1","Not Applicable","Not Applicable"
"CR-0000085652","ACV-0000175284","","0","","Unknown","Driver","Impairment Not Known","West","Making Left Turn","Car","Other Violation","1","22107","Unsafe Turn Movement"
"CR-0000085652","ACV-0000175285","M","48","","Moderate","Driver","Had Not Been Drinking","West","Proceeding Straight","Panel Truck","None Apparent","1","Not Applicable","Not Applicable"
"CR-0000085653","ACV-0000175286","","0","","Major","Driver","Impairment Not Known","East","Making Left Turn","Car","Other Violation","1","22350","Speeding"
"CR-0000085653","ACV-0000175287","F","31","","Moderate","Driver","Impairment Not Known","South","Proceeding Straight","Car","Unknown","1","Not Applicable","Not Applicable"
"CR-0000085654","ACV-0000175288","M","20","","Major","Driver","Impairment Not Known","South","Ran Off Road","Car","Other Violation","1","22350","Speeding"
"CR-0000085655","ACV-0000175289","M","43","","Major","Driver","Had Been Drinking - Under Influence","East","Proceeding Straight","Car","Under Influence","1","22350","Speeding"
"CR-0000085655","ACV-0000175290","","25","","Totaled","Driver","Had Been Drinking - Under Influence","East","Making Right Turn","Car","Under Influence","1","Not Applicable","Not Applicable"
"CR-0000085655","ACV-0000175291","","0","","Major","Parked","Not Applicable","Not Applicable","Parked","Panel Truck","Unknown","1","Not Applicable","Not Applicable"
"CR-0000085656","ACV-0000175294","M","19","","Not Applicable","Bicycle","Had Not Been Drinking","East","Proceeding Straight","Bicycle","Inattention","1","21453","Run Red Light"
"CR-0000085656","ACV-0000175295","F","26","","None","Driver","Had Not Been Drinking","West","Making Left Turn","Car","Other Violation","1","Not Applicable","Not Applicable"
"CR-0000085657","ACV-0000175296","F","58","","Not Applicable","Pedestrian","Had Been Drinking - Under Influence","North","Proceeding Straight","Pedestrian","Unknown","1","21955","Crossing Controlled Intersection/Jaywalking"
"CR-0000085657","ACV-0000175297","F","47","","Unknown","Driver","Had Not Been Drinking","West","Proceeding Straight","Car","Unknown","1","Not Applicable","Not Applicable"
"CR-0000085658","ACV-0000175298","F","39","","Minor","Driver","Impairment Not Known","West","Making Right Turn","Car","Uninvolved Vehicle","1","22350","Speeding"
"CR-0000085659","ACV-0000175299","M","17","","Major","Driver","Had Been Drinking - Under Influence","East","Crossing Into Opposing Lane","Car","Unknown","1","23152","Driving Drunk"
"CR-0000085660","ACV-0000175300","","0","","Unknown","Driver","Impairment Not Known","West","Proceeding Straight","Car","Other Violation","1","22350","Speeding"
"CR-0000085660","ACV-0000175301","F","40","","Moderate","Driver","Impairment Not Known","West","Stopped","Car","None Apparent","1","Not Applicable","Not Applicable"
"CR-0000085661","ACV-0000175302","M","0","","Unknown","Driver","Impairment Not Known","East","Making Left Turn","Car","Other Violation","1","22101","Regulation Of Turns At Intersection"
"CR-0000085661","ACV-0000175303","F","30","","Minor","Driver","Had Not Been Drinking","East","Making Left Turn","Car","Unknown","1","Not Applicable","Not Applicable"
"CR-0000085662","ACV-0000175304","F","62","","Moderate","Driver","Had Not Been Drinking","South","Proceeding Straight","Train","None Apparent","1","21457","Flashing Signal"
"CR-0000085662","ACV-0000175305","M","79","","Moderate","Driver","Had Not Been Drinking","East","Proceeding Straight","Car","None Apparent","1","Not Applicable","Not Applicable"
"CR-0000085663","ACV-0000175306","M","0","","Unknown","Driver","Impairment Not Known","West","Changing Lanes","Car","Other Violation","1","22107","Unsafe Turn Movement"
"CR-0000085663","ACV-0000175307","F","22","","Moderate","Driver","Had Not Been Drinking","West","Proceeding Straight","Car","None Apparent","1","Not Applicable","Not Applicable"
"CR-0000085664","ACV-0000175308","F","27","","Major","Driver","Had Been Drinking - Under Influence","North","Proceeding Straight","Car","Speeding","1","23152","Driving Drunk"
"CR-0000085665","ACV-0000175309","F","72","","Minor","Driver","Had Not Been Drinking","North","Making Left Turn","Car","Inattention","1","22107","Unsafe Turn Movement"
"CR-0000085665","ACV-0000175310","M","39","","Major","Driver","Had Not Been Drinking","South","Proceeding Straight","Motorcycle/Moped","None Apparent","1","Not Applicable","Not Applicable"
"CR-0000085666","ACV-0000175311","M","32","","Major","Driver","Had Not Been Drinking","North","Proceeding Straight","Car","Other Violation","1","22350","Speeding"
"CR-0000085666","ACV-0000175312","M","59","","Major","Driver","Had Not Been Drinking","North","Stopped","Car","None Apparent","1","Not Applicable","Not Applicable"
"CR-0000085667","ACV-0000175313","F","32","","Minor","Driver","Had Not Been Drinking","East","Changing Lanes","Car","Other Violation","1","22107","Unsafe Turn Movement"
"CR-0000085667","ACV-0000175314","M","49","","Minor","Driver","Had Not Been Drinking","East","Proceeding Straight","Panel Truck","Other Violation","1","Not Applicable","Not Applicable"
"CR-0000085668","ACV-0000175315","M","53","","Not Applicable","Pedestrian","Impairment Not Known","East","Other (Ped)","Pedestrian","None Apparent","1","21954","Pedestrian Yield Car"
"CR-0000085668","ACV-0000175316","M","15","","Minor","Driver","Had Not Been Drinking","South","Proceeding Straight","Car","None Apparent","1","Not Applicable","Not Applicable"
"CR-0000085669","ACV-0000175317","F","36","","Minor","Driver","Had Not Been Drinking","South","Making Right Turn","Panel Truck","Inattention","1","22107","Unsafe Turn Movement"
"CR-0000085670","ACV-0000175318","M","39","","Unknown","Driver","Impairment Not Known","North","Proceeding Straight","Car","Unknown","1","Unknown","Unknown"
"CR-0000085670","ACV-0000175319","F","49","","Unknown","Driver","Impairment Not Known","West","Proceeding Straight","Car","Unknown","1","Unknown","Unknown"
"CR-0000085671","ACV-0000175320","M","25","","Major","Driver","Had Not Been Drinking","North","Backing","Car","Other Violation","1","22350","Speeding"
"CR-0000085671","ACV-0000175321","M","42","","Major","Driver","Had Not Been Drinking","South","Proceeding Straight","Car","None Apparent","1","Not Applicable","Not Applicable"
"CR-0000085672","ACV-0000175322","F","19","","Major","Driver","Had Not Been Drinking","West","Proceeding Straight","Car","Other Violation","1","21453","Run Red Light"
"CR-0000085672","ACV-0000175323","M","40","","Major","Driver","Had Not Been Drinking","South","Proceeding Straight","Car","None Apparent","1","Not Applicable","Not Applicable"
"CR-0000085672","ACV-0000175324","M","30","","Moderate","Driver","Had Not Been Drinking","East","Stopped","Semi Truck","None Apparent","1","Not Applicable","Not Applicable"
"CR-0000085673","ACV-0000175325","","0","","Unknown","Driver","Impairment Not Known","South","Proceeding Straight","Car","Other Violation","1","21801","Yield Left Turn"
"CR-0000085673","ACV-0000175326","F","46","","Minor","Driver","Impairment Not Known","North","Stopped","Car","Unknown","1","Not Applicable","Not Applicable"
"CR-0000085674","ACV-0000175327","","0","","Unknown","Driver","Impairment Not Known","East","Changing Lanes","Car","Other Violation","1","22350","Speeding"
"CR-0000085674","ACV-0000175328","F","44","","Minor","Driver","Had Not Been Drinking","East","Stopped","Car","None Apparent","1","Not Applicable","Not Applicable"
"CR-0000085675","ACV-0000175329","M","60","","Moderate","Driver","Had Been Drinking - Under Influence","North","Ran Off Road","Car","Unknown","1","23152","Driving Drunk"
"CR-0000085675","ACV-0000175330","","0","","Minor","Parked","Not Applicable","Not Applicable","Parked","Car","Unknown","1","Not Applicable","Not Applicable"
"CR-0000085675","ACV-0000175331","","0","","Minor","Parked","Not Applicable","Not Applicable","Parked","Car","Unknown","1","Not Applicable","Not Applicable"
"CR-0000085675","ACV-0000175332","","0","","Minor","Parked","Not Applicable","Not Applicable","Parked","Car","Unknown","1","Not Applicable","Not Applicable"
"CR-0000085676","ACV-0000175333","M","16","","Minor","Driver","Had Not Been Drinking","East","Proceeding Straight","Car","Inattention","1","21453","Run Red Light"
"CR-0000085676","ACV-0000175334","F","74","","Minor","Driver","Had Not Been Drinking","North","Proceeding Straight","Car","None Apparent","1","Not Applicable","Not Applicable"
"CR-0000085677","ACV-0000175335","M","44","","Minor","Driver","Had Not Been Drinking","South","Making Left Turn","Panel Truck","Speeding","1","21453","Run Red Light"
"CR-0000085677","ACV-0000175336","F","25","","Minor","Driver","Had Not Been Drinking","North","Proceeding Straight","Car","Unknown","1","Not Applicable","Not Applicable"
"CR-0000085678","ACV-0000175337","","51","","Unknown","Driver","Impairment Not Known","East","Proceeding Straight","Car","Unknown","1","Unknown","Unknown"
"CR-0000085678","ACV-0000175338","","0","","Unknown","Driver","Impairment Not Known","East","Merging","Panel Truck","Unknown","1","Unknown","Unknown"
"CR-0000085679","ACV-0000175339","","0","","Moderate","Driver","Impairment Not Known","West","Proceeding Straight","Car","Other Violation","1","22350","Speeding"
"CR-0000085679","ACV-0000175340","","0","","Moderate","Parked","Not Applicable","Not Applicable","Parked","Panel Truck","Unknown","1","Not Applicable","Not Applicable"
"CR-0000085679","ACV-0000175341","","0","","Minor","Parked","Not Applicable","Not Applicable","Parked","Car","Unknown","1","Not Applicable","Not Applicable"
"CR-0000085680","ACV-0000175342","M","52","","Major","Driver","Had Been Drinking - Under Influence","South","Passing Other Vehicles","Car","Under Influence","1","21750","Passing On Left"
"CR-0000085680","ACV-0000175343","","0","","Major","Parked","Not Applicable","Not Applicable","Parked","Car","None Apparent","1","Not Applicable","Not Applicable"
"CR-0000085680","ACV-0000175344","","0","","Moderate","Parked","Not Applicable","Not Applicable","Parked","Car","None Apparent","1","Not Applicable","Not Applicable"
"CR-0000085681","ACV-0000175345","M","34","","Major","Driver","Had Been Drinking - Under Influence","East","Other Unsafe Turning","Car","None Apparent","1","22107","Unsafe Turn Movement"
"CR-0000085681","ACV-0000175346","M","19","","Major","Driver","Had Not Been Drinking","West","Proceeding Straight","Car","None Apparent","1","Not Applicable","Not Applicable"
"CR-0000085682","ACV-0000175347","","0","","Unknown","Driver","Impairment Not Known","North","Making Left Turn","Car","Other Violation","1","22107","Unsafe Turn Movement"
"CR-0000085682","ACV-0000175348","M","20","","Moderate","Driver","Had Not Been Drinking","South","Slowing/Stopping","Car","Unknown","1","Not Applicable","Not Applicable"
"CR-0000085683","ACV-0000175349","F","28","","Major","Driver","Had Been Drinking - Under Influence","East","Making Right Turn","Car","Speeding","1","22107","Unsafe Turn Movement"
"CR-0000085684","ACV-0000175350","M","16","","Not Applicable","Bicycle","Had Not Been Drinking","North","Proceeding Straight","Bicycle","Inattention","1","21453","Run Red Light"
"CR-0000085684","ACV-0000175351","M","29","","None","Driver","Had Not Been Drinking","West","Entering Traffic","Car","None Apparent","1","Not Applicable","Not Applicable"
"CR-0000085685","ACV-0000175352","","35","","Unknown","Driver","Impairment Not Known","Unknown","Stopped","Car","Unknown","1","Unknown","Unknown"
"CR-0000085685","ACV-0000175353","","0","","Unknown","Driver","Impairment Not Known","Unknown","Proceeding Straight","Car","Unknown","1","Unknown","Unknown"
"CR-0000085686","ACV-0000175354","M","0","","Minor","Driver","Impairment Not Known","South","Backing","Car","Other Violation","1","22106","Unsafe Backing"
"CR-0000085686","ACV-0000175355","","0","","Minor","Parked","Not Applicable","Not Applicable","Parked","Car","Unknown","1","Not Applicable","Not Applicable"
"CR-0000085687","ACV-0000175356","M","0","","Moderate","Driver","Impairment Not Known","North","Proceeding Straight","Car","Other Violation","1","21453","Run Red Light"
"CR-0000085687","ACV-0000175357","M","50","","Moderate","Driver","Had Not Been Drinking","West","Proceeding Straight","Car","None Apparent","1","Not Applicable","Not Applicable"
"CR-0000085688","ACV-0000175358","","0","","Unknown","Driver","Impairment Not Known","North","Making Left Turn","Car","Other Violation","1","21950","Yield Pedestrian In Crosswalk"
"CR-0000085688","ACV-0000175359","M","67","","Not Applicable","Pedestrian","Had Not Been Drinking","North","Proceeding Straight","Pedestrian","None Apparent","1","Not Applicable","Not Applicable"
"CR-0000085689","ACV-0000175360","F","45","","Major","Driver","Impairment Not Known","North","Ran Off Road","Car","Unknown","1","22350","Speeding"
"CR-0000085690","ACV-0000175361","F","0","","Unknown","Driver","Impairment Not Known","South","Making Right Turn","Car","Unknown","1","Unknown","Unknown"
"CR-0000085690","ACV-0000175362","M","39","","Moderate","Driver","Impairment Not Known","East","Stopped","Car","Unknown","1","Unknown","Unknown"
"CR-0000085691","ACV-0000175363","","0","","Unknown","Driver","Impairment Not Known","West","Proceeding Straight","Car","Unknown","1","Unknown","Unknown"
"CR-0000085691","ACV-0000175364","M","46","","Major","Driver","Impairment Not Known","West","Stopped","Car","Unknown","1","Unknown","Unknown"
"CR-0000085692","ACV-0000175365","M","37","","Minor","Driver","Had Not Been Drinking","North","Proceeding Straight","Motorcycle/Moped","Other Violation","1","21806","Yield Emergency Vehicle"
"CR-0000085692","ACV-0000175366","F","54","","Minor","Driver","Had Not Been Drinking","North","Changing Lanes","Car","None Apparent","1","Not Applicable","Not Applicable"
"CR-0000085693","ACV-0000175367","M","27","","Major","Driver","Had Not Been Drinking","East","Proceeding Straight","Motorcycle/Moped","None Apparent","1","21801","Yield Left Turn"
"CR-0000085693","ACV-0000175368","M","50","","Minor","Driver","Had Not Been Drinking","South","Making Left Turn","Panel Truck","None Apparent","1","Not Applicable","Not Applicable"
"CR-0000085694","ACV-0000175369","M","29","","Major","Driver","Had Not Been Drinking","East","Changing Lanes","Panel Truck","Unknown","1","22350","Speeding"
"CR-0000085695","ACV-0000175370","M","39","","Major","Driver","Impairment Not Known","South","Proceeding Straight","Emergency Vehicle","None Apparent","1","Unknown","Unknown"
"CR-0000085696","ACV-0000175371","M","0","","Unknown","Driver","Impairment Not Known","East","Proceeding Straight","Car","Unknown","1","Unknown","Unknown"
"CR-0000085696","ACV-0000175372","M","40","","Unknown","Driver","Impairment Not Known","East","Stopped","Car","Unknown","1","Unknown","Unknown"
"CR-0000085697","ACV-0000175373","M","67","","Minor","Driver","Had Not Been Drinking","East","Proceeding Straight","Car","None Apparent","1","Not Applicable","Not Applicable"
"CR-0000085697","ACV-0000175374","M","61","","Not Applicable","Bicycle","Had Not Been Drinking","South","Proceeding Straight","Bicycle","Inattention","1","21453","Run Red Light"
"CR-0000085698","ACV-0000175375","F","0","","Major","Driver","Impairment Not Known","South","Making Left Turn","Car","Other Violation","1","22107","Unsafe Turn Movement"
"CR-0000085698","ACV-0000175376","M","41","","Major","Driver","Had Not Been Drinking","South","Proceeding Straight","Panel Truck","Not Applicable","1","Not Applicable","Not Applicable"
"CR-0000085699","ACV-0000175377","F","29","","Major","Driver","Had Been Drinking - Not Under Influence","West","Making Left Turn","Car","Other Violation","1","22450","Fail Stop/Sign"
"CR-0000085699","ACV-0000175378","M","54","","Major","Driver","Had Been Drinking - Not Under Influence","North","Proceeding Straight","Car","None Apparent","1","Not Applicable","Not Applicable"
"CR-0000085700","ACV-0000175379","F","24","","Major","Driver","Impairment Not Known","South","Proceeding Straight","Car","Unknown","1","Unknown","Unknown"
"CR-0000085700","ACV-0000175380","F","21","","Major","Driver","Impairment Not Known","West","Making Left Turn","Car","Unknown","1","Unknown","Unknown"
"CR-0000085701","ACV-0000175381","F","41","","Moderate","Driver","Had Not Been Drinking","North","Making Right Turn","Car","None Apparent","1","22350","Speeding"
"CR-0000085702","ACV-0000175382","M","45","","Not Applicable","Bicycle","Had Not Been Drinking","South","Proceeding Straight","Bicycle","Unknown","1","22107","Unsafe Turn Movement"
"CR-0000085702","ACV-0000175383","M","76","","Minor","Driver","Had Not Been Drinking","South","Proceeding Straight","Car","Vision Obscurement","1","Not Applicable","Not Applicable"
"CR-0000085703","ACV-0000175384","M","53","","Minor","Driver","Had Not Been Drinking","East","Slowing/Stopping","Emergency Vehicle","Inattention","1","00001","Other Improper Driving"
"CR-0000085703","ACV-0000175385","","0","","Minor","Parked","Not Applicable","Not Applicable","Parked","Car","Unknown","1","Not Applicable","Not Applicable"
"CR-0000085704","ACV-0000175386","M","60","","Moderate","Driver","Had Been Drinking - Under Influence","West","Proceeding Straight","Car","Under Influence","1","22350","Speeding"
"CR-0000085704","ACV-0000175387","F","35","","Moderate","Driver","Had Been Drinking - Not Under Influence","West","Stopped","Car","Unknown","1","Not Applicable","Not Applicable"
"CR-0000085704","ACV-0000175388","F","43","","Minor","Driver","Had Been Drinking - Not Under Influence","West","Stopped","Car","Unknown","1","Not Applicable","Not Applicable"
"CR-0000085705","ACV-0000175389","F","21","","Totaled","Driver","Had Not Been Drinking","North","Proceeding Straight","Car","Other Violation","1","22450","Fail Stop/Sign"
"CR-0000085705","ACV-0000175390","M","75","","Minor","Driver","Had Not Been Drinking","West","Proceeding Straight","Car","Unknown","1","Not Applicable","Not Applicable"
"CR-0000085706","ACV-0000175391","M","67","","Major","Driver","Impairment Not Known","North","Entering Traffic","Car","Unknown","1","22450","Fail Stop/Sign"
"CR-0000085706","ACV-0000175392","M","63","","Moderate","Driver","Impairment Not Known","East","Proceeding Straight","Panel Truck","Unknown","1","Not Applicable","Not Applicable"
"CR-0000085707","ACV-0000175393","M","55","","Totaled","Driver","Had Not Been Drinking","West","Proceeding Straight","Car","None Apparent","1","22350","Speeding"
"CR-0000085707","ACV-0000175394","M","13","","Not Applicable","Bicycle","Had Not Been Drinking","East","Other (Bike)","Bicycle","None Apparent","1","Not Applicable","Not Applicable"
"CR-0000085707","ACV-0000175395","F","68","","Major","Driver","Had Not Been Drinking","West","Stopped","Car","None Apparent","1","Not Applicable","Not Applicable"
"CR-0000085708","ACV-0000175396","M","43","","Major","Driver","Had Not Been Drinking","South","Proceeding Straight","Car","Other Violation","1","22350","Speeding"
"CR-0000085708","ACV-0000175397","F","31","","Major","Driver","Had Not Been Drinking","West","Proceeding Straight","Car","None Apparent","1","Not Applicable","Not Applicable"
"CR-0000085709","ACV-0000175398","F","46","","Major","Driver","Had Not Been Drinking","South","Making Left Turn","Car","None Apparent","1","21801","Yield Left Turn"
"CR-0000085709","ACV-0000175399","F","46","","Major","Driver","Had Not Been Drinking","North","Proceeding Straight","Car","None Apparent","1","Not Applicable","Not Applicable"
"CR-0000085710","ACV-0000175400","M","32","","Moderate","Driver","Impairment Not Known","South","Proceeding Straight","Car","Other Violation","1","22350","Speeding"
"CR-0000085710","ACV-0000175401","","0","","Moderate","Parked","Not Applicable","Not Applicable","Parked","Car","Unknown","1","Not Applicable","Not Applicable"
"CR-0000085711","ACV-0000175402","M","38","","Minor","Driver","Impairment Not Known","North","Backing","Car","Inattention","1","22106","Unsafe Backing"
"CR-0000085711","ACV-0000175403","","0","","Minor","Parked","Not Applicable","Not Applicable","Parked","Car","Unknown","1","Not Applicable","Not Applicable"
"CR-0000085712","ACV-0000175404","M","0","","Unknown","Driver","Impairment Not Known","North","Proceeding Straight","Panel Truck","Unknown","1","Unknown","Unknown"
"CR-0000085712","ACV-0000175405","M","32","","Unknown","Driver","Impairment Not Known","North","Stopped","Car","Unknown","1","Unknown","Unknown"
"CR-0000085713","ACV-0000175406","","0","","Unknown","Driver","Impairment Not Known","West","Making Left Turn","Car","Other Violation","1","22350","Speeding"
"CR-0000085713","ACV-0000175407","","0","","Minor","Parked","Not Applicable","Not Applicable","Parked","Car","None Apparent","1","Not Applicable","Not Applicable"
"CR-0000085714","ACV-0000175408","F","46","","Major","Driver","Had Not Been Drinking","West","Making Right Turn","Car","None Apparent","1","22450","Fail Stop/Sign"
"CR-0000085714","ACV-0000175409","F","33","","Major","Driver","Had Not Been Drinking","North","Proceeding Straight","Car","None Apparent","1","Not Applicable","Not Applicable"
"CR-0000085715","ACV-0000175410","M","14","","Not Applicable","Bicycle","Had Not Been Drinking","East","Proceeding Straight","Bicycle","Other Violation","1","21456","Pedestrian Don't Walk"
"CR-0000085715","ACV-0000175411","M","30","","None","Driver","Had Not Been Drinking","North","Making Right Turn","Emergency Vehicle","Unknown","1","Not Applicable","Not Applicable"
"CR-0000085716","ACV-0000175412","M","37","","Unknown","Driver","Impairment Not Known","South","Making Left Turn","Unknown","Unknown","1","Unknown","Unknown"
"CR-0000085716","ACV-0000175413","M","46","","Unknown","Driver","Impairment Not Known","East","Proceeding Straight","Car","Unknown","1","Unknown","Unknown"
"CR-0000085717","ACV-0000175414","","0","","Unknown","Driver","Impairment Not Known","North","Proceeding Straight","Car","Other Violation","1","21453","Run Red Light"
"CR-0000085717","ACV-0000175415","F","18","","Moderate","Driver","Had Not Been Drinking","South","Making U-Turn","Car","Unknown","1","Not Applicable","Not Applicable"
"CR-0000085718","ACV-0000175416","M","24","","Unknown","Driver","Impairment Not Known","South","Proceeding Straight","Car","Other Violation","1","22350","Speeding"
"CR-0000085718","ACV-0000175417","","0","","Unknown","Parked","Not Applicable","Not Applicable","Parked","Car","Unknown","1","Not Applicable","Not Applicable"
"CR-0000085718","ACV-0000175418","","0","","Unknown","Parked","Not Applicable","Not Applicable","Parked","Car","Unknown","1","Not Applicable","Not Applicable"
"CR-0000085719","ACV-0000175419","M","24","","Moderate","Driver","Impairment Not Known","West","Proceeding Straight","Car","Speeding","1","21806","Yield Emergency Vehicle"
"CR-0000085719","ACV-0000175420","F","39","","Major","Driver","Impairment Not Known","South","Proceeding Straight","Emergency Vehicle","None Apparent","1","Not Applicable","Not Applicable"
"CR-0000085720","ACV-0000175421","M","53","","Moderate","Driver","Had Not Been Drinking","South","Proceeding Straight","Car","Unfamiliar With Road","1","21453","Run Red Light"
"CR-0000085720","ACV-0000175422","M","27","","Moderate","Driver","Had Not Been Drinking","West","Proceeding Straight","Car","Unknown","1","Not Applicable","Not Applicable"
"CR-0000085721","ACV-0000175423","M","92","","Minor","Driver","Had Not Been Drinking","East","Making Left Turn","Car","Other","1","22107","Unsafe Turn Movement"
"CR-0000085722","ACV-0000175424","M","26","","Minor","Driver","Impairment Not Known","North","Backing","Car","Entering/Leaving Ramp","1","22106","Unsafe Backing"
"CR-0000085722","ACV-0000175425","F","69","","Minor","Driver","Impairment Not Known","East","Proceeding Straight","Car","Speeding","1","Not Applicable","Not Applicable"
"CR-0000085723","ACV-0000175426","F","63","","Moderate","Driver","Impairment Not Known","East","Making Right Turn","Car","Other Violation","1","22107","Unsafe Turn Movement"