"CrashName","Name","Sex","Age","Speed","VehicleDamage","PartyCategory","Sobriety","VehicleDirection","MovementPrecedingCollision","PartyType","OtherAssociatedFactor","VehicleCount","ViolationCode","ViolationCodeDescription"
"CR-0000085814","ACV-0000175608","","0","","Major","Parked","Not Applicable","Not Applicable","Parked","Car","Other Violation","1","Not Applicable","Not Applicable"
"CR-0000085816","ACV-0000175612","F","0","","Moderate","Driver","Impairment Not Known","East","Proceeding Straight","Car","Other Violation","1","22350","Speeding"
"CR-0000085818","ACV-0000175616","","0","","Unknown","Driver","Impairment Not Known","Unknown","Unknown","Unknown","Unknown","1","Unknown","Unknown"
"CR-0000085813","ACV-0000175606","M","61","","Moderate","Driver","Had Not Been Drinking","East","Stopped","Car","Unknown","1","Not Applicable","Not Applicable"
"CR-0000085815","ACV-0000175610","M","24","","Major","Driver","Had Not Been Drinking","West","Proceeding Straight","Motorcycle/Moped","Uninvolved Vehicle","1","23103","Reckless Driving 2"
"CR-0000085816","ACV-0000175614","","0","","Minor","Driver","Not Applicable","Not Applicable","Parked","Car","Unknown","1","Not Applicable","Not Applicable"
"CR-0000085814","ACV-0000175609","","0","","Major","Parked","Not Applicable","Not Applicable","Parked","Car","Unknown","1","Not Applicable","Not Applicable"
"CR-0000085816","ACV-0000175613","","0","","Minor","Parked","Not Applicable","Not Applicable","Parked","Car","Unknown","1","Not Applicable","Not Applicable"
"CR-0000085818","ACV-0000175617","","0","","Unknown","Parked","Not Applicable","Not Applicable","Unknown","Car","Unknown","1","Unknown","Unknown"
"CR-0000085819","ACV-0000175618","","0","","Major","Driver","Impairment Not Known","East","Proceeding Straight","Car","Other Violation","1","22350","Speeding"
"CR-0000085821","ACV-0000175622","F","28","","None","Driver","Impairment Not Known","West","Other Unsafe Turning","Panel Truck","Unknown","1","22107","Unsafe Turn Movement"
"CR-0000085823","ACV-0000175626","M","58","","None","Pedestrian","Had Been Drinking - Impairment Unknown","North","Proceeding Straight","Pedestrian","Unknown","1","21955","Crossing Controlled Intersection/Jaywalking"
"CR-0000085820","ACV-0000175620","M","0","","Unknown","Driver","Impairment Not Known","South","Backing","Car","Unknown","1","Unknown","Unknown"
"CR-0000085822","ACV-0000175625","M","14","","Not Applicable","Bicycle","Impairment Not Known","North","Proceeding Straight","Bicycle","Unknown","1","21200","Laws Applied To Bike"
"CR-0000085824","ACV-0000175628","M","36","","Minor","Driver","Had Not Been Drinking","West","Proceeding Straight","Car","Inattention","1","Not Applicable","Not Applicable"
"CR-0000085817","ACV-0000175615","M","33","","Major","Driver","Had Been Drinking - Under Influence","South","Making Right Turn","Car","Under Influence","1","22100","Improper Turn"
"CR-0000085819","ACV-0000175619","M","27","","Major","Driver","Had Not Been Drinking","South","Making Left Turn","Car","Unknown","1","Not Applicable","Not Applicable"
"CR-0000085821","ACV-0000175623","","0","","Minor","Parked","Not Applicable","Not Applicable","Parked","Panel Truck","Unknown","1","Not Applicable","Not Applicable"
"CR-0000085820","ACV-0000175621","F","24","","Unknown","Driver","Impairment Not Known","North","Stopped","Car","Unknown","1","Not Applicable","Not Applicable"
"CR-0000085822","ACV-0000175624","","0","","Unknown","Driver","Impairment Not Known","West","Merging","Car","Entering/Leaving Ramp","1","21950","Yield Pedestrian In Crosswalk"
"CR-0000085824","ACV-0000175629","F","19","","Not Applicable","Pedestrian","Had Not Been Drinking","North","Other (Ped)","Pedestrian","Inattention","1","21955","Crossing Controlled Intersection/Jaywalking"
"CR-0000085825","ACV-0000175630","M","28","","Minor","Driver","Had Not Been Drinking","South","Making Left Turn","Panel Truck","None Apparent","1","21801","Yield Left Turn"
"CR-0000085827","ACV-0000175634","F","48","","Major","Driver","Had Not Been Drinking","East","Traveling Wrong Way","Car","None Apparent","1","22107","Unsafe Turn Movement"
"CR-0000085829","ACV-0000175638","M","48","","Moderate","Driver","Had Not Been Drinking","North","Proceeding Straight","Panel Truck","None Apparent","1","Not Applicable","Not Applicable"
"CR-0000085826","ACV-0000175633","M","56","","Not Applicable","Bicycle","Had Been Drinking - Not Under Influence","West","Proceeding Straight","Bicycle","None Apparent","1","Not Applicable","Not Applicable"
"CR-0000085829","ACV-0000175637","F","37","","Moderate","Driver","Had Not Been Drinking","South","Proceeding Straight","Car","None Apparent","1","21651","Divided Highway"
"CR-0000085823","ACV-0000175627","M","72","","Minor","Driver","Had Not Been Drinking","West","Proceeding Straight","Car","Unknown","1","Not Applicable","Not Applicable"
"CR-0000085825","ACV-0000175631","F","39","","Moderate","Driver","Had Not Been Drinking","North","Proceeding Straight","Car","None Apparent","1","Not Applicable","Not Applicable"
"CR-0000085827","ACV-0000175635","M","31","","Major","Driver","Had Not Been Drinking","West","Proceeding Straight","Car","None Apparent","1","Not Applicable","Not Applicable"
"CR-0000085826","ACV-0000175632","M","0","","Unknown","Driver","Impairment Not Known","North","Entering Traffic","Car","Other Violation","1","Not Applicable","Not Applicable"
"CR-0000085828","ACV-0000175636","M","13","","Not Applicable","Bicycle","Had Not Been Drinking","West","Proceeding Straight","Bicycle","Runaway Vehicle","1","22350","Speeding"
"CR-0000085830","ACV-0000175640","F","53","","Major","Driver","Had Not Been Drinking","North","Making Left Turn","Car","Other Violation","1","Not Applicable","Not Applicable"
"CR-0000085831","ACV-0000175642","M","54","","Major","Driver","Had Not Been Drinking","North","Making Left Turn","Car","None Apparent","1","Not Applicable","Not Applicable"
"CR-0000085832","ACV-0000175646","F","48","","Moderate","Driver","Had Not Been Drinking","North","Making Left Turn","Car","None Apparent","1","Not Applicable","Not Applicable"
"CR-0000085834","ACV-0000175650","","0","","Major","Parked","Not Applicable","Not Applicable","Parked","Car","Unknown","1","Not Applicable","Not Applicable"
"CR-0000085831","ACV-0000175641","M","69","","Major","Driver","Had Not Been Drinking","East","Proceeding Straight","Car","Inattention","1","21453","Run Red Light"
"CR-0000085832","ACV-0000175645","F","49","","Major","Driver","Had Not Been Drinking","North","Making Left Turn","Car","None Apparent","1","Not Applicable","Not Applicable"
"CR-0000085834","ACV-0000175649","","0","","Major","Driver","Impairment Not Known","East","Proceeding Straight","Car","Other Violation","1","22107","Unsafe Turn Movement"
"CR-0000085832","ACV-0000175644","M","20","","Major","Driver","Had Not Been Drinking","East","Proceeding Straight","Car","None Apparent","1","21453","Run Red Light"
"CR-0000085833","ACV-0000175648","M","67","","Minor","Driver","Had Not Been Drinking","East","Making Left Turn","Car","None Apparent","1","Not Applicable","Not Applicable"
"CR-0000085830","ACV-0000175639","F","57","","Major","Driver","Had Not Been Drinking","East","Proceeding Straight","Car","Unknown","1","21453","Run Red Light"
"CR-0000085831","ACV-0000175643","F","37","","Minor","Driver","Had Not Been Drinking","East","Stopped","Car","None Apparent","1","Not Applicable","Not Applicable"
"CR-0000085833","ACV-0000175647","","0","","Minor","Driver","Impairment Not Known","North","Proceeding Straight","Car","Other Violation","1","21453","Run Red Light"
"CR-0000085842","ACV-0000175665","","0","","Major","Parked","Not Applicable","Not Applicable","Parked","Car","None Apparent","1","Not Applicable","Not Applicable"
"CR-0000085837","ACV-0000175656","M","63","","Minor","Driver","Had Not Been Drinking","East","Proceeding Straight","Car","Unknown","1","Not Applicable","Not Applicable"
"CR-0000085843","ACV-0000175670","","0","","Moderate","Parked","Not Applicable","Not Applicable","Parked","Car","None Apparent","1","Not Applicable","Not Applicable"
"CR-0000085835","ACV-0000175652","F","37","","Minor","Driver","Had Not Been Drinking","East","Proceeding Straight","Car","None Apparent","1","21453","Run Red Light"
"CR-0000085844","ACV-0000175671","F","26","","Major","Driver","Impairment Not Known","South","Proceeding Straight","Car","Speeding","1","21453","Run Red Light"
"CR-0000085842","ACV-0000175667","","0","","Moderate","Parked","Not Applicable","Not Applicable","Parked","Car","None Apparent","1","Not Applicable","Not Applicable"
"CR-0000085845","ACV-0000175673","F","44","","None","Driver","Had Not Been Drinking","West","Making Right Turn","Car","Unknown","1","Not Applicable","Not Applicable"
"CR-0000085837","ACV-0000175655","","0","","Unknown","Driver","Impairment Not Known","East","Proceeding Straight","Car","Other Violation","1","22350","Speeding"
"CR-0000085847","ACV-0000175677","F","32","","Totaled","Driver","Had Not Been Drinking","North","Proceeding Straight","Car","Other Violation","1","22107","Unsafe Turn Movement"
"CR-0000085842","ACV-0000175668","","0","","Minor","Parked","Not Applicable","Not Applicable","Parked","Car","None Apparent","1","Not Applicable","Not Applicable"
"CR-0000085838","ACV-0000175657","M","48","","Unknown","Driver","Impairment Not Known","South","Proceeding Straight","Car","Other Violation","1","22350","Speeding"
"CR-0000085843","ACV-0000175669","","0","","Unknown","Driver","Impairment Not Known","North","Making U-Turn","Other","Other Violation","1","22106","Unsafe Backing"
"CR-0000085841","ACV-0000175663","","0","","Major","Parked","Not Applicable","Not Applicable","Parked","Car","Unknown","1","Not Applicable","Not Applicable"
"CR-0000085839","ACV-0000175659","M","19","","Major","Driver","Had Not Been Drinking","North","Making Left Turn","Car","None Apparent","1","22107","Unsafe Turn Movement"
"CR-0000085839","ACV-0000175660","F","34","","Major","Driver","Had Not Been Drinking","South","Proceeding Straight","Car","None Apparent","1","Not Applicable","Not Applicable"
"CR-0000085840","ACV-0000175661","M","28","","Major","Driver","Had Been Drinking - Under Influence","West","Making Left Turn","Car","Speeding","1","23152","Driving Drunk"
"CR-0000085842","ACV-0000175664","M","20","","Major","Driver","Had Been Drinking - Under Influence","West","Proceeding Straight","Car","Other Violation","1","23140","Driving Drunk <21"
"CR-0000085846","ACV-0000175675","M","55","","Major","Driver","Had Not Been Drinking","West","Proceeding Straight","Car","Unknown","1","21453","Run Red Light"
"CR-0000085838","ACV-0000175658","","0","","Minor","Parked","Not Applicable","Not Applicable","Parked","Car","Unknown","1","Not Applicable","Not Applicable"
"CR-0000085835","ACV-0000175651","M","32","","Moderate","Driver","Had Not Been Drinking","West","Making Left Turn","Car","None Apparent","1","21453","Run Red Light"
"CR-0000085836","ACV-0000175654","F","33","","Minor","Driver","Had Not Been Drinking","West","Stopped","Car","Unknown","1","Not Applicable","Not Applicable"
"CR-0000085842","ACV-0000175666","","0","","Major","Parked","Not Applicable","Not Applicable","Parked","Motorcycle/Moped","None Apparent","1","Not Applicable","Not Applicable"
"CR-0000085841","ACV-0000175662","M","38","","Major","Driver","Impairment Not Known","North","Making Left Turn","Car","Other Violation","1","22350","Speeding"
"CR-0000085845","ACV-0000175674","M","46","","Not Applicable","Pedestrian","Had Not Been Drinking","South","Other (Ped)","Pedestrian","Unknown","1","21954","Pedestrian Yield Car"
"CR-0000085846","ACV-0000175676","M","28","","Moderate","Driver","Had Not Been Drinking","North","Proceeding Straight","Car","Unknown","1","Not Applicable","Not Applicable"
"CR-0000085844","ACV-0000175672","M","21","","Moderate","Driver","Impairment Not Known","North","Making Left Turn","Car","Unknown","1","Not Applicable","Not Applicable"
"CR-0000085836","ACV-0000175653","M","38","","Unknown","Driver","Had Not Been Drinking","West","Proceeding Straight","Car","Unknown","1","22350","Speeding"
"CR-0000085861","ACV-0000175702","M","35","","Not Applicable","Bicycle","Had Not Been Drinking","East","Proceeding Straight","Bicycle","None Apparent","1","Not Applicable","Not Applicable"
"CR-0000085854","ACV-0000175690","M","22","","Moderate","Driver","Had Not Been Drinking","North","Proceeding Straight","Car","None Apparent","1","Not Applicable","Not Applicable"
"CR-0000085855","ACV-0000175691","","0","","Minor","Driver","Impairment Not Known","West","Proceeding Straight","Car","Other Violation","1","21703","Follow Too Closely"
"CR-0000085856","ACV-0000175693","M","32","","Major","Driver","Had Not Been Drinking","North","Making Left Turn","Car","Unknown","1","21801","Yield Left Turn"
"CR-0000085863","ACV-0000175706","M","0","","Moderate","Driver","Had Not Been Drinking","North","Slowing/Stopping","Car","Unknown","1","Not Applicable","Not Applicable"
"CR-0000085853","ACV-0000175688","M","60","","Major","Driver","Had Been Drinking - Under Influence","East","Making Left Turn","Car","Unknown","1","23152","Driving Drunk"
"CR-0000085851","ACV-0000175685","M","31","","Moderate","Driver","Impairment Not Known","West","Proceeding Straight","Car","Unknown","1","21950","Yield Pedestrian In Crosswalk"
"CR-0000085855","ACV-0000175692","F","24","","Moderate","Driver","Had Not Been Drinking","West","Slowing/Stopping","Car","None Apparent","1","Not Applicable","Not Applicable"
"CR-0000085856","ACV-0000175694","M","84","","Major","Driver","Had Not Been Drinking","South","Proceeding Straight","Panel Truck","Unknown","1","Not Applicable","Not Applicable"
"CR-0000085852","ACV-0000175687","M","32","","Major","Driver","Had Not Been Drinking","West","Making Left Turn","Car","None Apparent","1","22107","Unsafe Turn Movement"
"CR-0000085860","ACV-0000175700","M","19","","Major","Driver","Had Not Been Drinking","West","Proceeding Straight","Car","None Apparent","1","Not Applicable","Not Applicable"
"CR-0000085850","ACV-0000175683","M","52","","Minor","Driver","Had Not Been Drinking","East","Proceeding Straight","Car","None Apparent","1","Not Applicable","Not Applicable"
"CR-0000085860","ACV-0000175699","F","57","","Major","Driver","Had Not Been Drinking","East","Making Left Turn","Car","None Apparent","1","21801","Yield Left Turn"
"CR-0000085848","ACV-0000175678","","0","","Minor","Driver","Impairment Not Known","East","Proceeding Straight","Car","Other Violation","1","21453","Run Red Light"
"CR-0000085849","ACV-0000175680","F","32","","Major","Driver","Had Not Been Drinking","West","Proceeding Straight","Car","Unknown","1","21453","Run Red Light"
"CR-0000085848","ACV-0000175679","F","71","","Moderate","Driver","Had Not Been Drinking","West","Making Left Turn","Car","Entering/Leaving Ramp","1","Not Applicable","Not Applicable"
"CR-0000085854","ACV-0000175689","M","36","","Not Applicable","Pedestrian","Impairment Not Known","West","Entering Traffic","Pedestrian","None Apparent","1","21456","Pedestrian Don't Walk"
"CR-0000085851","ACV-0000175686","F","43","","Not Applicable","Pedestrian","Impairment Not Known","North","Other (Ped)","Pedestrian","Unknown","1","Not Applicable","Not Applicable"
"CR-0000085857","ACV-0000175695","M","38","","Major","Driver","Had Been Drinking - Under Influence","South","Proceeding Straight","Car","Unknown","1","22350","Speeding"
"CR-0000085862","ACV-0000175703","","0","","Unknown","Driver","Impairment Not Known","North","Proceeding Straight","Car","Other Violation","1","21457","Flashing Signal"
"CR-0000085849","ACV-0000175681","M","31","","Moderate","Driver","Had Not Been Drinking","South","Proceeding Straight","Car","Unknown","1","Not Applicable","Not Applicable"
"CR-0000085859","ACV-0000175698","M","71","","Unknown","Driver","Impairment Not Known","Unknown","Proceeding Straight","Panel Truck","Unknown","1","Unknown","Unknown"
"CR-0000085861","ACV-0000175701","M","62","","Minor","Driver","Had Not Been Drinking","West","Making Left Turn","Car","None Apparent","1","21801","Yield Left Turn"
"CR-0000085850","ACV-0000175684","M","39","","Minor","Driver","Had Not Been Drinking","East","Proceeding Straight","Car","None Apparent","1","Not Applicable","Not Applicable"
"CR-0000085850","ACV-0000175682","","0","","Moderate","Driver","Impairment Not Known","East","Proceeding Straight","Car","Other Violation","1","22350","Speeding"
"CR-0000085859","ACV-0000175697","","0","","Unknown","Driver","Impairment Not Known","Unknown","Entering Traffic","Panel Truck","Unknown","1","Unknown","Unknown"
"CR-0000085858","ACV-0000175696","","0","","Major","Driver","Impairment Not Known","South","Proceeding Straight","Car","Other Violation","1","Unknown","Unknown"
"CR-0000085862","ACV-0000175704","M","40","","Moderate","Driver","Had Not Been Drinking","North","Changing Lanes","Car","Unknown","1","Not Applicable","Not Applicable"
"CR-0000085863","ACV-0000175705","","0","","Unknown","Driver","Impairment Not Known","North","Proceeding Straight","Car","Other Violation","1","22350","Speeding"
"CR-0000085869","ACV-0000175718","","0","","Unknown","Parked","Not Applicable","Not Applicable","Parked","Unknown","Unknown","1","Unknown","Unknown"
"CR-0000085868","ACV-0000175715","","0","","Unknown","Parked","Not Applicable","Not Applicable","Parked","Panel Truck","Unknown","1","Unknown","Unknown"
"CR-0000085869","ACV-0000175717","","0","","Unknown","Parked","Not Applicable","Not Applicable","Parked","Car","Unknown","1","Unknown","Unknown"
"CR-0000085867","ACV-0000175713","","0","","Unknown","Driver","Impairment Not Known","East","Proceeding Straight","Car","Other Violation","1","22350","Speeding"
"CR-0000085866","ACV-0000175711","F","0","","Unknown","Driver","Impairment Not Known","North","Proceeding Straight","Panel Truck","Other Violation","1","22107","Unsafe Turn Movement"
"CR-0000085870","ACV-0000175721","","0","","Unknown","Driver","Impairment Not Known","Unknown","Making U-Turn","Car","Unknown","1","Unknown","Unknown"
"CR-0000085865","ACV-0000175709","M","35","","Unknown","Driver","Impairment Not Known","West","Proceeding Straight","Car","Other Violation","1","22106","Unsafe Backing"
"CR-0000085867","ACV-0000175714","M","29","","Minor","Driver","Impairment Not Known","South","Making Left Turn","Car","Unknown","1","Not Applicable","Not Applicable"
"CR-0000085869","ACV-0000175719","","0","","Unknown","Driver","Impairment Not Known","Unknown","Unknown","Unknown","Unknown","1","Unknown","Unknown"
"CR-0000085864","ACV-0000175708","","0","","Moderate","Parked","Not Applicable","Not Applicable","Parked","Car","None Apparent","1","Not Applicable","Not Applicable"
"CR-0000085868","ACV-0000175716","","0","","Unknown","Driver","Impairment Not Known","Unknown","Unknown","Unknown","Unknown","1","Unknown","Unknown"
"CR-0000085866","ACV-0000175712","M","29","","Minor","Driver","Impairment Not Known","North","Proceeding Straight","Car","Unknown","1","Not Applicable","Not Applicable"
"CR-0000085865","ACV-0000175710","","0","","Minor","Parked","Not Applicable","Not Applicable","Parked","Car","Unknown","1","Not Applicable","Not Applicable"
"CR-0000085864","ACV-0000175707","M","25","","Major","Driver","Had Been Drinking - Under Influence","North","Proceeding Straight","Car","Other Violation","1","21658","Unsafe Lane Change"
"CR-0000085870","ACV-0000175720","","0","","Unknown","Parked","Not Applicable","Not Applicable","Parked","Panel Truck","Unknown","1","Unknown","Unknown"
"CR-0000085885","ACV-0000175752","M","77","","Minor","Driver","Had Not Been Drinking","East","Making Right Turn","Car","Vision Obscurement","1","Not Applicable","Not Applicable"
"CR-0000085873","ACV-0000175727","M","62","","Moderate","Driver","Had Not Been Drinking","East","Proceeding Straight","Car","None Apparent","1","Not Applicable","Not Applicable"
"CR-0000085874","ACV-0000175728","","0","","Unknown","Driver","Impairment Not Known","South","Changing Lanes","Other","Other Violation","1","22107","Unsafe Turn Movement"
"CR-0000085872","ACV-0000175725","","0","","Minor","Parked","Not Applicable","Not Applicable","Parked","Car","Unknown","1","Not Applicable","Not Applicable"
"CR-0000085887","ACV-0000175756","M","21","","Minor","Driver","Had Not Been Drinking","West","Making Left Turn","Car","None Apparent","1","Not Applicable","Not Applicable"
"CR-0000085878","ACV-0000175734","F","20","","Major","Driver","Had Not Been Drinking","West","Making Left Turn","Car","Unfamiliar With Road","1","21801","Yield Left Turn"
"CR-0000085881","ACV-0000175740","M","41","","Minor","Driver","Had Not Been Drinking","East","Making Left Turn","Car","None Apparent","1","21801","Yield Left Turn"
"CR-0000085878","ACV-0000175735","M","57","","Moderate","Driver","Had Not Been Drinking","East","Proceeding Straight","Car","None Apparent","1","Not Applicable","Not Applicable"
"CR-0000085872","ACV-0000175723","M","33","","Major","Driver","Had Been Drinking - Under Influence","East","Making U-Turn","Car","Other Violation","1","22350","Speeding"
"CR-0000085879","ACV-0000175737","M","20","","Minor","Driver","Had Been Drinking - Not Under Influence","North","Stopped","Car","None Apparent","1","Not Applicable","Not Applicable"
"CR-0000085889","ACV-0000175760","F","0","","Major","Driver","Impairment Not Known","West","Proceeding Straight","Car","Other Violation","1","22350","Speeding"
"CR-0000085882","ACV-0000175743","F","19","","Minor","Driver","Had Not Been Drinking","South","Proceeding Straight","Car","None Apparent","1","Not Applicable","Not Applicable"
"CR-0000085884","ACV-0000175748","F","18","","Minor","Driver","Had Not Been Drinking","South","Stopped","Car","Unknown","1","Not Applicable","Not Applicable"
"CR-0000085877","ACV-0000175733","M","28","","Moderate","Driver","Had Not Been Drinking","West","Making Left Turn","Car","None Apparent","1","Not Applicable","Not Applicable"
"CR-0000085880","ACV-0000175738","M","39","","Moderate","Driver","Had Not Been Drinking","South","Entering Traffic","Car","None Apparent","1","22350","Speeding"
"CR-0000085886","ACV-0000175754","F","21","","Not Applicable","Pedestrian","Had Not Been Drinking","North","Proceeding Straight","Pedestrian","None Apparent","1","Not Applicable","Not Applicable"
"CR-0000085872","ACV-0000175724","","0","","Major","Parked","Not Applicable","Not Applicable","Parked","Car","Unknown","1","Not Applicable","Not Applicable"
"CR-0000085881","ACV-0000175741","M","53","","Not Applicable","Bicycle","Had Not Been Drinking","West","Proceeding Straight","Bicycle","None Apparent","1","Not Applicable","Not Applicable"
"CR-0000085888","ACV-0000175757","M","54","","Major","Driver","Impairment Not Known","East","Other Unsafe Turning","Panel Truck","Other Violation","1","22107","Unsafe Turn Movement"
"CR-0000085876","ACV-0000175731","M","37","","Major","Driver","Impairment Not Known","South","Proceeding Straight","Motorcycle/Moped","None Apparent","1","22350","Speeding"
"CR-0000085887","ACV-0000175755","M","0","","Unknown","Driver","Impairment Not Known","South","Proceeding Straight","Car","Other Violation","1","21453","Run Red Light"
"CR-0000085885","ACV-0000175751","M","32","","Not Applicable","Bicycle","Had Not Been Drinking","North","Traveling Wrong Way","Scooter Motorized","None Apparent","1","21651","Divided Highway"
"CR-0000085883","ACV-0000175744","F","22","","Moderate","Driver","Had Not Been Drinking","East","Proceeding Straight","Car","None Apparent","1","21453","Run Red Light"
"CR-0000085888","ACV-0000175758","M","34","","Major","Driver","Had Not Been Drinking","East","Proceeding Straight","Car","Unknown","1","Not Applicable","Not Applicable"
"CR-0000085875","ACV-0000175729","M","42","","Moderate","Driver","Had Not Been Drinking","West","Proceeding Straight","Car","None Apparent","1","22350","Speeding"
"CR-0000085886","ACV-0000175753","M","59","","None","Driver","Had Not Been Drinking","South","Making Right Turn","Car","None Apparent","1","22107","Unsafe Turn Movement"
"CR-0000085883","ACV-0000175745","F","48","","Major","Driver","Had Not Been Drinking","South","Proceeding Straight","Car","None Apparent","1","Not Applicable","Not Applicable"
"CR-0000085873","ACV-0000175726","F","39","","Major","Driver","Had Not Been Drinking","North","Proceeding Straight","Car","Other Violation","1","22350","Speeding"
"CR-0000085884","ACV-0000175747","F","18","","Major","Driver","Had Not Been Drinking","South","Proceeding Straight","Car","Unknown","1","22350","Speeding"
"CR-0000085871","ACV-0000175722","M","0","","Moderate","Driver","Had Not Been Drinking","North","Making Right Turn","Emergency Vehicle","None Apparent","1","22350","Speeding"
"CR-0000085875","ACV-0000175730","M","22","","Moderate","Driver","Had Not Been Drinking","West","Proceeding Straight","Car","None Apparent","1","Not Applicable","Not Applicable"
"CR-0000085884","ACV-0000175750","F","58","","Minor","Driver","Had Not Been Drinking","South","Stopped","Car","Unknown","1","Not Applicable","Not Applicable"
"CR-0000085883","ACV-0000175746","M","25","","Moderate","Driver","Had Not Been Drinking","North","Proceeding Straight","Car","None Apparent","1","Not Applicable","Not Applicable"
"CR-0000085884","ACV-0000175749","F","49","","Minor","Driver","Had Not Been Drinking","South","Stopped","Car","Unknown","1","Not Applicable","Not Applicable"
"CR-0000085880","ACV-0000175739","F","73","","Major","Driver","Had Not Been Drinking","East","Proceeding Straight","Car","None Apparent","1","Not Applicable","Not Applicable"
"CR-0000085879","ACV-0000175736","M","0","","Unknown","Driver","Impairment Not Known","North","Proceeding Straight","Car","None Apparent","1","22350","Speeding"
"CR-0000085877","ACV-0000175732","F","19","","Moderate","Driver","Had Not Been Drinking","North","Proceeding Straight","Car","Other Violation","1","21453","Run Red Light"
"CR-0000085888","ACV-0000175759","F","53","","Minor","Driver","Had Not Been Drinking","East","Proceeding Straight","Car","Unknown","1","Not Applicable","Not Applicable"
"CR-0000085882","ACV-0000175742","","0","","Unknown","Driver","Impairment Not Known","North","Proceeding Straight","Car","Other Violation","1","22350","Speeding"
"CR-0000085889","ACV-0000175761","M","0","","Moderate","Driver","Impairment Not Known","West","Proceeding Straight","Car","None Apparent","1","Not Applicable","Not Applicable"
"CR-0000085904","ACV-0000175789","","0","","Unknown","Driver","Impairment Not Known","East","Passing Other Vehicles","Car","Unknown","1","Unknown","Unknown"
"CR-0000085898","ACV-0000175777","M","32","","Minor","Driver","Had Not Been Drinking","South","Proceeding Straight","Car","None Apparent","1","Not Applicable","Not Applicable"
"CR-0000085897","ACV-0000175775","M","20","","Major","Driver","Had Not Been Drinking","West","Making Right Turn","Car","None Apparent","1","22350","Speeding"
"CR-0000085911","ACV-0000175806","M","46","","Minor","Driver","Had Not Been Drinking","East","Stopped","Car","None Apparent","1","Not Applicable","Not Applicable"
"CR-0000085917","ACV-0000175818","M","33","","Not Applicable","Bicycle","Had Been Drinking - Under Influence","East","Proceeding Straight","Bicycle","Violation By Bike","1","Not Applicable","Not Applicable"
"CR-0000085915","ACV-0000175814","M","53","","Moderate","Driver","Impairment Not Known","West","Proceeding Straight","Car","Unknown","1","Not Applicable","Not Applicable"
"CR-0000085916","ACV-0000175816","","0","","Major","Parked","Not Applicable","Not Applicable","Parked","Car","None Apparent","1","Unknown","Unknown"
"CR-0000085910","ACV-0000175802","M","39","","Minor","Driver","Had Not Been Drinking","East","Changing Lanes","Car","Other Violation","1","22107","Unsafe Turn Movement"
"CR-0000085911","ACV-0000175804","M","73","","Minor","Driver","Had Not Been Drinking","East","Changing Lanes","Car","None Apparent","1","21658","Unsafe Lane Change"
"CR-0000085906","ACV-0000175793","F","30","","Major","Driver","Had Not Been Drinking","North","Proceeding Straight","Car","None Apparent","1","Unknown","Unknown"
"CR-0000085905","ACV-0000175791","F","88","","Major","Driver","Impairment Not Known","South","Slowing/Stopping","Car","Vision Obscurement","1","22350","Speeding"
"CR-0000085911","ACV-0000175805","F","60","","Minor","Driver","Had Not Been Drinking","East","Stopped","Car","None Apparent","1","Not Applicable","Not Applicable"
"CR-0000085916","ACV-0000175815","","0","","Unknown","Driver","Impairment Not Known","South","Proceeding Straight","Car","Unknown","1","Unknown","Unknown"
"CR-0000085896","ACV-0000175773","M","59","","Moderate","Driver","Had Not Been Drinking","North","Making Left Turn","Car","None Apparent","1","22107","Unsafe Turn Movement"
"CR-0000085899","ACV-0000175778","M","50","","Major","Driver","Had Been Drinking - Under Influence","South","Proceeding Straight","Panel Truck","Other Violation","1","22350","Speeding"
"CR-0000085914","ACV-0000175812","F","44","","Minor","Driver","Had Not Been Drinking","East","Slowing/Stopping","Car","None Apparent","1","Not Applicable","Not Applicable"
"CR-0000085908","ACV-0000175798","M","39","","None","Driver","Impairment Not Known","East","Changing Lanes","Panel Truck","None Apparent","1","22107","Unsafe Turn Movement"
"CR-0000085900","ACV-0000175782","M","24","","Moderate","Driver","Had Not Been Drinking","West","Proceeding Straight","Panel Truck","None Apparent","1","Not Applicable","Not Applicable"
"CR-0000085902","ACV-0000175786","F","53","","Major","Driver","Had Not Been Drinking","East","Proceeding Straight","Car","None Apparent","1","Not Applicable","Not Applicable"
"CR-0000085912","ACV-0000175807","M","44","","Moderate","Driver","Had Not Been Drinking","North","Proceeding Straight","Panel Truck","Inattention","1","22450","Fail Stop/Sign"
"CR-0000085895","ACV-0000175771","M","30","","Major","Driver","Impairment Not Known","North","Proceeding Straight","Car","Speeding","1","21802","Yield Stop Sign"
"CR-0000085892","ACV-0000175766","","0","","Minor","Parked","Not Applicable","Not Applicable","Parked","Car","Unknown","1","Not Applicable","Not Applicable"
"CR-0000085894","ACV-0000175769","","0","","Unknown","Driver","Impairment Not Known","South","Proceeding Straight","Car","Other Violation","1","Unknown","Unknown"
"CR-0000085904","ACV-0000175790","F","35","","Unknown","Driver","Impairment Not Known","East","Making Left Turn","Car","Unknown","1","Unknown","Unknown"
"CR-0000085890","ACV-0000175762","F","19","","None","Driver","Had Not Been Drinking","North","Making Right Turn","Car","Inattention","1","21950","Yield Pedestrian In Crosswalk"
"CR-0000085912","ACV-0000175808","F","36","","Major","Driver","Had Not Been Drinking","West","Proceeding Straight","Car","None Apparent","1","Not Applicable","Not Applicable"
"CR-0000085913","ACV-0000175810","F","55","","Minor","Driver","Had Not Been Drinking","South","Proceeding Straight","Car","None Apparent","1","Not Applicable","Not Applicable"