"CrashName","Name","Sex","Age","Speed","VehicleDamage","PartyCategory","Sobriety","VehicleDirection","MovementPrecedingCollision","PartyType","OtherAssociatedFactor","VehicleCount","ViolationCode","ViolationCodeDescription"
"CR-0000085899","ACV-0000175780","","0","","Moderate","Parked","Not Applicable","Not Applicable","Parked","Car","Unknown","1","Not Applicable","Not Applicable"
"CR-0000085909","ACV-0000175801","M","37","","Moderate","Driver","Had Not Been Drinking","West","Proceeding Straight","Car","None Apparent","1","Not Applicable","Not Applicable"
"CR-0000085903","ACV-0000175788","F","19","","Unknown","Driver","Impairment Not Known","East","Changing Lanes","Car","Unknown","1","Unknown","Unknown"
"CR-0000085902","ACV-0000175785","M","18","","Moderate","Driver","Had Not Been Drinking","West","Making Left Turn","Panel Truck","None Apparent","1","21801","Yield Left Turn"
"CR-0000085903","ACV-0000175787","","0","","Unknown","Driver","Impairment Not Known","South","Proceeding Straight","Car","Unknown","1","Unknown","Unknown"
"CR-0000085905","ACV-0000175792","F","38","","Minor","Driver","Impairment Not Known","South","Stopped","Car","Unknown","1","Not Applicable","Not Applicable"
"CR-0000085913","ACV-0000175809","M","28","","Moderate","Driver","Had Not Been Drinking","South","Proceeding Straight","Car","None Apparent","1","21703","Follow Too Closely"
"CR-0000085907","ACV-0000175796","M","70","","Major","Driver","Had Not Been Drinking","West","Proceeding Straight","Car","None Apparent","1","Unknown","Unknown"
"CR-0000085894","ACV-0000175770","F","83","","Moderate","Driver","Impairment Not Known","South","Proceeding Straight","Car","Unknown","1","Not Applicable","Not Applicable"
"CR-0000085915","ACV-0000175813","","0","","Moderate","Driver","Impairment Not Known","East","Making Left Turn","Car","Other Violation","1","21801","Yield Left Turn"
"CR-0000085910","ACV-0000175803","M","47","","Minor","Driver","Had Not Been Drinking","East","Proceeding Straight","Car","None Apparent","1","Not Applicable","Not Applicable"
"CR-0000085891","ACV-0000175764","","0","","Totaled","Driver","Impairment Not Known","South","Ran Off Road","Car","Other Violation","1","22107","Unsafe Turn Movement"
"CR-0000085901","ACV-0000175783","F","29","","Unknown","Driver","Impairment Not Known","North","Proceeding Straight","Car","Unknown","1","Unknown","Unknown"
"CR-0000085898","ACV-0000175776","F","6","","Not Applicable","Pedestrian","Impairment Not Known","West","Proceeding Straight","Pedestrian","Other","1","21954","Pedestrian Yield Car"
"CR-0000085900","ACV-0000175781","","0","","Unknown","Driver","Impairment Not Known","East","Making Left Turn","Car","Other Violation","1","21453","Run Red Light"
"CR-0000085908","ACV-0000175799","F","24","","Minor","Driver","Impairment Not Known","East","Proceeding Straight","Car","None Apparent","1","Not Applicable","Not Applicable"
"CR-0000085892","ACV-0000175765","M","67","","Moderate","Driver","Sleepy/Fatigued","West","Proceeding Straight","Panel Truck","Other Violation","1","22350","Speeding"
"CR-0000085893","ACV-0000175767","M","38","","Major","Driver","Impairment Not Known","East","Proceeding Straight","Panel Truck","None Apparent","1","21453","Run Red Light"
"CR-0000085899","ACV-0000175779","","0","","Moderate","Parked","Not Applicable","Not Applicable","Parked","Car","Unknown","1","Not Applicable","Not Applicable"
"CR-0000085895","ACV-0000175772","M","36","","Minor","Driver","Impairment Not Known","West","Proceeding Straight","Car","Unknown","1","Not Applicable","Not Applicable"
"CR-0000085890","ACV-0000175763","M","45","","Not Applicable","Pedestrian","Had Not Been Drinking","East","Proceeding Straight","Pedestrian","None Apparent","1","Not Applicable","Not Applicable"
"CR-0000085906","ACV-0000175795","M","81","","Minor","Driver","Had Not Been Drinking","West","Stopped","Car","None Apparent","1","Not Applicable","Not Applicable"
"CR-0000085893","ACV-0000175768","M","45","","Moderate","Driver","Impairment Not Known","West","Making Left Turn","Bus - Other","None Apparent","1","Not Applicable","Not Applicable"
"CR-0000085907","ACV-0000175797","M","0","","Moderate","Driver","Had Not Been Drinking","South","Proceeding Straight","Emergency Vehicle","None Apparent","1","Unknown","Unknown"
"CR-0000085906","ACV-0000175794","M","49","","Major","Driver","Had Not Been Drinking","South","Making U-Turn","Panel Truck","None Apparent","1","Not Applicable","Not Applicable"
"CR-0000085917","ACV-0000175817","M","49","","Minor","Driver","Had Not Been Drinking","West","Making Left Turn","Car","Unknown","1","21801","Yield Left Turn"
"CR-0000085896","ACV-0000175774","F","45","","Moderate","Driver","Had Not Been Drinking","East","Proceeding Straight","Car","None Apparent","1","Not Applicable","Not Applicable"
"CR-0000085909","ACV-0000175800","","0","","Unknown","Driver","Impairment Not Known","East","Making Right Turn","Car","Other Violation","1","22106","Unsafe Backing"
"CR-0000085901","ACV-0000175784","M","23","","Unknown","Driver","Impairment Not Known","North","Changing Lanes","Car","Unknown","1","Unknown","Unknown"
"CR-0000085914","ACV-0000175811","F","64","","Major","Driver","Had Not Been Drinking","East","Proceeding Straight","Car","None Apparent","1","22350","Speeding"
"CR-0000085935","ACV-0000175859","M","25","","Unknown","Driver","Impairment Not Known","East","Proceeding Straight","Car","Unknown","1","Unknown","Unknown"
"CR-0000085932","ACV-0000175853","F","71","","Moderate","Driver","Impairment Not Known","West","Proceeding Straight","Car","None Apparent","1","22107","Unsafe Turn Movement"
"CR-0000085926","ACV-0000175837","","0","","Unknown","Driver","Impairment Not Known","West","Proceeding Straight","Car","Other Violation","1","22350","Speeding"
"CR-0000085922","ACV-0000175830","","0","","Minor","Parked","Not Applicable","Not Applicable","Parked","Car","Unknown","1","Not Applicable","Not Applicable"
"CR-0000085918","ACV-0000175820","F","34","","Minor","Driver","Had Not Been Drinking","South","Making Right Turn","Car","None Apparent","1","Not Applicable","Not Applicable"
"CR-0000085927","ACV-0000175840","M","41","","Moderate","Driver","Had Not Been Drinking","South","Proceeding Straight","Car","Unknown","1","Not Applicable","Not Applicable"
"CR-0000085927","ACV-0000175839","F","42","","Major","Driver","Had Not Been Drinking","East","Proceeding Straight","Car","Inattention","1","21453","Run Red Light"
"CR-0000085934","ACV-0000175857","","0","","Moderate","Parked","Not Applicable","Not Applicable","Parked","Car","Unknown","1","Not Applicable","Not Applicable"
"CR-0000085919","ACV-0000175823","","0","","Minor","Parked","Not Applicable","Not Applicable","Parked","Car","None Apparent","1","Not Applicable","Not Applicable"
"CR-0000085928","ACV-0000175843","","0","","Major","Parked","Not Applicable","Not Applicable","Parked","Car","None Apparent","1","Not Applicable","Not Applicable"
"CR-0000085922","ACV-0000175829","F","27","","Minor","Driver","Had Not Been Drinking","South","Proceeding Straight","Car","Other Violation","1","22350","Speeding"
"CR-0000085930","ACV-0000175849","","0","","Major","Parked","Not Applicable","Not Applicable","Parked","Car","Unknown","1","Not Applicable","Not Applicable"
"CR-0000085924","ACV-0000175833","F","81","","Minor","Driver","Had Not Been Drinking","South","Proceeding Straight","Car","Unknown","1","Unknown","Unknown"
"CR-0000085931","ACV-0000175851","","0","","Major","Parked","Not Applicable","Not Applicable","Parked","Car","None Apparent","1","Not Applicable","Not Applicable"
"CR-0000085918","ACV-0000175819","M","51","","Minor","Driver","Had Not Been Drinking","South","Proceeding Straight","Motorcycle/Moped","None Apparent","1","21703","Follow Too Closely"
"CR-0000085925","ACV-0000175835","","0","","Unknown","Driver","Impairment Not Known","East","Making Right Turn","Car","Other Violation","1","22450","Fail Stop/Sign"
"CR-0000085933","ACV-0000175854","F","62","","Not Applicable","Pedestrian","Had Not Been Drinking","East","Proceeding Straight","Pedestrian","None Apparent","1","21954","Pedestrian Yield Car"
"CR-0000085935","ACV-0000175858","F","60","","Unknown","Driver","Impairment Not Known","East","Stopped","Car","Unknown","1","Unknown","Unknown"
"CR-0000085929","ACV-0000175845","F","58","","Not Applicable","Pedestrian","Had Not Been Drinking","Not Applicable","Other (Ped)","Pedestrian","None Apparent","1","Not Applicable","Not Applicable"
"CR-0000085928","ACV-0000175842","","0","","Minor","Parked","Not Applicable","Not Applicable","Parked","Car","None Apparent","1","Not Applicable","Not Applicable"
"CR-0000085934","ACV-0000175856","M","64","","Moderate","Driver","Had Been Drinking - Under Influence","East","Ran Off Road","Car","Unknown","1","23152","Driving Drunk"
"CR-0000085933","ACV-0000175855","M","66","","None","Driver","Had Not Been Drinking","South","Proceeding Straight","Panel Truck","None Apparent","1","Not Applicable","Not Applicable"
"CR-0000085921","ACV-0000175827","F","27","","Major","Driver","Impairment Not Known","West","Making Left Turn","Car","None Apparent","1","21453","Run Red Light"
"CR-0000085931","ACV-0000175852","","0","","Minor","Parked","Not Applicable","Not Applicable","Parked","Car","None Apparent","1","Not Applicable","Not Applicable"
"CR-0000085921","ACV-0000175828","M","23","","Major","Driver","Impairment Not Known","East","Proceeding Straight","Car","None Apparent","1","Not Applicable","Not Applicable"
"CR-0000085930","ACV-0000175847","","0","","Major","Driver","Impairment Not Known","South","Proceeding Straight","Car","Other Violation","1","22107","Unsafe Turn Movement"
"CR-0000085919","ACV-0000175821","M","60","","Moderate","Driver","Impairment Not Known","South","Proceeding Straight","Car","Other Violation","1","21658","Unsafe Lane Change"
"CR-0000085928","ACV-0000175841","M","34","","Major","Driver","Had Not Been Drinking","East","Proceeding Straight","Car","None Apparent","1","21658","Unsafe Lane Change"
"CR-0000085926","ACV-0000175838","F","67","","Minor","Driver","Had Not Been Drinking","West","Stopped","Car","Unknown","1","Not Applicable","Not Applicable"
"CR-0000085923","ACV-0000175831","F","33","","Minor","Driver","Impairment Not Known","North","Making Left Turn","Car","Other Violation","1","22107","Unsafe Turn Movement"
"CR-0000085930","ACV-0000175848","","0","","Moderate","Parked","Not Applicable","Not Applicable","Parked","Car","Unknown","1","Not Applicable","Not Applicable"
"CR-0000085931","ACV-0000175850","","0","","Moderate","Driver","Impairment Not Known","South","Proceeding Straight","Car","Other Violation","1","21658","Unsafe Lane Change"
"CR-0000085920","ACV-0000175826","","0","","Minor","Parked","Not Applicable","Not Applicable","Parked","Car","Unknown","1","Not Applicable","Not Applicable"
"CR-0000085929","ACV-0000175846","","0","","Minor","Parked","Not Applicable","Not Applicable","Parked","Car","None Apparent","1","Not Applicable","Not Applicable"
"CR-0000085923","ACV-0000175832","","0","","Minor","Parked","Not Applicable","Not Applicable","Parked","Car","Unknown","1","Not Applicable","Not Applicable"
"CR-0000085920","ACV-0000175825","F","43","","Major","Driver","Had Not Been Drinking","East","Proceeding Straight","Motorcycle/Moped","Unknown","1","Not Applicable","Not Applicable"
"CR-0000085919","ACV-0000175822","","0","","Moderate","Parked","Not Applicable","Not Applicable","Parked","Panel Truck","None Apparent","1","Not Applicable","Not Applicable"
"CR-0000085924","ACV-0000175834","M","25","","Minor","Driver","Had Not Been Drinking","West","Proceeding Straight","Car","Other Violation","1","Unknown","Unknown"
"CR-0000085925","ACV-0000175836","M","32","","Minor","Driver","Impairment Not Known","South","Proceeding Straight","Semi Truck","None Apparent","1","Not Applicable","Not Applicable"
"CR-0000085920","ACV-0000175824","M","58","","Minor","Driver","Had Not Been Drinking","West","Backing","Panel Truck","Unknown","1","22106","Unsafe Backing"
"CR-0000085929","ACV-0000175844","M","33","","None","Driver","Had Not Been Drinking","South","Proceeding Straight","Car","None Apparent","1","22350","Speeding"
"CR-0000085937","ACV-0000175863","","0","","Unknown","Driver","Impairment Not Known","North","Traveling Wrong Way","Panel Truck","Other Violation","1","21651","Divided Highway"
"CR-0000085937","ACV-0000175864","M","36","","Not Applicable","Bicycle","Impairment Not Known","North","Traveling Wrong Way","Bicycle","Other Violation","1","Not Applicable","Not Applicable"
"CR-0000085952","ACV-0000175891","M","30","","Moderate","Driver","Had Not Been Drinking","West","Making Left Turn","Car","Inattention","1","21453","Run Red Light"
"CR-0000085954","ACV-0000175897","F","43","","Moderate","Driver","Had Not Been Drinking","North","Proceeding Straight","Car","Unknown","1","Not Applicable","Not Applicable"
"CR-0000085940","ACV-0000175869","","0","","Unknown","Driver","Impairment Not Known","South","Making Right Turn","Other","Other Violation","1","22107","Unsafe Turn Movement"
"CR-0000085946","ACV-0000175880","","0","","Minor","Parked","Not Applicable","Not Applicable","Parked","Car","None Apparent","1","Not Applicable","Not Applicable"
"CR-0000085954","ACV-0000175896","M","81","","Not Applicable","Bicycle","Impairment Not Known","West","Proceeding Straight","Bicycle","None Apparent","1","Not Applicable","Not Applicable"
"CR-0000085941","ACV-0000175870","M","24","","Minor","Driver","Had Not Been Drinking","North","Slowing/Stopping","Car","None Apparent","1","22350","Speeding"
"CR-0000085952","ACV-0000175892","M","42","","Minor","Driver","Had Not Been Drinking","North","Proceeding Straight","Car","Unknown","1","Not Applicable","Not Applicable"
"CR-0000085954","ACV-0000175895","M","76","","Minor","Driver","Had Not Been Drinking","West","Making Right Turn","Car","None Apparent","1","22107","Unsafe Turn Movement"
"CR-0000085942","ACV-0000175873","","0","","Minor","Parked","Not Applicable","Not Applicable","Parked","Car","None Apparent","1","Not Applicable","Not Applicable"
"CR-0000085951","ACV-0000175889","M","0","","Minor","Driver","Impairment Not Known","South","Proceeding Straight","Car","Other Violation","1","22350","Speeding"
"CR-0000085948","ACV-0000175883","","0","","Unknown","Driver","Impairment Not Known","North","Proceeding Straight","Car","Other Violation","1","22350","Speeding"
"CR-0000085953","ACV-0000175894","","0","","Major","Driver","Impairment Not Known","Unknown","Unknown","Car","Other Violation","1","22350","Speeding"
"CR-0000085946","ACV-0000175879","","0","","None","Driver","Impairment Not Known","North","Backing","Car","Other Violation","1","22106","Unsafe Backing"
"CR-0000085947","ACV-0000175882","F","22","","Moderate","Driver","Impairment Not Known","North","Proceeding Straight","Car","None Apparent","1","Not Applicable","Not Applicable"
"CR-0000085949","ACV-0000175885","F","69","","Major","Driver","Had Not Been Drinking","North","Making Left Turn","Car","None Apparent","1","21453","Run Red Light"
"CR-0000085945","ACV-0000175877","","0","","Unknown","Driver","Impairment Not Known","South","Proceeding Straight","Unknown","Other Violation","1","22350","Speeding"
"CR-0000085943","ACV-0000175874","","0","","Major","Driver","Impairment Not Known","West","Proceeding Straight","Car","Unknown","1","22350","Speeding"
"CR-0000085952","ACV-0000175893","F","22","","Moderate","Driver","Had Not Been Drinking","North","Proceeding Straight","Car","Unknown","1","Not Applicable","Not Applicable"
"CR-0000085947","ACV-0000175881","F","40","","Major","Driver","Impairment Not Known","South","Making Left Turn","Car","Other Violation","1","22350","Speeding"
"CR-0000085950","ACV-0000175887","F","48","","None","Driver","Had Not Been Drinking","East","Making Left Turn","Car","Unknown","1","Unknown","Unknown"
"CR-0000085945","ACV-0000175878","","0","","Minor","Parked","Not Applicable","Not Applicable","Parked","Car","Unknown","1","Not Applicable","Not Applicable"
"CR-0000085941","ACV-0000175871","M","37","","None","Driver","Had Not Been Drinking","North","Stopped","Car","None Apparent","1","Not Applicable","Not Applicable"
"CR-0000085951","ACV-0000175890","M","37","","Minor","Driver","Had Not Been Drinking","South","Making Left Turn","Car","None Apparent","1","Not Applicable","Not Applicable"
"CR-0000085942","ACV-0000175872","M","38","","None","Driver","Had Not Been Drinking","West","Proceeding Straight","Other","None Apparent","1","22106","Unsafe Backing"
"CR-0000085950","ACV-0000175888","F","26","","Not Applicable","Pedestrian","Had Not Been Drinking","North","Other (Ped)","Pedestrian","Unknown","1","Unknown","Unknown"
"CR-0000085944","ACV-0000175875","M","0","","Minor","Driver","Impairment Not Known","West","Proceeding Straight","Car","Other Violation","1","22350","Speeding"
"CR-0000085949","ACV-0000175886","F","54","","Major","Driver","Had Not Been Drinking","South","Proceeding Straight","Car","None Apparent","1","Not Applicable","Not Applicable"
"CR-0000085948","ACV-0000175884","M","57","","Minor","Driver","Impairment Not Known","North","Stopped","Car","Unknown","1","Not Applicable","Not Applicable"
"CR-0000085944","ACV-0000175876","M","33","","Minor","Driver","Had Not Been Drinking","West","Stopped","Car","Unknown","1","Not Applicable","Not Applicable"
"CR-0000085972","ACV-0000175933","","0","","Minor","Parked","Not Applicable","Not Applicable","Parked","Car","None Apparent","1","Not Applicable","Not Applicable"
"CR-0000085972","ACV-0000175931","","0","","Major","Driver","Impairment Not Known","North","Proceeding Straight","Car","Other Violation","1","22350","Speeding"
"CR-0000085970","ACV-0000175927","M","20","","Minor","Driver","Had Not Been Drinking","North","Proceeding Straight","Car","Other Violation","1","21703","Follow Too Closely"
"CR-0000085967","ACV-0000175922","M","34","","Minor","Driver","Impairment Not Known","East","Stopped","Car","None Apparent","1","Not Applicable","Not Applicable"
"CR-0000085975","ACV-0000175939","","0","","Moderate","Parked","Not Applicable","Not Applicable","Parked","Car","Unknown","1","Not Applicable","Not Applicable"
"CR-0000085964","ACV-0000175915","F","41","","Moderate","Driver","Had Been Drinking - Under Influence","North","Proceeding Straight","Car","Under Influence","1","22350","Speeding"
"CR-0000085976","ACV-0000175943","","0","","Major","Parked","Not Applicable","Not Applicable","Parked","Car","Unknown","1","Not Applicable","Not Applicable"
"CR-0000085965","ACV-0000175918","","0","","Moderate","Parked","Not Applicable","Not Applicable","Parked","Car","None Apparent","1","Not Applicable","Not Applicable"
"CR-0000085968","ACV-0000175924","","0","","Unknown","Parked","Not Applicable","Not Applicable","Parked","Panel Truck","Unknown","1","Unknown","Unknown"
"CR-0000085970","ACV-0000175928","F","26","","Minor","Driver","Had Not Been Drinking","North","Stopped","Car","Unknown","1","Not Applicable","Not Applicable"
"CR-0000085963","ACV-0000175914","M","49","","Not Applicable","Pedestrian","Impairment Not Known","Unknown","Proceeding Straight","Pedestrian","Unknown","1","Not Applicable","Not Applicable"
"CR-0000085973","ACV-0000175935","M","27","","Moderate","Parked","Not Applicable","Not Applicable","Parked","Panel Truck","Unknown","1","Not Applicable","Not Applicable"
"CR-0000085969","ACV-0000175925","F","55","","Major","Driver","Had Been Drinking - Under Influence","West","Other Unsafe Turning","Car","Other Violation","1","23152","Driving Drunk"
"CR-0000085976","ACV-0000175944","","0","","Major","Parked","Not Applicable","Not Applicable","Parked","Car","Unknown","1","Not Applicable","Not Applicable"
"CR-0000085957","ACV-0000175902","","0","","Major","Driver","Impairment Not Known","North","Making Left Turn","Car","Other Violation","1","22107","Unsafe Turn Movement"
"CR-0000085966","ACV-0000175919","M","23","","Major","Driver","Had Not Been Drinking","East","Proceeding Straight","Car","Unknown","1","22350","Speeding"
"CR-0000085960","ACV-0000175908","M","39","","Unknown","Driver","Impairment Not Known","West","Proceeding Straight","Car","Unknown","1","Unknown","Unknown"
"CR-0000085963","ACV-0000175913","M","19","","Minor","Driver","Had Not Been Drinking","West","Proceeding Straight","Car","None Apparent","1","21950","Yield Pedestrian In Crosswalk"
"CR-0000085958","ACV-0000175904","","0","","Minor","Parked","Not Applicable","Not Applicable","Parked","Car","Unknown","1","Not Applicable","Not Applicable"
"CR-0000085955","ACV-0000175898","","0","","Major","Driver","Impairment Not Known","West","Proceeding Straight","Panel Truck","Other Violation","1","21658","Unsafe Lane Change"
"CR-0000085958","ACV-0000175905","","0","","Major","Parked","Not Applicable","Not Applicable","Parked","Car","Unknown","1","Not Applicable","Not Applicable"
"CR-0000085976","ACV-0000175945","M","59","","Major","Parked","Not Applicable","Not Applicable","Parked","Car","Unknown","1","Not Applicable","Not Applicable"
"CR-0000085975","ACV-0000175940","","0","","Moderate","Driver","Not Applicable","Not Applicable","Parked","Car","Unknown","1","Not Applicable","Not Applicable"
"CR-0000085972","ACV-0000175932","","0","","Major","Parked","Not Applicable","Not Applicable","Parked","Car","None Apparent","1","Not Applicable","Not Applicable"
"CR-0000085976","ACV-0000175946","","0","","Major","Parked","Not Applicable","Not Applicable","Parked","Car","Unknown","1","Not Applicable","Not Applicable"
"CR-0000085956","ACV-0000175900","","0","","Moderate","Parked","Not Applicable","Not Applicable","Parked","Car","Unknown","1","Not Applicable","Not Applicable"
"CR-0000085959","ACV-0000175906","M","49","","Moderate","Driver","Had Not Been Drinking","West","Making Left Turn","Car","Unfamiliar With Road","1","21801","Yield Left Turn"
"CR-0000085971","ACV-0000175929","F","42","","Major","Driver","Impairment Not Known","North","Stopped","Car","Unknown","1","21801","Yield Left Turn"
"CR-0000085975","ACV-0000175938","","0","","Unknown","Driver","Impairment Not Known","East","Proceeding Straight","Car","Other Violation","1","22350","Speeding"
"CR-0000085974","ACV-0000175937","M","30","","Moderate","Driver","Had Been Drinking - Not Under Influence","East","Proceeding Straight","Car","None Apparent","1","Not Applicable","Not Applicable"
"CR-0000085968","ACV-0000175923","","0","","Unknown","Driver","Impairment Not Known","Unknown","Unknown","Unknown","Unknown","1","Unknown","Unknown"
"CR-0000085961","ACV-0000175910","M","18","","Moderate","Driver","Impairment Not Known","South","Ran Off Road","Car","Other Violation","1","22350","Speeding"
"CR-0000085967","ACV-0000175921","M","0","","Major","Driver","Impairment Not Known","East","Proceeding Straight","Car","Other Violation","1","22350","Speeding"
"CR-0000085973","ACV-0000175934","","0","","Moderate","Driver","Impairment Not Known","West","Unknown","Car","Other Violation","1","Unknown","Unknown"
"CR-0000085976","ACV-0000175947","","0","","Moderate","Parked","Not Applicable","Not Applicable","Parked","Panel Truck","Unknown","1","Not Applicable","Not Applicable"
"CR-0000085976","ACV-0000175942","M","34","","Major","Driver","Had Been Drinking - Under Influence","South","Proceeding Straight","Panel Truck","Unknown","1","23153","Driving Drunk With Injury"
"CR-0000085962","ACV-0000175911","F","28","","Major","Driver","Had Been Drinking - Not Under Influence","South","Proceeding Straight","Car","Other Violation","1","21460","Driving Over Centerline"
"CR-0000085959","ACV-0000175907","M","23","","Moderate","Driver","Had Not Been Drinking","East","Proceeding Straight","Panel Truck","None Apparent","1","Not Applicable","Not Applicable"
"CR-0000085965","ACV-0000175917","M","0","","Major","Driver","Impairment Not Known","North","Other Unsafe Turning","Car","Other Violation","1","22107","Unsafe Turn Movement"
"CR-0000085958","ACV-0000175903","","0","","Major","Driver","Impairment Not Known","West","Proceeding Straight","Panel Truck","Other Violation","1","Unknown","Unknown"
"CR-0000085971","ACV-0000175930","M","18","","Major","Driver","Impairment Not Known","East","Proceeding Straight","Panel Truck","Unknown","1","Not Applicable","Not Applicable"
"CR-0000085956","ACV-0000175899","","0","","Major","Driver","Impairment Not Known","North","Proceeding Straight","Car","Other Violation","1","22350","Speeding"
"CR-0000085975","ACV-0000175941","","0","","Unknown","Driver","Not Applicable","Not Applicable","Parked","Car","Unknown","1","Not Applicable","Not Applicable"
"CR-0000085960","ACV-0000175909","F","26","","Unknown","Driver","Impairment Not Known","West","Slowing/Stopping","Car","Unknown","1","Unknown","Unknown"
"CR-0000085962","ACV-0000175912","F","28","","Major","Driver","Had Been Drinking - Not Under Influence","East","Making Left Turn","Car","Unknown","1","Not Applicable","Not Applicable"
"CR-0000085956","ACV-0000175901","","0","","Moderate","Parked","Not Applicable","Not Applicable","Parked","Car","Unknown","1","Not Applicable","Not Applicable"
"CR-0000085969","ACV-0000175926","","0","","Minor","Parked","Not Applicable","Not Applicable","Parked","Panel Truck","None Apparent","1","Not Applicable","Not Applicable"
"CR-0000085974","ACV-0000175936","F","23","","Moderate","Driver","Had Been Drinking - Not Under Influence","North","Proceeding Straight","Car","None Apparent","1","22450","Fail Stop/Sign"
"CR-0000085966","ACV-0000175920","F","35","","Major","Driver","Had Not Been Drinking","East","Stopped","Car","Unknown","1","Not Applicable","Not Applicable"
"CR-0000085964","ACV-0000175916","","0","","Moderate","Parked","Not Applicable","Not Applicable","Parked","Car","Unknown","1","Not Applicable","Not Applicable"
"CR-0000085984","ACV-0000175948","M","53","","Major","Driver","Had Not Been Drinking","North","Proceeding Straight","Panel Truck","Defective Vehicle Equipment","1","00001","Other Improper Driving"
"CR-0000085984","ACV-0000175949","M","18","","Major","Driver","Had Not Been Drinking","East","Proceeding Straight","Car","Unknown","1","Not Applicable","Not Applicable"
"CR-0000085985","ACV-0000175950","F","52","","Major","Driver","Had Not Been Drinking","North","Proceeding Straight","Car","Inattention","1","Unknown","Unknown"
"CR-0000085985","ACV-0000175951","F","18","","Major","Driver","Had Not Been Drinking","West","Proceeding Straight","Car","Inattention","1","Unknown","Unknown"
"CR-0000085986","ACV-0000175952","F","0","","Minor","Driver","Impairment Not Known","South","Changing Lanes","Car","Other Violation","1","22107","Unsafe Turn Movement"
"CR-0000085986","ACV-0000175953","M","26","","Minor","Driver","Had Not Been Drinking","South","Proceeding Straight","Car","None Apparent","1","Not Applicable","Not Applicable"
"CR-0000086012","ACV-0000175999","F","59","","Major","Driver","Had Not Been Drinking","North","Proceeding Straight","Car","None Apparent","1","Not Applicable","Not Applicable"
"CR-0000086009","ACV-0000175991","","0","","Minor","Driver","Impairment Not Known","South","Changing Lanes","Car","Other Violation","1","22107","Unsafe Turn Movement"
"CR-0000085995","ACV-0000175967","M","50","","Minor","Driver","Impairment Not Known","South","Proceeding Straight","Car","Unknown","1","Not Applicable","Not Applicable"
"CR-0000086006","ACV-0000175986","","0","","Major","Parked","Not Applicable","Not Applicable","Parked","Car","None Apparent","1","Not Applicable","Not Applicable"
"CR-0000086003","ACV-0000175980","M","29","","Moderate","Driver","Had Been Drinking - Not Under Influence","South","Proceeding Straight","Car","Inattention","1","21703","Follow Too Closely"
"CR-0000085994","ACV-0000175964","M","60","","Minor","Driver","Had Not Been Drinking","North","Proceeding Straight","Car","None Apparent","1","Not Applicable","Not Applicable"
"CR-0000086010","ACV-0000175993","M","35","","Major","Driver","Had Not Been Drinking","South","Proceeding Straight","Car","Other Violation","1","21658","Unsafe Lane Change"
"CR-0000085996","ACV-0000175968","F","19","","Moderate","Driver","Had Not Been Drinking","East","Making Left Turn","Car","Vision Obscurement","1","22107","Unsafe Turn Movement"
"CR-0000085997","ACV-0000175970","F","27","","Minor","Driver","Had Not Been Drinking","East","Proceeding Straight","Car","None Apparent","1","Not Applicable","Not Applicable"
"CR-0000086001","ACV-0000175976","F","70","","Minor","Driver","Had Not Been Drinking","North","Making Left Turn","Car","None Apparent","1","21453","Run Red Light"
"CR-0000085993","ACV-0000175962","F","21","","Unknown","Driver","Impairment Not Known","West","Backing","Car","Other Violation","1","22106","Unsafe Backing"
"CR-0000085990","ACV-0000175956","M","41","","Minor","Driver","Had Not Been Drinking","North","Proceeding Straight","Car","Other Violation","1","22350","Speeding"
"CR-0000085990","ACV-0000175957","F","33","","Minor","Driver","Had Not Been Drinking","North","Stopped","Car","Unknown","1","Not Applicable","Not Applicable"
"CR-0000086001","ACV-0000175977","F","53","","Moderate","Driver","Had Not Been Drinking","South","Proceeding Straight","Car","None Apparent","1","Not Applicable","Not Applicable"
"CR-0000085994","ACV-0000175965","M","34","","Not Applicable","Pedestrian","Had Not Been Drinking","East","Proceeding Straight","Pedestrian","None Apparent","1","21453","Run Red Light"
"CR-0000086011","ACV-0000175996","M","54","","Major","Driver","Had Not Been Drinking","East","Making Left Turn","Motorcycle/Moped","None Apparent","1","22107","Unsafe Turn Movement"
"CR-0000086008","ACV-0000175990","M","43","","Moderate","Driver","Impairment Not Known","East","Proceeding Straight","Car","Inattention","1","21651","Divided Highway"
"CR-0000086004","ACV-0000175982","","0","","Unknown","Driver","Impairment Not Known","East","Proceeding Straight","Car","Other Violation","1","21950","Yield Pedestrian In Crosswalk"
"CR-0000086006","ACV-0000175987","","0","","Moderate","Parked","Not Applicable","Not Applicable","Parked","Car","None Apparent","1","Not Applicable","Not Applicable"
"CR-0000086005","ACV-0000175984","","0","","Minor","Parked","Not Applicable","Not Applicable","Parked","Car","Unknown","1","Not Applicable","Not Applicable"
"CR-0000085998","ACV-0000175972","M","25","","Moderate","Driver","Had Not Been Drinking","South","Making Left Turn","Car","Unknown","1","Not Applicable","Not Applicable"
"CR-0000086001","ACV-0000175978","M","61","","Moderate","Driver","Had Not Been Drinking","South","Proceeding Straight","Car","None Apparent","1","Not Applicable","Not Applicable"
"CR-0000085991","ACV-0000175958","M","28","","None","Driver","Had Not Been Drinking","North","Proceeding Straight","Car","None Apparent","1","22350","Speeding"