"CrashName","Name","Sex","Age","Speed","VehicleDamage","PartyCategory","Sobriety","VehicleDirection","MovementPrecedingCollision","PartyType","OtherAssociatedFactor","VehicleCount","ViolationCode","ViolationCodeDescription"
"CR-0000085989","ACV-0000175954","M","0","","Unknown","Driver","Impairment Not Known","South","Making Right Turn","Panel Truck","Other Violation","1","22350","Speeding"
"CR-0000085999","ACV-0000175974","M","31","","Major","Driver","Impairment Not Known","West","Proceeding Straight","Car","Unknown","1","Not Applicable","Not Applicable"
"CR-0000086012","ACV-0000175998","M","31","","Major","Driver","Had Not Been Drinking","East","Proceeding Straight","Car","None Apparent","1","21453","Run Red Light"
"CR-0000086006","ACV-0000175985","M","23","","Major","Driver","Impairment Not Known","West","Making Left Turn","Car","Other Violation","1","22350","Speeding"
"CR-0000086009","ACV-0000175992","F","56","","Minor","Driver","Had Not Been Drinking","South","Proceeding Straight","Car","None Apparent","1","Not Applicable","Not Applicable"
"CR-0000085989","ACV-0000175955","M","23","","Not Applicable","Pedestrian","Impairment Not Known","East","Proceeding Straight","Pedestrian","Unknown","1","Not Applicable","Not Applicable"
"CR-0000086010","ACV-0000175994","","0","","Major","Parked","Not Applicable","Not Applicable","Parked","Car","Unknown","1","Not Applicable","Not Applicable"
"CR-0000086000","ACV-0000175975","M","21","","Major","Driver","Had Not Been Drinking","South","Proceeding Straight","Panel Truck","Unknown","1","22350","Speeding"
"CR-0000085993","ACV-0000175963","F","38","","Minor","Driver","Had Not Been Drinking","West","Stopped","Panel Truck","Unknown","1","Not Applicable","Not Applicable"
"CR-0000086011","ACV-0000175997","F","27","","Moderate","Driver","Had Not Been Drinking","South","Making Left Turn","Car","None Apparent","1","Not Applicable","Not Applicable"
"CR-0000085992","ACV-0000175961","F","20","","Major","Driver","Impairment Not Known","North","Proceeding Straight","Car","None Apparent","1","Not Applicable","Not Applicable"
"CR-0000085997","ACV-0000175969","M","0","","Unknown","Driver","Impairment Not Known","East","Other Unsafe Turning","Car","Other Violation","1","21658","Unsafe Lane Change"
"CR-0000086005","ACV-0000175983","","0","","Unknown","Driver","Impairment Not Known","North","Proceeding Straight","Car","Other Violation","1","22107","Unsafe Turn Movement"
"CR-0000086013","ACV-0000176000","M","22","","Major","Driver","Had Been Drinking - Not Under Influence","West","Ran Off Road","Car","Speeding","1","22107","Unsafe Turn Movement"
"CR-0000085999","ACV-0000175973","F","32","","Major","Driver","Impairment Not Known","South","Making Left Turn","Car","Unknown","1","21804","Yield From Driveway/Curb"
"CR-0000086007","ACV-0000175989","M","0","","Major","Driver","Impairment Not Known","East","Ran Off Road","Car","Other Violation","1","22350","Speeding"
"CR-0000085995","ACV-0000175966","","0","","Unknown","Driver","Impairment Not Known","West","Making Left Turn","Car","Other Violation","1","22350","Speeding"
"CR-0000086003","ACV-0000175981","M","48","","Minor","Driver","Had Been Drinking - Not Under Influence","South","Stopped","Car","None Apparent","1","Not Applicable","Not Applicable"
"CR-0000085992","ACV-0000175960","M","52","","Major","Driver","Impairment Not Known","North","Changing Lanes","Car","None Apparent","1","22107","Unsafe Turn Movement"
"CR-0000086010","ACV-0000175995","","0","","Minor","Parked","Not Applicable","Not Applicable","Parked","Car","Unknown","1","Not Applicable","Not Applicable"
"CR-0000085991","ACV-0000175959","F","21","","Minor","Driver","Had Not Been Drinking","North","Stopped","Car","None Apparent","1","Not Applicable","Not Applicable"
"CR-0000086002","ACV-0000175979","M","48","","Moderate","Driver","Had Not Been Drinking","West","Ran Off Road","Car","Other","1","21663","Driving On Sidewalk"
"CR-0000085998","ACV-0000175971","M","80","","Moderate","Driver","Had Not Been Drinking","West","Proceeding Straight","Car","Unknown","1","21453","Run Red Light"
"CR-0000086023","ACV-0000176017","F","47","","Unknown","Driver","Had Not Been Drinking","West","Making Left Turn","Car","None Apparent","1","Not Applicable","Not Applicable"
"CR-0000086036","ACV-0000176045","M","56","","Moderate","Driver","Had Not Been Drinking","West","Stopped","Car","None Apparent","1","Not Applicable","Not Applicable"
"CR-0000086028","ACV-0000176028","","0","","None","Driver","Impairment Not Known","Unknown","Stopped","Car","Other Violation","1","Not Applicable","Not Applicable"
"CR-0000086028","ACV-0000176026","M","31","","Minor","Driver","Had Been Drinking - Under Influence","Unknown","Proceeding Straight","Car","Other Violation","1","22350","Speeding"
"CR-0000086039","ACV-0000176052","","0","","Minor","Parked","Not Applicable","Not Applicable","Parked","Car","None Apparent","1","Not Applicable","Not Applicable"
"CR-0000086038","ACV-0000176049","M","40","","Moderate","Driver","Had Not Been Drinking","South","Proceeding Straight","Car","Unknown","1","Not Applicable","Not Applicable"
"CR-0000086034","ACV-0000176040","F","44","","Moderate","Driver","Had Not Been Drinking","South","Stopped","Car","None Apparent","1","Not Applicable","Not Applicable"
"CR-0000086029","ACV-0000176029","M","31","","Major","Driver","Had Been Drinking - Under Influence","North","Proceeding Straight","Car","None Apparent","1","23152","Driving Drunk"
"CR-0000086025","ACV-0000176020","M","21","","Unknown","Driver","Had Not Been Drinking","West","Proceeding Straight","Car","None Apparent","1","21802","Yield Stop Sign"
"CR-0000086034","ACV-0000176039","M","23","","Major","Driver","Had Not Been Drinking","South","Proceeding Straight","Car","None Apparent","1","22350","Speeding"
"CR-0000086020","ACV-0000176011","F","27","","Minor","Parked","Not Applicable","Not Applicable","Parked","Car","None Apparent","1","22521","Parking On Railroad"
"CR-0000086027","ACV-0000176025","","0","","Moderate","Parked","Not Applicable","West","Parked","Car","None Apparent","1","Not Applicable","Not Applicable"
"CR-0000086021","ACV-0000176013","","0","","Major","Driver","Impairment Not Known","East","Proceeding Straight","Panel Truck","Other Violation","1","22350","Speeding"
"CR-0000086033","ACV-0000176038","M","66","","Major","Driver","Had Not Been Drinking","East","Proceeding Straight","Car","Unknown","1","Unknown","Unknown"
"CR-0000086032","ACV-0000176036","","0","","Major","Parked","Not Applicable","Not Applicable","Parked","Car","Unknown","1","Not Applicable","Not Applicable"
"CR-0000086015","ACV-0000176003","F","39","","Moderate","Driver","Had Not Been Drinking","North","Other Unsafe Turning","Car","Uninvolved Vehicle","1","22350","Speeding"
"CR-0000086031","ACV-0000176034","","0","","Minor","Parked","Not Applicable","Not Applicable","Parked","Car","Unknown","1","Not Applicable","Not Applicable"
"CR-0000086040","ACV-0000176056","","0","","Major","Parked","Not Applicable","Not Applicable","Parked","Car","Unknown","1","Not Applicable","Not Applicable"
"CR-0000086030","ACV-0000176031","M","29","","Minor","Driver","Sleepy/Fatigued","West","Proceeding Straight","Car","Other Violation","1","22107","Unsafe Turn Movement"
"CR-0000086019","ACV-0000176010","F","62","","Not Applicable","Pedestrian","Had Not Been Drinking","East","Other (Ped)","Pedestrian","Unknown","1","Not Applicable","Not Applicable"
"CR-0000086014","ACV-0000176001","","0","","Unknown","Driver","Impairment Not Known","West","Proceeding Straight","Unknown","Other Violation","1","22107","Unsafe Turn Movement"
"CR-0000086030","ACV-0000176032","","0","","Moderate","Parked","Not Applicable","Not Applicable","Parked","Car","None Apparent","1","Not Applicable","Not Applicable"
"CR-0000086037","ACV-0000176047","","0","","Not Applicable","Parked","Not Applicable","Not Applicable","Parked","Panel Truck","Unknown","1","Not Applicable","Not Applicable"
"CR-0000086035","ACV-0000176043","","0","","Minor","Parked","Not Applicable","Not Applicable","Parked","Car","Unknown","1","Not Applicable","Not Applicable"
"CR-0000086039","ACV-0000176050","M","41","","Moderate","Driver","Impairment Not Known","South","Other Unsafe Turning","Car","Other Violation","1","22107","Unsafe Turn Movement"
"CR-0000086017","ACV-0000176007","M","33","","Minor","Driver","Not Applicable","Not Applicable","Parked","Panel Truck","Unknown","1","Not Applicable","Not Applicable"
"CR-0000086040","ACV-0000176055","","0","","Major","Parked","Not Applicable","Not Applicable","Parked","Car","None Apparent","1","Not Applicable","Not Applicable"
"CR-0000086036","ACV-0000176044","F","49","","Major","Driver","Had Been Drinking - Under Influence","West","Proceeding Straight","Car","Speeding","1","23152","Driving Drunk"
"CR-0000086035","ACV-0000176041","","0","","Moderate","Driver","Impairment Not Known","East","Proceeding Straight","Car","Other Violation","1","21658","Unsafe Lane Change"
"CR-0000086024","ACV-0000176018","F","60","","Moderate","Driver","Had Not Been Drinking","West","Making Left Turn","Car","Unknown","1","21801","Yield Left Turn"
"CR-0000086028","ACV-0000176027","M","34","","Minor","Driver","Impairment Not Known","Unknown","Stopped","Car","None Apparent","1","Not Applicable","Not Applicable"
"CR-0000086026","ACV-0000176023","M","53","","Not Applicable","Pedestrian","Had Not Been Drinking","Unknown","Proceeding Straight","Pedestrian","Unknown","1","Not Applicable","Not Applicable"
"CR-0000086035","ACV-0000176042","","0","","Minor","Parked","Not Applicable","Not Applicable","Parked","Panel Truck","Unknown","1","Not Applicable","Not Applicable"
"CR-0000086016","ACV-0000176004","","0","","Moderate","Driver","Impairment Not Known","West","Making Left Turn","Car","Other Violation","1","22350","Speeding"
"CR-0000086033","ACV-0000176037","F","36","","Major","Driver","Had Not Been Drinking","North","Proceeding Straight","Car","Unknown","1","Unknown","Unknown"
"CR-0000086022","ACV-0000176015","M","19","","Totaled","Driver","Had Been Drinking - Not Under Influence","North","Making U-Turn","Panel Truck","Other Violation","1","Not Applicable","Not Applicable"
"CR-0000086024","ACV-0000176019","F","49","","Moderate","Driver","Had Not Been Drinking","North","Proceeding Straight","Car","Unknown","1","Not Applicable","Not Applicable"
"CR-0000086031","ACV-0000176033","","0","","Moderate","Driver","Impairment Not Known","West","Making Right Turn","Car","Other Violation","1","22107","Unsafe Turn Movement"
"CR-0000086014","ACV-0000176002","","0","","Moderate","Parked","Not Applicable","Not Applicable","Parked","Car","None Apparent","1","Not Applicable","Not Applicable"
"CR-0000086023","ACV-0000176016","M","27","","Moderate","Driver","Had Not Been Drinking","East","Proceeding Straight","Car","Other Violation","1","21453","Run Red Light"
"CR-0000086025","ACV-0000176021","M","34","","Minor","Driver","Had Not Been Drinking","South","Proceeding Straight","Motorcycle/Moped","None Apparent","1","Not Applicable","Not Applicable"
"CR-0000086019","ACV-0000176009","M","48","","None","Driver","Had Not Been Drinking","East","Making Left Turn","Panel Truck","Other Violation","1","21451","Failure To Go On Green/Arrow"
"CR-0000086032","ACV-0000176035","M","21","","Major","Driver","Impairment Not Known","South","Proceeding Straight","Car","Inattention","1","21658","Unsafe Lane Change"
"CR-0000086039","ACV-0000176053","","0","","Minor","Parked","Not Applicable","Not Applicable","Parked","Car","None Apparent","1","Not Applicable","Not Applicable"
"CR-0000086017","ACV-0000176006","","0","","Unknown","Driver","Impairment Not Known","East","Backing","Car","Other Violation","1","22106","Unsafe Backing"
"CR-0000086029","ACV-0000176030","","0","","Major","Parked","Not Applicable","Not Applicable","Parked","Car","Unknown","1","Not Applicable","Not Applicable"
"CR-0000086026","ACV-0000176022","M","49","","None","Driver","Had Not Been Drinking","West","Making Left Turn","Panel Truck","Unknown","1","21950","Yield Pedestrian In Crosswalk"
"CR-0000086027","ACV-0000176024","M","24","","Major","Driver","Had Been Drinking - Under Influence","West","Proceeding Straight","Car","Other Violation","1","23152","Driving Drunk"
"CR-0000086016","ACV-0000176005","F","26","","Moderate","Driver","Impairment Not Known","West","Making Left Turn","Car","Unknown","1","Not Applicable","Not Applicable"
"CR-0000086020","ACV-0000176012","M","46","","None","Driver","Had Not Been Drinking","North","Proceeding Straight","Train","None Apparent","1","Not Applicable","Not Applicable"
"CR-0000086022","ACV-0000176014","","0","","Major","Driver","Impairment Not Known","North","Proceeding Straight","Car","Other Violation","1","22350","Speeding"
"CR-0000086040","ACV-0000176054","M","27","","Major","Driver","Had Been Drinking - Under Influence","South","Proceeding Straight","Panel Truck","Under Influence","1","22350","Speeding"
"CR-0000086018","ACV-0000176008","M","29","","Major","Driver","Had Not Been Drinking","West","Ran Off Road","Car","Inattention","1","22350","Speeding"
"CR-0000086037","ACV-0000176046","M","46","","Unknown","Driver","Had Not Been Drinking","East","Ran Off Road","Panel Truck","Unknown","1","23103","Reckless Driving 2"
"CR-0000086039","ACV-0000176051","","0","","Moderate","Parked","Not Applicable","Not Applicable","Parked","Car","None Apparent","1","Not Applicable","Not Applicable"
"CR-0000086038","ACV-0000176048","M","25","","Major","Driver","Had Been Drinking - Under Influence","West","Making Left Turn","Car","Other Violation","1","22450","Fail Stop/Sign"
"CR-0000086053","ACV-0000176082","F","35","","Minor","Driver","Had Not Been Drinking","East","Stopped","Car","Unknown","1","Not Applicable","Not Applicable"
"CR-0000086053","ACV-0000176081","M","37","","Major","Driver","Had Not Been Drinking","East","Proceeding Straight","Car","Unknown","1","22350","Speeding"
"CR-0000086054","ACV-0000176084","","0","","Minor","Parked","Not Applicable","Not Applicable","Parked","Panel Truck","Unknown","1","Not Applicable","Not Applicable"
"CR-0000086047","ACV-0000176069","F","30","","Moderate","Driver","Impairment Not Known","East","Proceeding Straight","Car","None Apparent","1","Not Applicable","Not Applicable"
"CR-0000086049","ACV-0000176072","M","25","","Major","Driver","Had Been Drinking - Under Influence","South","Proceeding Straight","Car","Other Violation","1","22350","Speeding"
"CR-0000086043","ACV-0000176060","F","68","","None","Driver","Had Not Been Drinking","South","Making Right Turn","Car","None Apparent","1","Not Applicable","Not Applicable"
"CR-0000086046","ACV-0000176065","","0","","Unknown","Driver","Impairment Not Known","North","Backing","Panel Truck","Other Violation","1","22106","Unsafe Backing"
"CR-0000086042","ACV-0000176058","F","36","","Totaled","Driver","Impairment Not Known","North","Proceeding Straight","Car","None Apparent","1","22350","Speeding"
"CR-0000086058","ACV-0000176091","","0","","Moderate","Driver","Impairment Not Known","East","Traveling Wrong Way","Car","Other Violation","1","21651","Divided Highway"
"CR-0000086049","ACV-0000176074","","0","","Minor","Parked","Not Applicable","Not Applicable","Parked","Panel Truck","Unknown","1","Not Applicable","Not Applicable"
"CR-0000086059","ACV-0000176093","","0","","Unknown","Driver","Impairment Not Known","North","Backing","Car","Other Violation","1","22106","Unsafe Backing"
"CR-0000086059","ACV-0000176094","F","61","","Moderate","Driver","Had Not Been Drinking","South","Stopped","Car","None Apparent","1","Not Applicable","Not Applicable"
"CR-0000086049","ACV-0000176075","","0","","Minor","Parked","Not Applicable","Not Applicable","Parked","Car","Unknown","1","Not Applicable","Not Applicable"
"CR-0000086052","ACV-0000176079","F","59","","Major","Driver","Impairment Not Known","East","Proceeding Straight","Car","None Apparent","1","Unknown","Unknown"
"CR-0000086048","ACV-0000176070","F","0","","Unknown","Driver","Impairment Not Known","East","Making Right Turn","Car","Other Violation","1","22107","Unsafe Turn Movement"
"CR-0000086045","ACV-0000176063","","0","","Major","Driver","Impairment Not Known","West","Proceeding Straight","Car","Other Violation","1","Unknown","Unknown"
"CR-0000086043","ACV-0000176059","M","31","","Minor","Driver","Had Not Been Drinking","South","Making Right Turn","Car","None Apparent","1","22350","Speeding"
"CR-0000086047","ACV-0000176067","M","31","","Major","Driver","Impairment Not Known","South","Proceeding Straight","Car","Speeding","1","21453","Run Red Light"
"CR-0000086050","ACV-0000176076","","0","","Major","Driver","Impairment Not Known","South","Proceeding Straight","Car","Other Violation","1","22107","Unsafe Turn Movement"
"CR-0000086056","ACV-0000176087","F","74","","Major","Driver","Had Not Been Drinking","East","Making Left Turn","Car","None Apparent","1","22107","Unsafe Turn Movement"
"CR-0000086051","ACV-0000176078","","0","","Minor","Other","Not Applicable","Not Applicable","Parked","Car","None Apparent","1","Not Applicable","Not Applicable"
"CR-0000086054","ACV-0000176083","","0","","Unknown","Driver","Impairment Not Known","East","Backing","Car","Other Violation","1","22106","Unsafe Backing"
"CR-0000086055","ACV-0000176085","M","44","","Major","Driver","Impairment Not Known","North","Proceeding Straight","Car","None Apparent","1","22350","Speeding"
"CR-0000086044","ACV-0000176062","","0","","Moderate","Parked","Not Applicable","Not Applicable","Parked","Car","Unknown","1","Not Applicable","Not Applicable"
"CR-0000086052","ACV-0000176080","M","19","","Minor","Driver","Impairment Not Known","North","Proceeding Straight","Car","None Apparent","1","Not Applicable","Not Applicable"
"CR-0000086045","ACV-0000176064","M","54","","Major","Driver","Had Been Drinking - Not Under Influence","East","Making Left Turn","Car","None Apparent","1","Unknown","Unknown"
"CR-0000086057","ACV-0000176090","F","30","","Minor","Bicycle","Had Not Been Drinking","East","Proceeding Straight","Bicycle","Unknown","1","Not Applicable","Not Applicable"
"CR-0000086044","ACV-0000176061","F","19","","Major","Driver","Had Not Been Drinking","South","Proceeding Straight","Car","Unknown","1","22350","Speeding"
"CR-0000086046","ACV-0000176066","","0","","Moderate","Parked","Not Applicable","Not Applicable","Parked","Car","Unknown","1","Not Applicable","Not Applicable"
"CR-0000086056","ACV-0000176088","F","51","","Major","Driver","Had Not Been Drinking","West","Proceeding Straight","Car","None Apparent","1","Not Applicable","Not Applicable"
"CR-0000086047","ACV-0000176068","F","55","","Major","Driver","Impairment Not Known","East","Proceeding Straight","Car","None Apparent","1","Not Applicable","Not Applicable"
"CR-0000086048","ACV-0000176071","M","25","","Moderate","Driver","Had Not Been Drinking","South","Proceeding Straight","Car","None Apparent","1","Not Applicable","Not Applicable"
"CR-0000086049","ACV-0000176073","","0","","Minor","Parked","Not Applicable","Not Applicable","Parked","Car","Unknown","1","Not Applicable","Not Applicable"
"CR-0000086041","ACV-0000176057","","0","","Major","Driver","Impairment Not Known","North","Proceeding Straight","Car","Other Violation","1","22350","Speeding"
"CR-0000086058","ACV-0000176092","F","62","","Minor","Driver","Impairment Not Known","East","Making U-Turn","Car","None Apparent","1","Not Applicable","Not Applicable"
"CR-0000086051","ACV-0000176077","","0","","Unknown","Driver","Impairment Not Known","Unknown","Unknown","Unknown","Other Violation","1","22107","Unsafe Turn Movement"
"CR-0000086057","ACV-0000176089","M","33","","Minor","Driver","Had Not Been Drinking","North","Making Right Turn","Car","Unknown","1","22107","Unsafe Turn Movement"
"CR-0000086055","ACV-0000176086","M","60","","Major","Driver","Impairment Not Known","North","Stopped","Car","None Apparent","1","Not Applicable","Not Applicable"
"CR-0000086060","ACV-0000176095","","0","","Unknown","Driver","Impairment Not Known","East","Ran Off Road","Car","Other Violation","1","21663","Driving On Sidewalk"
"CR-0000086061","ACV-0000176096","M","69","","Major","Driver","Had Not Been Drinking","South","Proceeding Straight","Car","None Apparent","1","21453","Run Red Light"
"CR-0000086062","ACV-0000176098","F","31","","Moderate","Driver","Had Not Been Drinking","West","Making Left Turn","Car","Unknown","1","22107","Unsafe Turn Movement"
"CR-0000086063","ACV-0000176100","","0","","Unknown","Driver","Impairment Not Known","West","Proceeding Straight","Panel Truck","Other Violation","1","21658","Unsafe Lane Change"
"CR-0000086066","ACV-0000176107","","0","","Unknown","Driver","Impairment Not Known","North","Proceeding Straight","Car","Unknown","1","Unknown","Unknown"
"CR-0000086063","ACV-0000176101","","0","","Moderate","Parked","Not Applicable","Not Applicable","Parked","Car","Unknown","1","Not Applicable","Not Applicable"
"CR-0000086064","ACV-0000176102","M","24","","Major","Driver","Had Been Drinking - Under Influence","East","Proceeding Straight","Car","Under Influence","1","21755","Pass On Right"
"CR-0000086064","ACV-0000176103","","0","","Moderate","Parked","Not Applicable","Not Applicable","Parked","Panel Truck","Unknown","1","Not Applicable","Not Applicable"
"CR-0000086061","ACV-0000176097","F","55","","Major","Driver","Had Not Been Drinking","West","Proceeding Straight","Car","None Apparent","1","Not Applicable","Not Applicable"
"CR-0000086062","ACV-0000176099","F","21","","Moderate","Driver","Had Not Been Drinking","North","Proceeding Straight","Car","Unknown","1","Not Applicable","Not Applicable"
"CR-0000086066","ACV-0000176106","","67","","Unknown","Driver","Impairment Not Known","North","Stopped","Panel Truck","Unknown","1","Unknown","Unknown"
"CR-0000086065","ACV-0000176104","","0","","Major","Driver","Impairment Not Known","East","Proceeding Straight","Car","Other Violation","1","21453","Run Red Light"
"CR-0000086065","ACV-0000176105","M","56","","Major","Driver","Impairment Not Known","North","Proceeding Straight","Car","None Apparent","1","Not Applicable","Not Applicable"
"CR-0000086067","ACV-0000176108","M","40","","Major","Driver","Had Not Been Drinking","West","Ran Off Road","Motorcycle/Moped","Inattention","1","22107","Unsafe Turn Movement"
"CR-0000086067","ACV-0000176109","","0","","Minor","Parked","Not Applicable","Not Applicable","Parked","Car","None Apparent","1","Not Applicable","Not Applicable"
"CR-0000086084","ACV-0000176144","M","69","","Not Applicable","Pedestrian","Had Not Been Drinking","South","Other (Ped)","Pedestrian","Unknown","1","Not Applicable","Not Applicable"
"CR-0000086072","ACV-0000176117","M","30","","Major","Driver","Had Not Been Drinking","West","Proceeding Straight","Car","Other Violation","1","21658","Unsafe Lane Change"
"CR-0000086079","ACV-0000176133","M","94","","Major","Driver","Had Not Been Drinking","South","Making Left Turn","Car","None Apparent","1","21801","Yield Left Turn"
"CR-0000086083","ACV-0000176142","M","24","","Not Applicable","Pedestrian","Impairment Not Known","North","Proceeding Straight","Skateboard","Unknown","1","21954","Pedestrian Yield Car"
"CR-0000086069","ACV-0000176112","M","53","","None","Driver","Had Not Been Drinking","South","Proceeding Straight","Car","Unknown","1","Unknown","Unknown"
"CR-0000086071","ACV-0000176115","","0","","Major","Parked","Not Applicable","Not Applicable","Parked","Car","None Apparent","1","Unknown","Unknown"
"CR-0000086079","ACV-0000176134","M","23","","Major","Driver","Had Not Been Drinking","North","Proceeding Straight","Car","None Apparent","1","Not Applicable","Not Applicable"
"CR-0000086078","ACV-0000176131","","0","","Unknown","Driver","Impairment Not Known","North","Passing Other Vehicles","Car","Unknown","1","Unknown","Unknown"
"CR-0000086080","ACV-0000176135","F","28","","Major","Driver","Had Not Been Drinking","South","Slowing/Stopping","Car","None Apparent","1","22350","Speeding"
"CR-0000086081","ACV-0000176138","F","54","","None","Driver","Had Not Been Drinking","East","Proceeding Straight","Panel Truck","Unknown","1","Not Applicable","Not Applicable"
"CR-0000086072","ACV-0000176120","","0","","Minor","Parked","Not Applicable","Not Applicable","Parked","Car","None Apparent","1","Not Applicable","Not Applicable"
"CR-0000086075","ACV-0000176126","M","0","","None","Driver","Had Not Been Drinking","South","Proceeding Straight","Emergency Vehicle","None Apparent","1","Unknown","Unknown"
"CR-0000086068","ACV-0000176110","","0","","Unknown","Driver","Impairment Not Known","North","Other","Car","Unknown","1","Unknown","Unknown"
"CR-0000086076","ACV-0000176128","M","23","","Moderate","Driver","Under Drug Influence","East","Ran Off Road","Car","Under Influence","1","21663","Driving On Sidewalk"
"CR-0000086082","ACV-0000176139","M","19","","Minor","Driver","Had Not Been Drinking","South","Proceeding Straight","Car","Unknown","1","21453","Run Red Light"
"CR-0000086080","ACV-0000176136","M","47","","Major","Driver","Had Not Been Drinking","South","Slowing/Stopping","Car","None Apparent","1","Not Applicable","Not Applicable"
"CR-0000086077","ACV-0000176129","F","64","","Minor","Driver","Impairment Not Known","East","Backing","Car","Unknown","1","22106","Unsafe Backing"
"CR-0000086082","ACV-0000176140","F","23","","Minor","Driver","Had Not Been Drinking","East","Proceeding Straight","Car","Unknown","1","Not Applicable","Not Applicable"
"CR-0000086072","ACV-0000176118","","0","","Major","Parked","Not Applicable","Not Applicable","Parked","Car","None Apparent","1","Not Applicable","Not Applicable"
"CR-0000086077","ACV-0000176130","","0","","Minor","Parked","Not Applicable","Not Applicable","Parked","Car","Unknown","1","Not Applicable","Not Applicable"
"CR-0000086071","ACV-0000176116","","0","","Unknown","Parked","Not Applicable","Not Applicable","Parked","Car","None Apparent","1","Unknown","Unknown"
"CR-0000086074","ACV-0000176123","F","29","","Minor","Driver","Had Not Been Drinking","North","Proceeding Straight","Car","Unknown","1","21950","Yield Pedestrian In Crosswalk"
"CR-0000086072","ACV-0000176119","","0","","Moderate","Parked","Not Applicable","Not Applicable","Parked","Car","None Apparent","1","Not Applicable","Not Applicable"
"CR-0000086073","ACV-0000176122","M","34","","Not Applicable","Pedestrian","Impairment Not Known","South","Other (Ped)","Pedestrian","None Apparent","1","Not Applicable","Not Applicable"
"CR-0000086074","ACV-0000176125","F","49","","Not Applicable","Pedestrian","Had Not Been Drinking","West","Entering Traffic","Pedestrian","Unknown","1","Not Applicable","Not Applicable"
"CR-0000086070","ACV-0000176113","M","43","","Major","Driver","Sleepy/Fatigued","North","Making Left Turn","Car","Inattention","1","22101","Regulation Of Turns At Intersection"
"CR-0000086081","ACV-0000176137","M","19","","Minor","Driver","Had Not Been Drinking","East","Changing Lanes","Car","Unknown","1","21658","Unsafe Lane Change"
"CR-0000086078","ACV-0000176132","F","60","","Unknown","Driver","Impairment Not Known","North","Stopped","Car","Unknown","1","Unknown","Unknown"
"CR-0000086073","ACV-0000176121","M","66","","Minor","Driver","Impairment Not Known","North","Making Right Turn","Car","None Apparent","1","21950","Yield Pedestrian In Crosswalk"
"CR-0000086074","ACV-0000176124","F","49","","Not Applicable","Pedestrian","Had Not Been Drinking","West","Entering Traffic","Pedestrian","Unknown","1","Not Applicable","Not Applicable"
"CR-0000086083","ACV-0000176141","F","40","","Moderate","Driver","Impairment Not Known","North","Making Right Turn","Car","Unknown","1","Not Applicable","Not Applicable"
"CR-0000086084","ACV-0000176143","F","35","","Minor","Driver","Had Not Been Drinking","North","Making Left Turn","Car","Unknown","1","21950","Yield Pedestrian In Crosswalk"
"CR-0000086071","ACV-0000176114","","0","","Unknown","Driver","Impairment Not Known","Unknown","Unknown","Unknown","Other Violation","1","Unknown","Unknown"
"CR-0000086068","ACV-0000176111","","0","","Unknown","Parked","Not Applicable","Not Applicable","Parked","Car","Unknown","1","Unknown","Unknown"
"CR-0000086075","ACV-0000176127","M","38","","Minor","Driver","Had Not Been Drinking","South","Stopped","Car","None Apparent","1","Unknown","Unknown"
"CR-0000086085","ACV-0000176145","M","32","","Minor","Driver","Had Not Been Drinking","East","Making Left Turn","Emergency Vehicle","None Apparent","1","Unknown","Unknown"
"CR-0000086100","ACV-0000176167","M","29","","Moderate","Driver","Impairment Not Known","East","Proceeding Straight","Car","None Apparent","1","Not Applicable","Not Applicable"
"CR-0000086096","ACV-0000176162","M","0","","Major","Driver","Impairment Not Known","West","Proceeding Straight","Car","Other Violation","1","Unknown","Unknown"
"CR-0000086088","ACV-0000176150","","0","","Minor","Parked","Not Applicable","Not Applicable","Parked","Car","None Apparent","1","Not Applicable","Not Applicable"
"CR-0000086092","ACV-0000176156","M","54","","Minor","Driver","Had Not Been Drinking","West","Stopped","Car","None Apparent","1","Not Applicable","Not Applicable"
"CR-0000086087","ACV-0000176147","M","0","","Major","Driver","Impairment Not Known","North","Making Right Turn","Car","Other Violation","1","22350","Speeding"
"CR-0000086093","ACV-0000176158","","0","","Minor","Parked","Not Applicable","Not Applicable","Parked","Car","Unknown","1","Not Applicable","Not Applicable"
"CR-0000086105","ACV-0000176176","M","22","","Moderate","Driver","Had Not Been Drinking","East","Making Left Turn","Panel Truck","Other Violation","1","21802","Yield Stop Sign"
"CR-0000086097","ACV-0000176163","M","44","","Unknown","Driver","Impairment Not Known","South","Backing","Panel Truck","Other Violation","1","22106","Unsafe Backing"
"CR-0000086104","ACV-0000176174","","0","","Moderate","Driver","Impairment Not Known","East","Proceeding Straight","Car","Other Violation","1","22350","Speeding"
"CR-0000086094","ACV-0000176159","","0","","Unknown","Driver","Impairment Not Known","Unknown","Unknown","Unknown","Other Violation","1","Unknown","Unknown"
"CR-0000086102","ACV-0000176171","M","23","","Major","Driver","Had Not Been Drinking","West","Proceeding Straight","Car","None Apparent","1","Not Applicable","Not Applicable"
"CR-0000086104","ACV-0000176175","M","44","","Moderate","Driver","Had Not Been Drinking","East","Making Right Turn","Car","Unknown","1","Not Applicable","Not Applicable"
"CR-0000086099","ACV-0000176165","F","63","","Moderate","Driver","Impairment Not Known","East","Ran Off Road","Car","Other","1","22107","Unsafe Turn Movement"
"CR-0000086103","ACV-0000176173","F","26","","Moderate","Driver","Had Not Been Drinking","South","Stopped","Car","Unknown","1","Not Applicable","Not Applicable"