"CrashName","Name","Sex","Age","Speed","VehicleDamage","PartyCategory","Sobriety","VehicleDirection","MovementPrecedingCollision","PartyType","OtherAssociatedFactor","VehicleCount","ViolationCode","ViolationCodeDescription"
"CR-0000086098","ACV-0000176164","M","41","","Major","Driver","Impairment Physical","North","Proceeding Straight","Car","Unfamiliar With Road","1","Unknown","Unknown"
"CR-0000086090","ACV-0000176153","M","34","","Major","Driver","Had Been Drinking - Not Under Influence","North","Proceeding Straight","Car","Uninvolved Vehicle","1","Not Applicable","Not Applicable"
"CR-0000086095","ACV-0000176161","M","26","","Major","Driver","Impairment Not Known","North","Ran Off Road","Car","None Apparent","1","22350","Speeding"
"CR-0000086089","ACV-0000176151","F","31","","Moderate","Driver","Had Not Been Drinking","East","Making Left Turn","Car","None Apparent","1","21451","Failure To Go On Green/Arrow"
"CR-0000086100","ACV-0000176166","","0","","Moderate","Driver","Impairment Not Known","South","Proceeding Straight","Car","Other Violation","1","21453","Run Red Light"
"CR-0000086101","ACV-0000176168","M","47","","Moderate","Driver","Had Not Been Drinking","West","Proceeding Straight","Car","Unknown","1","21453","Run Red Light"
"CR-0000086091","ACV-0000176154","M","41","","Major","Driver","Had Not Been Drinking","East","Ran Off Road","Car","Other","1","00001","Other Improper Driving"
"CR-0000086092","ACV-0000176155","F","58","","Moderate","Driver","Had Not Been Drinking","West","Proceeding Straight","Car","None Apparent","1","22350","Speeding"
"CR-0000086089","ACV-0000176152","F","36","","Moderate","Driver","Had Not Been Drinking","West","Proceeding Straight","Car","None Apparent","1","Not Applicable","Not Applicable"
"CR-0000086105","ACV-0000176177","F","29","","Major","Driver","Had Been Drinking - Under Influence","North","Proceeding Straight","Car","Under Influence","1","Not Applicable","Not Applicable"
"CR-0000086103","ACV-0000176172","M","50","","Moderate","Driver","Had Not Been Drinking","South","Proceeding Straight","Panel Truck","Unknown","1","22350","Speeding"
"CR-0000086088","ACV-0000176149","","0","","Unknown","Driver","Impairment Not Known","East","Proceeding Straight","Panel Truck","Other Violation","1","22350","Speeding"
"CR-0000086087","ACV-0000176148","M","34","","Moderate","Driver","Had Not Been Drinking","North","Stopped","Car","None Apparent","1","Not Applicable","Not Applicable"
"CR-0000086101","ACV-0000176169","M","50","","Moderate","Driver","Had Not Been Drinking","North","Proceeding Straight","Car","Unknown","1","Not Applicable","Not Applicable"
"CR-0000086093","ACV-0000176157","M","0","","Minor","Driver","Impairment Not Known","North","Backing","Emergency Vehicle","Unknown","1","22106","Unsafe Backing"
"CR-0000086086","ACV-0000176146","M","35","","Major","Driver","Had Not Been Drinking","East","Changing Lanes","Car","Defective Vehicle Equipment","1","22107","Unsafe Turn Movement"
"CR-0000086102","ACV-0000176170","M","38","","Major","Driver","Had Been Drinking - Under Influence","North","Proceeding Straight","Car","Other Violation","1","23153","Driving Drunk With Injury"
"CR-0000086094","ACV-0000176160","","0","","Moderate","Parked","Not Applicable","Not Applicable","Parked","Car","Unknown","1","Unknown","Unknown"
"CR-0000086120","ACV-0000176179","","0","","Major","Parked","Not Applicable","Not Applicable","Parked","Car","Unknown","1","Not Applicable","Not Applicable"
"CR-0000086129","ACV-0000176198","M","30","","Major","Driver","Impairment Not Known","North","Proceeding Straight","Car","Unknown","1","Not Applicable","Not Applicable"
"CR-0000086130","ACV-0000176201","","0","","Unknown","Parked","Not Applicable","Not Applicable","Parked","Car","Unknown","1","Unknown","Unknown"
"CR-0000086120","ACV-0000176178","F","23","","Major","Driver","Had Been Drinking - Under Influence","West","Making Right Turn","Car","None Apparent","1","22350","Speeding"
"CR-0000086124","ACV-0000176190","M","28","","Minor","Driver","Had Not Been Drinking","South","Proceeding Straight","Car","None Apparent","1","Not Applicable","Not Applicable"
"CR-0000086126","ACV-0000176193","M","21","","Moderate","Driver","Had Been Drinking - Under Influence","East","Proceeding Straight","Car","Unknown","1","23152","Driving Drunk"
"CR-0000086122","ACV-0000176184","M","23","","Major","Driver","Had Not Been Drinking","West","Proceeding Straight","Car","None Apparent","1","Not Applicable","Not Applicable"
"CR-0000086122","ACV-0000176185","M","50","","Minor","Driver","Had Not Been Drinking","East","Proceeding Straight","Panel Truck","None Apparent","1","Not Applicable","Not Applicable"
"CR-0000086121","ACV-0000176182","F","41","","Minor","Driver","Had Not Been Drinking","East","Making Left Turn","Car","None Apparent","1","Not Applicable","Not Applicable"
"CR-0000086123","ACV-0000176187","","0","","Major","Parked","Not Applicable","Not Applicable","Parked","Car","None Apparent","1","Not Applicable","Not Applicable"
"CR-0000086130","ACV-0000176199","","0","","Unknown","Driver","Impairment Not Known","West","Unknown","Car","Unknown","1","Unknown","Unknown"
"CR-0000086127","ACV-0000176196","M","40","","Moderate","Driver","Had Not Been Drinking","North","Proceeding Straight","Car","None Apparent","1","Not Applicable","Not Applicable"
"CR-0000086130","ACV-0000176200","","0","","Unknown","Parked","Not Applicable","Not Applicable","Parked","Car","Unknown","1","Unknown","Unknown"
"CR-0000086129","ACV-0000176197","M","34","","Major","Driver","Impairment Not Known","South","Making Left Turn","Car","Unknown","1","22107","Unsafe Turn Movement"
"CR-0000086125","ACV-0000176192","F","56","","Minor","Driver","Impairment Not Known","West","Stopped","Panel Truck","None Apparent","1","Not Applicable","Not Applicable"
"CR-0000086127","ACV-0000176195","M","59","","Moderate","Driver","Had Not Been Drinking","West","Making Left Turn","Car","None Apparent","1","21801","Yield Left Turn"
"CR-0000086125","ACV-0000176191","M","21","","Unknown","Driver","Impairment Not Known","West","Proceeding Straight","Car","Other Violation","1","22350","Speeding"
"CR-0000086126","ACV-0000176194","","0","","Moderate","Parked","Not Applicable","Not Applicable","Parked","Car","Unknown","1","Not Applicable","Not Applicable"
"CR-0000086121","ACV-0000176181","M","27","","Minor","Driver","Had Not Been Drinking","South","Proceeding Straight","Motorcycle/Moped","None Apparent","1","21453","Run Red Light"
"CR-0000086122","ACV-0000176183","M","24","","Major","Driver","Had Not Been Drinking","West","Changing Lanes","Car","Stop And Go Traffic","1","22107","Unsafe Turn Movement"
"CR-0000086120","ACV-0000176180","","0","","Minor","Parked","Not Applicable","Not Applicable","Parked","Panel Truck","Unknown","1","Not Applicable","Not Applicable"
"CR-0000086123","ACV-0000176186","M","42","","Major","Driver","Impairment Not Known","West","Proceeding Straight","Motorcycle/Moped","None Apparent","1","22350","Speeding"
"CR-0000086124","ACV-0000176189","M","25","","Minor","Driver","Had Not Been Drinking","West","Proceeding Straight","Emergency Vehicle","None Apparent","1","Not Applicable","Not Applicable"
"CR-0000086124","ACV-0000176188","M","40","","Major","Driver","Had Been Drinking - Under Influence","North","Proceeding Straight","Panel Truck","Other Violation","1","21650","Driving Wrong Side"
"CR-0000086137","ACV-0000176202","","0","","Unknown","Driver","Impairment Not Known","South","Proceeding Straight","Car","Other Violation","1","Unknown","Unknown"
"CR-0000086137","ACV-0000176203","F","37","","Not Applicable","Pedestrian","Impairment Not Known","East","Other (Ped)","Wheelchair","Unknown","1","Unknown","Unknown"
"CR-0000086137","ACV-0000176204","F","50","","Minor","Driver","Had Not Been Drinking","North","Stopped","Car","Unknown","1","Not Applicable","Not Applicable"
"CR-0000086137","ACV-0000176205","F","51","","Minor","Driver","Had Not Been Drinking","North","Stopped","Car","Unknown","1","Not Applicable","Not Applicable"
"CR-0000086142","ACV-0000176215","F","0","","Unknown","Parked","Not Applicable","Not Applicable","Parked","Car","Unknown","1","Not Applicable","Not Applicable"
"CR-0000086139","ACV-0000176208","","0","","Unknown","Driver","Impairment Not Known","East","Proceeding Straight","Unknown","Unknown","1","Unknown","Unknown"
"CR-0000086152","ACV-0000176238","M","57","","Moderate","Driver","Had Not Been Drinking","South","Proceeding Straight","Car","Stop And Go Traffic","1","Not Applicable","Not Applicable"
"CR-0000086155","ACV-0000176243","M","78","","Minor","Driver","Impairment Not Known","West","Changing Lanes","Car","None Apparent","1","22107","Unsafe Turn Movement"
"CR-0000086159","ACV-0000176254","M","40","","Unknown","Driver","Impairment Not Known","West","Entering Traffic","Panel Truck","Unknown","1","Unknown","Unknown"
"CR-0000086157","ACV-0000176251","","0","","Unknown","Parked","Not Applicable","Not Applicable","Parked","Panel Truck","None Apparent","1","Not Applicable","Not Applicable"
"CR-0000086150","ACV-0000176234","M","57","","Minor","Driver","Had Not Been Drinking","South","Slowing/Stopping","Car","None Apparent","1","Not Applicable","Not Applicable"
"CR-0000086140","ACV-0000176210","","0","","Unknown","Driver","Impairment Not Known","East","Making Left Turn","Unknown","Unknown","1","Unknown","Unknown"
"CR-0000086158","ACV-0000176252","F","47","","Major","Driver","Impairment Not Known","West","Proceeding Straight","Car","None Apparent","1","21453","Run Red Light"
"CR-0000086146","ACV-0000176223","M","78","","Unknown","Driver","Impairment Not Known","North","Stopped","Car","Unknown","1","Unknown","Unknown"
"CR-0000086161","ACV-0000176258","M","46","","Major","Driver","Had Not Been Drinking","East","Making Left Turn","Car","Unknown","1","21453","Run Red Light"
"CR-0000086149","ACV-0000176231","M","22","","Moderate","Driver","Had Not Been Drinking","East","Stopped","Car","None Apparent","1","Not Applicable","Not Applicable"
"CR-0000086150","ACV-0000176233","M","20","","Major","Driver","Had Not Been Drinking","South","Proceeding Straight","Car","None Apparent","1","22350","Speeding"
"CR-0000086171","ACV-0000176279","M","26","","Moderate","Driver","Had Not Been Drinking","West","Proceeding Straight","Car","None Apparent","1","Not Applicable","Not Applicable"
"CR-0000086160","ACV-0000176256","F","41","","Minor","Driver","Had Not Been Drinking","East","Proceeding Straight","Car","Inattention","1","21453","Run Red Light"
"CR-0000086139","ACV-0000176209","F","43","","Unknown","Driver","Impairment Not Known","East","Stopped","Car","Unknown","1","Unknown","Unknown"
"CR-0000086161","ACV-0000176259","M","74","","Major","Driver","Had Not Been Drinking","West","Proceeding Straight","Car","Unknown","1","Not Applicable","Not Applicable"
"CR-0000086143","ACV-0000176217","","0","","Unknown","Parked","Not Applicable","Not Applicable","Parked","Car","Unknown","1","Unknown","Unknown"
"CR-0000086138","ACV-0000176206","","0","","Unknown","Driver","Impairment Not Known","East","Other Unsafe Turning","Car","Unknown","1","Unknown","Unknown"
"CR-0000086157","ACV-0000176249","","0","","Unknown","Parked","Not Applicable","Not Applicable","Parked","Panel Truck","None Apparent","1","Not Applicable","Not Applicable"
"CR-0000086165","ACV-0000176266","M","53","","Not Applicable","Bicycle","Had Not Been Drinking","West","Proceeding Straight","Bicycle","None Apparent","1","21456","Pedestrian Don't Walk"
"CR-0000086154","ACV-0000176242","M","41","","Minor","Driver","Had Not Been Drinking","South","Making Right Turn","Car","None Apparent","1","Not Applicable","Not Applicable"
"CR-0000086157","ACV-0000176248","F","22","","Unknown","Driver","Had Not Been Drinking","South","Proceeding Straight","Car","None Apparent","1","Not Applicable","Not Applicable"
"CR-0000086166","ACV-0000176268","M","20","","Major","Driver","Had Not Been Drinking","East","Making Left Turn","Car","None Apparent","1","21453","Run Red Light"
"CR-0000086163","ACV-0000176262","M","61","","Unknown","Driver","Impairment Not Known","West","Making Right Turn","Semi Truck","None Apparent","1","22100","Improper Turn"
"CR-0000086164","ACV-0000176264","M","17","","Major","Driver","Impairment Not Known","West","Making Left Turn","Car","Unknown","1","21453","Run Red Light"
"CR-0000086156","ACV-0000176246","M","24","","Major","Driver","Impairment Not Known","West","Stopped","Car","None Apparent","1","Not Applicable","Not Applicable"
"CR-0000086148","ACV-0000176226","","0","","Unknown","Driver","Impairment Not Known","West","Making Right Turn","Car","Unknown","1","Unknown","Unknown"
"CR-0000086149","ACV-0000176229","M","25","","Major","Driver","Had Not Been Drinking","West","Proceeding Straight","Car","None Apparent","1","Not Applicable","Not Applicable"
"CR-0000086170","ACV-0000176277","F","54","","Not Applicable","Pedestrian","Had Not Been Drinking","South","Other (Ped)","Pedestrian","None Apparent","1","Not Applicable","Not Applicable"
"CR-0000086146","ACV-0000176222","M","54","","Unknown","Driver","Impairment Not Known","North","Proceeding Straight","Car","Unknown","1","Unknown","Unknown"
"CR-0000086169","ACV-0000176275","M","53","","Minor","Driver","Had Not Been Drinking","West","Entering Traffic","Semi Truck","None Apparent","1","Not Applicable","Not Applicable"
"CR-0000086155","ACV-0000176244","F","27","","Minor","Driver","Impairment Not Known","West","Proceeding Straight","Motorcycle/Moped","None Apparent","1","Not Applicable","Not Applicable"
"CR-0000086162","ACV-0000176261","","0","","Unknown","Parked","Not Applicable","Not Applicable","Parked","Car","None Apparent","1","Not Applicable","Not Applicable"
"CR-0000086163","ACV-0000176263","M","48","","Moderate","Driver","Impairment Not Known","West","Stopped","Car","None Apparent","1","Not Applicable","Not Applicable"
"CR-0000086154","ACV-0000176241","M","30","","Minor","Driver","Had Not Been Drinking","South","Changing Lanes","Emergency Vehicle","Speeding","1","22107","Unsafe Turn Movement"
"CR-0000086145","ACV-0000176221","F","24","","Unknown","Driver","Impairment Not Known","Unknown","Proceeding Straight","Panel Truck","Unknown","1","Unknown","Unknown"
"CR-0000086147","ACV-0000176224","M","62","","Unknown","Driver","Impairment Not Known","West","Making Right Turn","Car","Unknown","1","Unknown","Unknown"
"CR-0000086153","ACV-0000176239","M","63","","Minor","Driver","Had Not Been Drinking","South","Making Right Turn","Car","None Apparent","1","22100","Improper Turn"
"CR-0000086167","ACV-0000176270","M","22","","Major","Driver","Had Not Been Drinking","North","Making Left Turn","Car","None Apparent","1","22450","Fail Stop/Sign"
"CR-0000086149","ACV-0000176232","M","38","","Minor","Driver","Had Not Been Drinking","East","Stopped","Car","None Apparent","1","Not Applicable","Not Applicable"
"CR-0000086151","ACV-0000176236","M","27","","Unknown","Driver","Impairment Not Known","South","Making Left Turn","Panel Truck","Unknown","1","Unknown","Unknown"
"CR-0000086149","ACV-0000176228","M","37","","Major","Driver","Had Been Drinking - Under Influence","West","Proceeding Straight","Car","Other Violation","1","23153","Driving Drunk With Injury"
"CR-0000086158","ACV-0000176253","M","0","","Minor","Driver","Impairment Not Known","South","Proceeding Straight","Semi Truck","None Apparent","1","Not Applicable","Not Applicable"
"CR-0000086140","ACV-0000176211","M","19","","Unknown","Driver","Impairment Not Known","West","Proceeding Straight","Car","Unknown","1","Unknown","Unknown"
"CR-0000086149","ACV-0000176230","M","45","","Minor","Driver","Had Not Been Drinking","East","Stopped","Car","None Apparent","1","Not Applicable","Not Applicable"
"CR-0000086157","ACV-0000176250","M","60","","Unknown","Parked","Not Applicable","Not Applicable","Parked","Car","None Apparent","1","Not Applicable","Not Applicable"
"CR-0000086160","ACV-0000176257","F","38","","Moderate","Driver","Had Not Been Drinking","South","Proceeding Straight","Car","None Apparent","1","Not Applicable","Not Applicable"
"CR-0000086141","ACV-0000176213","M","68","","Unknown","Driver","Impairment Not Known","North","Making Left Turn","Car","Unknown","1","Unknown","Unknown"
"CR-0000086159","ACV-0000176255","F","73","","Unknown","Driver","Impairment Not Known","North","Stopped","Car","Unknown","1","Unknown","Unknown"
"CR-0000086151","ACV-0000176235","","0","","Unknown","Driver","Impairment Not Known","South","Making Left Turn","Panel Truck","Unknown","1","Unknown","Unknown"
"CR-0000086143","ACV-0000176216","F","0","","Unknown","Driver","Impairment Not Known","North","Backing","Car","Unknown","1","Unknown","Unknown"
"CR-0000086142","ACV-0000176214","","0","","Unknown","Driver","Impairment Not Known","North","Proceeding Straight","Panel Truck","Other Violation","1","22350","Speeding"
"CR-0000086141","ACV-0000176212","","0","","Unknown","Driver","Impairment Not Known","North","Proceeding Straight","Car","Unknown","1","Unknown","Unknown"
"CR-0000086144","ACV-0000176218","F","0","","Unknown","Driver","Impairment Not Known","North","Proceeding Straight","Car","Other Violation","1","22107","Unsafe Turn Movement"
"CR-0000086138","ACV-0000176207","F","45","","Unknown","Driver","Impairment Not Known","East","Proceeding Straight","Car","Unknown","1","Unknown","Unknown"
"CR-0000086166","ACV-0000176269","M","40","","Major","Driver","Had Not Been Drinking","North","Proceeding Straight","Panel Truck","None Apparent","1","Not Applicable","Not Applicable"
"CR-0000086169","ACV-0000176274","F","31","","Major","Driver","Impairment Not Known","North","Proceeding Straight","Motorcycle/Moped","Other Violation","1","21804","Yield From Driveway/Curb"
"CR-0000086170","ACV-0000176276","M","66","","Minor","Driver","Had Not Been Drinking","East","Proceeding Straight","Panel Truck","Inattention","1","21950","Yield Pedestrian In Crosswalk"
"CR-0000086144","ACV-0000176219","F","28","","Unknown","Driver","Had Not Been Drinking","North","Proceeding Straight","Car","Unknown","1","Not Applicable","Not Applicable"
"CR-0000086171","ACV-0000176278","M","20","","Moderate","Driver","Had Not Been Drinking","East","Making Left Turn","Car","None Apparent","1","21453","Run Red Light"
"CR-0000086168","ACV-0000176272","F","0","","Unknown","Driver","Impairment Not Known","South","Changing Lanes","Car","Unknown","1","Unknown","Unknown"
"CR-0000086148","ACV-0000176227","M","24","","Unknown","Driver","Impairment Not Known","West","Stopped","Car","Unknown","1","Unknown","Unknown"
"CR-0000086157","ACV-0000176247","M","0","","Unknown","Driver","Impairment Not Known","West","Proceeding Straight","Car","Other Violation","1","22450","Fail Stop/Sign"
"CR-0000086165","ACV-0000176267","F","50","","None","Driver","Had Not Been Drinking","North","Making Left Turn","Car","None Apparent","1","Not Applicable","Not Applicable"
"CR-0000086167","ACV-0000176271","M","58","","Major","Driver","Had Not Been Drinking","East","Proceeding Straight","Car","None Apparent","1","Not Applicable","Not Applicable"
"CR-0000086156","ACV-0000176245","M","16","","Moderate","Driver","Impairment Not Known","South","Proceeding Straight","Car","Speeding","1","22450","Fail Stop/Sign"
"CR-0000086152","ACV-0000176237","M","50","","Moderate","Driver","Had Not Been Drinking","West","Proceeding Straight","Panel Truck","Stop And Go Traffic","1","21453","Run Red Light"
"CR-0000086162","ACV-0000176260","F","41","","Unknown","Driver","Impairment Not Known","South","Ran Off Road","Car","Other Violation","1","22350","Speeding"
"CR-0000086168","ACV-0000176273","F","50","","Unknown","Driver","Impairment Not Known","South","Stopped","Car","Unknown","1","Unknown","Unknown"
"CR-0000086147","ACV-0000176225","M","35","","Unknown","Driver","Impairment Not Known","West","Slowing/Stopping","Car","Unknown","1","Unknown","Unknown"
"CR-0000086153","ACV-0000176240","F","30","","Minor","Driver","Had Not Been Drinking","South","Making Right Turn","Car","None Apparent","1","Not Applicable","Not Applicable"
"CR-0000086145","ACV-0000176220","M","0","","Unknown","Driver","Impairment Not Known","Unknown","Backing","Panel Truck","Unknown","1","Unknown","Unknown"
"CR-0000086164","ACV-0000176265","F","45","","Major","Driver","Impairment Not Known","East","Proceeding Straight","Car","Unknown","1","Not Applicable","Not Applicable"
"CR-0000086176","ACV-0000176290","","0","","Minor","Parked","Not Applicable","Not Applicable","Parked","Car","Unknown","1","Not Applicable","Not Applicable"
"CR-0000086185","ACV-0000176306","F","23","","Major","Driver","Impairment Not Known","North","Proceeding Straight","Car","None Apparent","1","21453","Run Red Light"
"CR-0000086179","ACV-0000176295","","0","","Unknown","Driver","Impairment Not Known","East","Proceeding Straight","Car","Other Violation","1","22350","Speeding"
"CR-0000086183","ACV-0000176303","M","0","","Moderate","Driver","Impairment Not Known","Unknown","Proceeding Straight","Car","Other Violation","1","Unknown","Unknown"
"CR-0000086188","ACV-0000176313","M","0","","Unknown","Driver","Had Not Been Drinking","South","Changing Lanes","Panel Truck","Other Violation","1","22107","Unsafe Turn Movement"
"CR-0000086180","ACV-0000176297","M","58","","Minor","Driver","Had Not Been Drinking","West","Crossing Into Opposing Lane","Car","Other Violation","1","22350","Speeding"
"CR-0000086172","ACV-0000176281","","0","","Major","Parked","Not Applicable","Not Applicable","Parked","Car","None Apparent","1","Not Applicable","Not Applicable"
"CR-0000086185","ACV-0000176307","M","36","","Major","Driver","Impairment Not Known","East","Proceeding Straight","Car","None Apparent","1","Not Applicable","Not Applicable"
"CR-0000086176","ACV-0000176288","","0","","Moderate","Driver","Impairment Not Known","South","Other Unsafe Turning","Car","Other Violation","1","22350","Speeding"
"CR-0000086173","ACV-0000176282","","0","","Unknown","Driver","Impairment Not Known","Unknown","Other","Unknown","Unknown","1","Unknown","Unknown"
"CR-0000086173","ACV-0000176284","","0","","Unknown","Parked","Not Applicable","Not Applicable","Parked","Car","Unknown","1","Unknown","Unknown"
"CR-0000086188","ACV-0000176314","M","31","","Minor","Driver","Had Not Been Drinking","South","Proceeding Straight","Car","None Apparent","1","Not Applicable","Not Applicable"
"CR-0000086174","ACV-0000176286","","0","","Moderate","Parked","Not Applicable","Not Applicable","Parked","Car","Unknown","1","Unknown","Unknown"
"CR-0000086186","ACV-0000176308","F","58","","Major","Driver","Had Not Been Drinking","West","Proceeding Straight","Car","None Apparent","1","21658","Unsafe Lane Change"
"CR-0000086182","ACV-0000176301","","0","","Unknown","Driver","Impairment Not Known","West","Proceeding Straight","Panel Truck","Other Violation","1","22107","Unsafe Turn Movement"
"CR-0000086176","ACV-0000176289","","0","","Moderate","Parked","Not Applicable","Not Applicable","Parked","Car","Unknown","1","Not Applicable","Not Applicable"
"CR-0000086186","ACV-0000176310","","0","","Minor","Parked","Not Applicable","Not Applicable","Parked","Car","None Apparent","1","Not Applicable","Not Applicable"
"CR-0000086178","ACV-0000176293","","0","","Minor","Driver","Impairment Not Known","North","Passing Other Vehicles","Panel Truck","Other Violation","1","Unknown","Unknown"
"CR-0000086183","ACV-0000176304","","0","","Moderate","Parked","Not Applicable","Not Applicable","Parked","Car","Unknown","1","Unknown","Unknown"
"CR-0000086177","ACV-0000176291","","0","","Major","Driver","Impairment Not Known","East","Proceeding Straight","Car","Other Violation","1","22107","Unsafe Turn Movement"
"CR-0000086178","ACV-0000176294","","0","","Unknown","Parked","Not Applicable","Not Applicable","Parked","Emergency Vehicle","Unknown","1","Unknown","Unknown"
"CR-0000086182","ACV-0000176302","F","36","","Moderate","Parked","Not Applicable","Not Applicable","Parked","Car","None Apparent","1","Not Applicable","Not Applicable"
"CR-0000086184","ACV-0000176305","M","33","","Major","Driver","Had Been Drinking - Under Influence","South","Proceeding Straight","Panel Truck","Unknown","1","22350","Speeding"
"CR-0000086186","ACV-0000176309","","0","","Major","Parked","Not Applicable","Not Applicable","Parked","Panel Truck","None Apparent","1","Not Applicable","Not Applicable"
"CR-0000086173","ACV-0000176283","","0","","Unknown","Parked","Not Applicable","Not Applicable","Parked","Car","Unknown","1","Unknown","Unknown"
"CR-0000086179","ACV-0000176296","F","25","","Minor","Driver","Had Not Been Drinking","East","Stopped","Car","None Apparent","1","Not Applicable","Not Applicable"
"CR-0000086181","ACV-0000176299","F","18","","Moderate","Driver","Had Not Been Drinking","North","Proceeding Straight","Car","None Apparent","1","21453","Run Red Light"
"CR-0000086187","ACV-0000176312","M","22","","Unknown","Driver","Impairment Not Known","North","Stopped","Panel Truck","Unknown","1","Unknown","Unknown"
"CR-0000086180","ACV-0000176298","M","23","","Major","Driver","Had Not Been Drinking","East","Proceeding Straight","Panel Truck","None Apparent","1","Not Applicable","Not Applicable"
"CR-0000086177","ACV-0000176292","","0","","Unknown","Parked","Not Applicable","Not Applicable","Parked","Car","None Apparent","1","Not Applicable","Not Applicable"
"CR-0000086189","ACV-0000176315","M","31","","Moderate","Driver","Had Not Been Drinking","South","Proceeding Straight","Car","Unknown","1","23103","Reckless Driving 2"
"CR-0000086172","ACV-0000176280","M","0","","Major","Driver","Impairment Not Known","North","Proceeding Straight","Car","Other Violation","1","22350","Speeding"
"CR-0000086174","ACV-0000176285","","0","","Moderate","Driver","Impairment Not Known","East","Other Unsafe Turning","Car","Other Violation","1","Unknown","Unknown"
"CR-0000086175","ACV-0000176287","M","23","","Major","Driver","Had Not Been Drinking","South","Proceeding Straight","Car","Other","1","22350","Speeding"
"CR-0000086189","ACV-0000176316","M","36","","Moderate","Driver","Had Not Been Drinking","South","Making Left Turn","Car","Unknown","1","Not Applicable","Not Applicable"
"CR-0000086181","ACV-0000176300","F","71","","Moderate","Driver","Had Not Been Drinking","West","Making Left Turn","Car","None Apparent","1","Not Applicable","Not Applicable"
"CR-0000086191","ACV-0000176318","F","17","","Major","Driver","Had Been Drinking - Under Influence","West","Making Left Turn","Car","Speeding","1","22107","Unsafe Turn Movement"
"CR-0000086187","ACV-0000176311","","0","","Unknown","Driver","Impairment Not Known","North","Proceeding Straight","Car","Unknown","1","Unknown","Unknown"
"CR-0000086190","ACV-0000176317","","0","","Moderate","Driver","Impairment Not Known","East","Proceeding Straight","Car","Other Violation","1","22350","Speeding"
"CR-0000086209","ACV-0000176350","F","63","","Totaled","Driver","Had Not Been Drinking","East","Other Unsafe Turning","Car","Speeding","1","22107","Unsafe Turn Movement"
"CR-0000086198","ACV-0000176330","","0","","Major","Driver","Impairment Not Known","West","Proceeding Straight","Car","Other Violation","1","Unknown","Unknown"
"CR-0000086196","ACV-0000176328","M","53","","Not Applicable","Bicycle","Impairment Not Known","North","Proceeding Straight","Bicycle","Violation By Bike","1","Not Applicable","Not Applicable"
"CR-0000086206","ACV-0000176346","","0","","Moderate","Parked","Not Applicable","Not Applicable","Parked","Car","None Apparent","1","Not Applicable","Not Applicable"
"CR-0000086195","ACV-0000176326","M","29","","Minor","Driver","Impairment Not Known","East","Proceeding Straight","Car","Unknown","1","Not Applicable","Not Applicable"
"CR-0000086212","ACV-0000176354","M","25","","Minor","Driver","Had Not Been Drinking","North","Proceeding Straight","Car","Other Violation","1","22350","Speeding"
"CR-0000086194","ACV-0000176323","M","45","","Not Applicable","Bicycle","Impairment Not Known","South","Other (Bike)","Bicycle","None Apparent","1","Unknown","Unknown"
"CR-0000086200","ACV-0000176334","","0","","Minor","Parked","Not Applicable","Not Applicable","Parked","Car","Unknown","1","Not Applicable","Not Applicable"
"CR-0000086207","ACV-0000176348","","0","","Major","Parked","Not Applicable","Not Applicable","Parked","Car","Unknown","1","Not Applicable","Not Applicable"
"CR-0000086207","ACV-0000176347","M","29","","Major","Driver","Impairment Not Known","East","Proceeding Straight","Car","Other Violation","1","22350","Speeding"
"CR-0000086203","ACV-0000176341","M","67","","Minor","Driver","Had Not Been Drinking","South","Proceeding Straight","Car","Other","1","22350","Speeding"
"CR-0000086210","ACV-0000176352","","0","","Moderate","Parked","Not Applicable","Not Applicable","Parked","Panel Truck","Unknown","1","Not Applicable","Not Applicable"
"CR-0000086212","ACV-0000176355","M","28","","Minor","Driver","Had Not Been Drinking","North","Proceeding Straight","Car","Unknown","1","Not Applicable","Not Applicable"
"CR-0000086204","ACV-0000176343","M","45","","Major","Driver","Had Not Been Drinking","North","Proceeding Straight","Panel Truck","Unknown","1","Not Applicable","Not Applicable"
"CR-0000086192","ACV-0000176320","F","58","","Major","Driver","Had Not Been Drinking","North","Proceeding Straight","Car","None Apparent","1","Unknown","Unknown"
"CR-0000086199","ACV-0000176331","","0","","Unknown","Driver","Impairment Not Known","West","Proceeding Straight","Car","Other Violation","1","21658","Unsafe Lane Change"
"CR-0000086210","ACV-0000176351","M","53","","Moderate","Driver","Had Not Been Drinking","North","Proceeding Straight","Panel Truck","None Apparent","1","22107","Unsafe Turn Movement"
"CR-0000086194","ACV-0000176324","M","56","","Moderate","Driver","Impairment Not Known","West","Proceeding Straight","Panel Truck","Unknown","1","Unknown","Unknown"
"CR-0000086205","ACV-0000176344","F","25","","Not Applicable","Bicycle","Had Not Been Drinking","North","Proceeding Straight","Scooter Motorized","Unknown","1","22350","Speeding"
"CR-0000086201","ACV-0000176338","","0","","Minor","Parked","Not Applicable","Not Applicable","Parked","Car","None Apparent","1","Not Applicable","Not Applicable"
"CR-0000086211","ACV-0000176353","F","18","","Major","Driver","Had Not Been Drinking","West","Making Right Turn","Car","Other Violation","1","22107","Unsafe Turn Movement"
"CR-0000086201","ACV-0000176336","","0","","Moderate","Parked","Not Applicable","Not Applicable","Parked","Car","None Apparent","1","Not Applicable","Not Applicable"
"CR-0000086200","ACV-0000176333","M","31","","Minor","Driver","Had Been Drinking - Under Influence","North","Backing","Car","Unknown","1","22106","Unsafe Backing"
"CR-0000086193","ACV-0000176322","M","52","","Unknown","Driver","Impairment Not Known","North","Proceeding Straight","Car","Unknown","1","Unknown","Unknown"