"CrashName","Name","Sex","Age","Speed","VehicleDamage","PartyCategory","Sobriety","VehicleDirection","MovementPrecedingCollision","PartyType","OtherAssociatedFactor","VehicleCount","ViolationCode","ViolationCodeDescription"
"CR-0000086202","ACV-0000176340","F","40","","Minor","Driver","Had Not Been Drinking","South","Proceeding Straight","Car","None Apparent","1","Not Applicable","Not Applicable"
"CR-0000086192","ACV-0000176319","F","36","","Major","Driver","Had Not Been Drinking","South","Making Left Turn","Car","None Apparent","1","Unknown","Unknown"
"CR-0000086195","ACV-0000176325","M","27","","Minor","Driver","Had Been Drinking - Under Influence","East","Changing Lanes","Car","Other Violation","1","22350","Speeding"
"CR-0000086199","ACV-0000176332","","0","","Minor","Parked","Not Applicable","Not Applicable","Parked","Car","Unknown","1","Not Applicable","Not Applicable"
"CR-0000086202","ACV-0000176339","F","64","","Minor","Driver","Had Not Been Drinking","West","Making Left Turn","Motorcycle/Moped","None Apparent","1","21804","Yield From Driveway/Curb"
"CR-0000086201","ACV-0000176335","M","25","","Moderate","Driver","Impairment Not Known","East","Proceeding Straight","Car","None Apparent","1","21658","Unsafe Lane Change"
"CR-0000086197","ACV-0000176329","M","33","","Major","Driver","Under Drug Influence","South","Making Left Turn","Car","Speeding","1","22107","Unsafe Turn Movement"
"CR-0000086193","ACV-0000176321","","0","","Unknown","Driver","Impairment Not Known","North","Changing Lanes","Car","Unknown","1","Unknown","Unknown"
"CR-0000086201","ACV-0000176337","","0","","Minor","Parked","Not Applicable","Not Applicable","Parked","Car","None Apparent","1","Not Applicable","Not Applicable"
"CR-0000086204","ACV-0000176342","M","18","","Major","Driver","Had Not Been Drinking","South","Other Unsafe Turning","Car","Other Violation","1","21658","Unsafe Lane Change"
"CR-0000086208","ACV-0000176349","M","40","","Moderate","Driver","Impairment Not Known","East","Proceeding Straight","Car","Other","1","22350","Speeding"
"CR-0000086206","ACV-0000176345","","0","","Unknown","Driver","Impairment Not Known","East","Making Left Turn","Motorcycle/Moped","Other Violation","1","22107","Unsafe Turn Movement"
"CR-0000086196","ACV-0000176327","M","51","","Minor","Driver","Had Not Been Drinking","North","Proceeding Straight","Car","Inattention","1","22350","Speeding"
"CR-0000086223","ACV-0000176375","M","40","","Major","Driver","Had Been Drinking - Under Influence","East","Ran Off Road","Car","Unknown","1","22100","Improper Turn"
"CR-0000086220","ACV-0000176368","","0","","Unknown","Parked","Not Applicable","Not Applicable","Parked","Car","Unknown","1","Unknown","Unknown"
"CR-0000086225","ACV-0000176379","M","21","","Moderate","Driver","Had Not Been Drinking","East","Making Left Turn","Panel Truck","None Apparent","1","Not Applicable","Not Applicable"
"CR-0000086221","ACV-0000176372","","0","","Moderate","Parked","Not Applicable","Not Applicable","Parked","Panel Truck","None Apparent","1","Not Applicable","Not Applicable"
"CR-0000086227","ACV-0000176383","M","52","","Minor","Driver","Impairment Not Known","East","Changing Lanes","Bus - Other","None Apparent","1","22107","Unsafe Turn Movement"
"CR-0000086224","ACV-0000176377","M","42","","Moderate","Driver","Had Not Been Drinking","East","Proceeding Straight","Other","Unknown","1","Not Applicable","Not Applicable"
"CR-0000086219","ACV-0000176366","","0","","Unknown","Parked","Not Applicable","Not Applicable","Parked","Car","Unknown","1","Unknown","Unknown"
"CR-0000086217","ACV-0000176363","","0","","Minor","Driver","Impairment Not Known","West","Backing","Panel Truck","Other Violation","1","22106","Unsafe Backing"
"CR-0000086226","ACV-0000176381","F","44","","Moderate","Driver","Had Not Been Drinking","West","Stopped","Car","Unknown","1","Not Applicable","Not Applicable"
"CR-0000086214","ACV-0000176359","","0","","Unknown","Driver","Impairment Not Known","Unknown","Proceeding Straight","Unknown","Other Violation","1","Not Applicable","Not Applicable"
"CR-0000086229","ACV-0000176387","M","38","","Moderate","Driver","Impairment Not Known","West","Stopped","Car","None Apparent","1","Not Applicable","Not Applicable"
"CR-0000086221","ACV-0000176370","M","35","","Moderate","Driver","Had Not Been Drinking","North","Other Unsafe Turning","Car","Inattention","1","22107","Unsafe Turn Movement"
"CR-0000086229","ACV-0000176386","M","0","","Unknown","Driver","Impairment Not Known","East","Other Unsafe Turning","Car","Other Violation","1","23103","Reckless Driving 2"
"CR-0000086222","ACV-0000176374","F","57","","Major","Driver","Had Not Been Drinking","West","Stopped","Car","None Apparent","1","Not Applicable","Not Applicable"
"CR-0000086213","ACV-0000176357","","0","","Minor","Parked","Not Applicable","Not Applicable","Parked","Car","None Apparent","1","Not Applicable","Not Applicable"
"CR-0000086230","ACV-0000176388","M","39","","Totaled","Driver","Had Not Been Drinking","North","Proceeding Straight","Car","Unknown","1","22350","Speeding"
"CR-0000086215","ACV-0000176360","M","31","","Not Applicable","Bicycle","Impairment Not Known","North","Proceeding Straight","Bicycle","None Apparent","1","22350","Speeding"
"CR-0000086213","ACV-0000176358","","0","","Minor","Parked","Not Applicable","Not Applicable","Parked","Panel Truck","None Apparent","1","Not Applicable","Not Applicable"
"CR-0000086227","ACV-0000176382","F","48","","Minor","Driver","Impairment Not Known","East","Other Unsafe Turning","Car","None Apparent","1","22107","Unsafe Turn Movement"
"CR-0000086228","ACV-0000176384","M","35","","Not Applicable","Bicycle","Had Not Been Drinking","West","Proceeding Straight","Bicycle","None Apparent","1","Unknown","Unknown"
"CR-0000086216","ACV-0000176362","M","0","","Unknown","Driver","Impairment Not Known","North","Proceeding Straight","Panel Truck","Other Violation","1","21755","Pass On Right"
"CR-0000086217","ACV-0000176364","","0","","Minor","Parked","Not Applicable","Not Applicable","Parked","Panel Truck","None Apparent","1","Not Applicable","Not Applicable"
"CR-0000086213","ACV-0000176356","","0","","Moderate","Driver","Impairment Not Known","West","Other Unsafe Turning","Panel Truck","Other Violation","1","22350","Speeding"
"CR-0000086230","ACV-0000176389","F","43","","Major","Driver","Had Not Been Drinking","North","Slowing/Stopping","Car","Unknown","1","Not Applicable","Not Applicable"
"CR-0000086228","ACV-0000176385","","47","","Minor","Driver","Had Not Been Drinking","North","Making Right Turn","Car","None Apparent","1","Unknown","Unknown"
"CR-0000086225","ACV-0000176378","F","20","","Moderate","Driver","Had Not Been Drinking","North","Proceeding Straight","Car","None Apparent","1","21453","Run Red Light"
"CR-0000086218","ACV-0000176365","M","23","","Moderate","Driver","Had Not Been Drinking","South","Backing","Car","None Apparent","1","22350","Speeding"
"CR-0000086220","ACV-0000176369","","0","","Unknown","Driver","Impairment Not Known","Unknown","Unknown","Car","Unknown","1","Unknown","Unknown"
"CR-0000086221","ACV-0000176371","","0","","Moderate","Parked","Not Applicable","Not Applicable","Parked","Car","None Apparent","1","Not Applicable","Not Applicable"
"CR-0000086224","ACV-0000176376","F","18","","Major","Driver","Had Not Been Drinking","North","Proceeding Straight","Car","Other Violation","1","21453","Run Red Light"
"CR-0000086219","ACV-0000176367","","0","","Unknown","Driver","Impairment Not Known","Unknown","Unknown","Unknown","Unknown","1","Unknown","Unknown"
"CR-0000086215","ACV-0000176361","M","34","","None","Driver","Impairment Not Known","North","Proceeding Straight","Semi Truck","None Apparent","1","Not Applicable","Not Applicable"
"CR-0000086226","ACV-0000176380","M","38","","None","Driver","Had Not Been Drinking","East","Backing","Panel Truck","Inattention","1","22106","Unsafe Backing"
"CR-0000086222","ACV-0000176373","M","46","","Minor","Driver","Had Not Been Drinking","West","Proceeding Straight","Panel Truck","None Apparent","1","22350","Speeding"
"CR-0000086232","ACV-0000176393","F","24","","Major","Driver","Had Not Been Drinking","West","Making Left Turn","Car","None Apparent","1","Not Applicable","Not Applicable"
"CR-0000086231","ACV-0000176391","M","29","","Unknown","Driver","Impairment Not Known","South","Proceeding Straight","Car","Unknown","1","Unknown","Unknown"
"CR-0000086233","ACV-0000176395","M","19","","Not Applicable","Pedestrian","Had Not Been Drinking","East","Other (Ped)","Skateboard","Unknown","1","Not Applicable","Not Applicable"
"CR-0000086235","ACV-0000176399","F","33","","Unknown","Driver","Had Not Been Drinking","North","Proceeding Straight","Car","Unknown","1","Unknown","Unknown"
"CR-0000086232","ACV-0000176392","","0","","Unknown","Driver","Impairment Not Known","East","Proceeding Straight","Car","Other Violation","1","22350","Speeding"
"CR-0000086234","ACV-0000176396","","0","","Unknown","Driver","Impairment Not Known","North","Proceeding Straight","Car","Other Violation","1","21453","Run Red Light"
"CR-0000086236","ACV-0000176400","F","66","","Major","Driver","Had Not Been Drinking","West","Proceeding Straight","Car","None Apparent","1","22350","Speeding"
"CR-0000086231","ACV-0000176390","F","31","","Unknown","Driver","Impairment Not Known","East","Proceeding Straight","Car","Unknown","1","Unknown","Unknown"
"CR-0000086233","ACV-0000176394","M","61","","None","Driver","Had Not Been Drinking","West","Making Left Turn","Car","Unknown","1","21950","Yield Pedestrian In Crosswalk"
"CR-0000086235","ACV-0000176398","M","35","","Unknown","Driver","Impairment Not Known","North","Proceeding Straight","Car","Unknown","1","Unknown","Unknown"
"CR-0000086234","ACV-0000176397","M","55","","Minor","Driver","Had Not Been Drinking","West","Making Left Turn","Car","None Apparent","1","Not Applicable","Not Applicable"
"CR-0000086236","ACV-0000176401","F","48","","Major","Driver","Had Not Been Drinking","South","Backing","Car","None Apparent","1","Not Applicable","Not Applicable"
"CR-0000086236","ACV-0000176402","","0","","Major","Parked","Not Applicable","Not Applicable","Parked","Panel Truck","None Apparent","1","Not Applicable","Not Applicable"
"CR-0000086260","ACV-0000176457","M","69","","Major","Driver","Had Not Been Drinking","North","Making Left Turn","Car","Unknown","1","Not Applicable","Not Applicable"
"CR-0000086241","ACV-0000176413","M","42","","Minor","Driver","Had Not Been Drinking","East","Slowing/Stopping","Car","None Apparent","1","Not Applicable","Not Applicable"
"CR-0000086237","ACV-0000176403","","0","","Major","Driver","Impairment Not Known","North","Proceeding Straight","Car","Other Violation","1","22350","Speeding"
"CR-0000086259","ACV-0000176452","","0","","Unknown","Driver","Impairment Not Known","West","Making Right Turn","Car","Other Violation","1","22107","Unsafe Turn Movement"
"CR-0000086240","ACV-0000176411","M","43","","Moderate","Driver","Impairment Not Known","East","Proceeding Straight","Car","None Apparent","1","Not Applicable","Not Applicable"
"CR-0000086253","ACV-0000176440","","0","","Moderate","Parked","Not Applicable","Not Applicable","Parked","Car","None Apparent","1","Not Applicable","Not Applicable"
"CR-0000086247","ACV-0000176425","","0","","Major","Parked","Not Applicable","North","Parked","Car","None Apparent","1","Not Applicable","Not Applicable"
"CR-0000086251","ACV-0000176436","","0","","Minor","Parked","Not Applicable","Not Applicable","Parked","Car","None Apparent","1","Not Applicable","Not Applicable"
"CR-0000086257","ACV-0000176449","M","36","","Major","Driver","Impairment Not Known","North","Proceeding Straight","Car","Unknown","1","Not Applicable","Not Applicable"
"CR-0000086238","ACV-0000176405","F","44","","Not Applicable","Pedestrian","Impairment Not Known","South","Other (Ped)","Pedestrian","None Apparent","1","21956","Pedestrian On Roadway"
"CR-0000086244","ACV-0000176419","M","31","","Minor","Driver","Impairment Not Known","East","Proceeding Straight","Motorcycle/Moped","Unknown","1","Not Applicable","Not Applicable"
"CR-0000086252","ACV-0000176437","","0","","Unknown","Driver","Impairment Not Known","East","Proceeding Straight","Car","Other Violation","1","22350","Speeding"
"CR-0000086259","ACV-0000176454","F","23","","Minor","Driver","Had Not Been Drinking","South","Stopped","Car","None Apparent","1","Not Applicable","Not Applicable"
"CR-0000086246","ACV-0000176423","","0","","Unknown","Parked","Not Applicable","Not Applicable","Parked","Car","Unknown","1","Unknown","Unknown"
"CR-0000086250","ACV-0000176432","","0","","Moderate","Parked","Not Applicable","Not Applicable","Parked","Car","Unknown","1","Not Applicable","Not Applicable"
"CR-0000086246","ACV-0000176422","","0","","Unknown","Driver","Impairment Not Known","Unknown","Unknown","Unknown","Unknown","1","Unknown","Unknown"
"CR-0000086248","ACV-0000176427","","0","","Moderate","Parked","Not Applicable","Not Applicable","Parked","Car","None Apparent","1","Not Applicable","Not Applicable"
"CR-0000086256","ACV-0000176446","F","54","","Moderate","Driver","Had Not Been Drinking","South","Crossing Into Opposing Lane","Motorcycle/Moped","Inattention","1","21460","Driving Over Centerline"
"CR-0000086240","ACV-0000176410","M","39","","Moderate","Driver","Impairment Not Known","West","Making Left Turn","Car","None Apparent","1","22107","Unsafe Turn Movement"
"CR-0000086254","ACV-0000176442","M","31","","Major","Driver","Impairment Not Known","South","Proceeding Straight","Car","Inattention","1","21453","Run Red Light"
"CR-0000086252","ACV-0000176438","M","23","","Totaled","Driver","Had Not Been Drinking","East","Proceeding Straight","Car","None Apparent","1","Not Applicable","Not Applicable"
"CR-0000086259","ACV-0000176455","F","25","","Minor","Driver","Had Not Been Drinking","South","Stopped","Car","None Apparent","1","Not Applicable","Not Applicable"
"CR-0000086256","ACV-0000176447","F","45","","Major","Driver","Had Not Been Drinking","North","Stopped","Car","None Apparent","1","Not Applicable","Not Applicable"
"CR-0000086251","ACV-0000176435","","0","","Moderate","Parked","Not Applicable","Not Applicable","Parked","Car","None Apparent","1","Not Applicable","Not Applicable"
"CR-0000086248","ACV-0000176428","","0","","Major","Parked","Not Applicable","Not Applicable","Parked","Panel Truck","None Apparent","1","Not Applicable","Not Applicable"
"CR-0000086251","ACV-0000176434","M","22","","Major","Driver","Had Been Drinking - Under Influence","West","Proceeding Straight","Car","Other Violation","1","23152","Driving Drunk"
"CR-0000086259","ACV-0000176453","M","29","","Moderate","Driver","Had Not Been Drinking","East","Making Left Turn","Car","None Apparent","1","Not Applicable","Not Applicable"
"CR-0000086239","ACV-0000176409","M","30","","Minor","Driver","Had Not Been Drinking","West","Stopped","Car","None Apparent","1","Not Applicable","Not Applicable"
"CR-0000086247","ACV-0000176424","M","24","","Moderate","Driver","Had Been Drinking - Under Influence","North","Proceeding Straight","Car","Other Violation","1","23152","Driving Drunk"
"CR-0000086245","ACV-0000176420","","0","","Major","Driver","Impairment Not Known","North","Crossing Into Opposing Lane","Car","Other Violation","1","21460","Driving Over Centerline"
"CR-0000086243","ACV-0000176416","M","23","","Major","Driver","Had Not Been Drinking","South","Changing Lanes","Car","Unknown","1","22350","Speeding"
"CR-0000086255","ACV-0000176444","F","39","","Moderate","Driver","Had Not Been Drinking","East","Proceeding Straight","Car","None Apparent","1","21658","Unsafe Lane Change"
"CR-0000086238","ACV-0000176406","M","51","","Moderate","Driver","Had Not Been Drinking","North","Proceeding Straight","Car","None Apparent","1","Not Applicable","Not Applicable"
"CR-0000086241","ACV-0000176412","M","22","","Minor","Driver","Had Not Been Drinking","East","Proceeding Straight","Car","None Apparent","1","22350","Speeding"
"CR-0000086243","ACV-0000176417","M","38","","Minor","Driver","Had Not Been Drinking","South","Stopped","Car","Unknown","1","Not Applicable","Not Applicable"
"CR-0000086258","ACV-0000176451","M","33","","Minor","Parked","Not Applicable","Not Applicable","Parked","Car","None Apparent","1","Not Applicable","Not Applicable"
"CR-0000086250","ACV-0000176433","","0","","Moderate","Parked","Not Applicable","Not Applicable","Parked","Car","Unknown","1","Not Applicable","Not Applicable"
"CR-0000086250","ACV-0000176431","F","26","","Major","Driver","Had Been Drinking - Under Influence","South","Proceeding Straight","Car","Improper Turn","1","23152","Driving Drunk"
"CR-0000086244","ACV-0000176418","M","70","","Not Applicable","Bicycle","Impairment Not Known","South","Entering Traffic","Bicycle","Unknown","1","21200","Laws Applied To Bike"
"CR-0000086248","ACV-0000176426","M","24","","Major","Driver","Had Been Drinking - Under Influence","North","Making Right Turn","Car","None Apparent","1","22100","Improper Turn"
"CR-0000086257","ACV-0000176448","F","30","","Moderate","Driver","Impairment Not Known","South","Making Left Turn","Car","Unknown","1","21801","Yield Left Turn"
"CR-0000086237","ACV-0000176404","","0","","Major","Parked","Not Applicable","Not Applicable","Parked","Car","Unknown","1","Not Applicable","Not Applicable"
"CR-0000086245","ACV-0000176421","M","40","","Major","Driver","Impairment Not Known","South","Proceeding Straight","Car","None Apparent","1","Not Applicable","Not Applicable"
"CR-0000086254","ACV-0000176443","F","29","","Major","Driver","Impairment Not Known","East","Proceeding Straight","Car","Unknown","1","Not Applicable","Not Applicable"
"CR-0000086242","ACV-0000176414","","0","","Unknown","Driver","Impairment Not Known","South","Proceeding Straight","Car","Other Violation","1","22350","Speeding"
"CR-0000086242","ACV-0000176415","M","40","","Major","Driver","Impairment Not Known","South","Stopped","Car","Unknown","1","Not Applicable","Not Applicable"
"CR-0000086253","ACV-0000176439","M","39","","Moderate","Driver","Had Not Been Drinking","West","Proceeding Straight","Car","Inattention","1","22100","Improper Turn"
"CR-0000086253","ACV-0000176441","","0","","Moderate","Parked","Not Applicable","Not Applicable","Parked","Car","None Apparent","1","Not Applicable","Not Applicable"
"CR-0000086239","ACV-0000176408","M","20","","Major","Driver","Had Not Been Drinking","West","Stopped","Car","None Apparent","1","Not Applicable","Not Applicable"
"CR-0000086258","ACV-0000176450","M","57","","Moderate","Driver","Had Not Been Drinking","South","Backing","Car","Other Violation","1","22106","Unsafe Backing"
"CR-0000086255","ACV-0000176445","","0","","Moderate","Parked","Not Applicable","Not Applicable","Parked","Car","None Apparent","1","Not Applicable","Not Applicable"
"CR-0000086249","ACV-0000176430","","0","","Major","Parked","Not Applicable","Not Applicable","Parked","Car","None Apparent","1","Not Applicable","Not Applicable"
"CR-0000086260","ACV-0000176456","F","17","","Major","Driver","Had Not Been Drinking","South","Proceeding Straight","Car","Unknown","1","22350","Speeding"
"CR-0000086249","ACV-0000176429","","0","","Major","Driver","Impairment Not Known","West","Proceeding Straight","Car","Other Violation","1","22350","Speeding"
"CR-0000086239","ACV-0000176407","","0","","Major","Driver","Impairment Not Known","West","Proceeding Straight","Car","Other Violation","1","22350","Speeding"
"CR-0000086279","ACV-0000176498","","0","","Major","Parked","Not Applicable","Not Applicable","Parked","Car","Unknown","1","Unknown","Unknown"
"CR-0000086263","ACV-0000176466","M","49","","Moderate","Driver","Had Not Been Drinking","West","Stopped","Car","None Apparent","1","Not Applicable","Not Applicable"
"CR-0000086268","ACV-0000176476","M","28","","Minor","Driver","Impairment Not Known","South","Stopped","Emergency Vehicle","None Apparent","1","Not Applicable","Not Applicable"
"CR-0000086279","ACV-0000176497","M","64","","Major","Driver","Impairment Not Known","South","Ran Off Road","Car","Unknown","1","Unknown","Unknown"
"CR-0000086270","ACV-0000176480","F","50","","Unknown","Driver","Had Not Been Drinking","North","Stopped","Car","None Apparent","1","Not Applicable","Not Applicable"
"CR-0000086266","ACV-0000176472","M","40","","Minor","Driver","Had Not Been Drinking","South","Slowing/Stopping","Car","None Apparent","1","Not Applicable","Not Applicable"
"CR-0000086262","ACV-0000176462","","0","","Major","Parked","Not Applicable","Not Applicable","Parked","Car","Unknown","1","Not Applicable","Not Applicable"
"CR-0000086279","ACV-0000176500","","0","","Moderate","Driver","Not Applicable","Not Applicable","Parked","Car","Unknown","1","Unknown","Unknown"
"CR-0000086269","ACV-0000176477","M","27","","Moderate","Driver","Impairment Not Known","North","Proceeding Straight","Car","Inattention","1","21703","Follow Too Closely"
"CR-0000086280","ACV-0000176502","","0","","Minor","Parked","Not Applicable","Not Applicable","Parked","Panel Truck","None Apparent","1","Not Applicable","Not Applicable"
"CR-0000086261","ACV-0000176458","","0","","Major","Driver","Impairment Not Known","East","Proceeding Straight","Car","Other Violation","1","22350","Speeding"
"CR-0000086281","ACV-0000176505","","0","","Major","Parked","Not Applicable","Not Applicable","Parked","Car","None Apparent","1","Not Applicable","Not Applicable"
"CR-0000086274","ACV-0000176486","","0","","Major","Driver","Impairment Not Known","South","Proceeding Straight","Car","Other Violation","1","22350","Speeding"
"CR-0000086276","ACV-0000176492","M","61","","Major","Driver","Impairment Not Known","South","Proceeding Straight","Car","None Apparent","1","Not Applicable","Not Applicable"
"CR-0000086262","ACV-0000176460","","0","","Major","Driver","Impairment Not Known","East","Proceeding Straight","Car","Other Violation","1","22350","Speeding"
"CR-0000086278","ACV-0000176496","M","30","","Not Applicable","Bicycle","Had Not Been Drinking","North","Proceeding Straight","Bicycle","None Apparent","1","Unknown","Unknown"
"CR-0000086269","ACV-0000176478","M","37","","Minor","Driver","Impairment Not Known","North","Slowing/Stopping","Car","Unknown","1","Not Applicable","Not Applicable"
"CR-0000086272","ACV-0000176482","F","23","","Moderate","Driver","Had Been Drinking - Under Influence","East","Proceeding Straight","Car","Speeding","1","23152","Driving Drunk"
"CR-0000086262","ACV-0000176464","","0","","Moderate","Parked","Not Applicable","Not Applicable","Parked","Car","Unknown","1","Not Applicable","Not Applicable"
"CR-0000086265","ACV-0000176470","M","24","","Major","Driver","Had Not Been Drinking","North","Making Left Turn","Panel Truck","None Apparent","1","Not Applicable","Not Applicable"
"CR-0000086264","ACV-0000176468","M","42","","Minor","Parked","Not Applicable","Not Applicable","Parked","Emergency Vehicle","None Apparent","1","Not Applicable","Not Applicable"
"CR-0000086274","ACV-0000176487","","0","","Moderate","Parked","Not Applicable","Not Applicable","Parked","Car","Unknown","1","Not Applicable","Not Applicable"
"CR-0000086281","ACV-0000176503","M","33","","Major","Driver","Impairment Not Known","North","Proceeding Straight","Car","None Apparent","1","22107","Unsafe Turn Movement"
"CR-0000086278","ACV-0000176495","M","61","","Unknown","Driver","Had Not Been Drinking","West","Proceeding Straight","Car","None Apparent","1","Unknown","Unknown"
"CR-0000086273","ACV-0000176484","","0","","Major","Driver","Impairment Not Known","North","Changing Lanes","Car","Other Violation","1","22107","Unsafe Turn Movement"
"CR-0000086274","ACV-0000176488","","0","","Minor","Parked","Not Applicable","Not Applicable","Parked","Car","Unknown","1","Not Applicable","Not Applicable"
"CR-0000086277","ACV-0000176494","M","60","","Minor","Driver","Had Not Been Drinking","West","Stopped","Car","None Apparent","1","Not Applicable","Not Applicable"
"CR-0000086264","ACV-0000176467","M","33","","Minor","Driver","Had Been Drinking - Under Influence","South","Proceeding Straight","Car","Speeding","1","23152","Driving Drunk"
"CR-0000086273","ACV-0000176485","","0","","Major","Parked","Not Applicable","Not Applicable","Parked","Car","None Apparent","1","Not Applicable","Not Applicable"
"CR-0000086280","ACV-0000176501","","0","","Unknown","Driver","Impairment Not Known","South","Making Right Turn","Car","Other Violation","1","22106","Unsafe Backing"
"CR-0000086279","ACV-0000176499","","0","","Major","Parked","Not Applicable","Not Applicable","Parked","Car","Unknown","1","Unknown","Unknown"
"CR-0000086267","ACV-0000176473","M","27","","Moderate","Driver","Impairment Not Known","North","Proceeding Straight","Car","Uninvolved Vehicle","1","22350","Speeding"
"CR-0000086262","ACV-0000176463","","0","","Moderate","Parked","Not Applicable","Not Applicable","Parked","Car","Unknown","1","Not Applicable","Not Applicable"
"CR-0000086266","ACV-0000176471","M","48","","Moderate","Driver","Had Not Been Drinking","South","Proceeding Straight","Car","None Apparent","1","22350","Speeding"
"CR-0000086261","ACV-0000176459","","0","","Moderate","Parked","Not Applicable","Not Applicable","Parked","Car","Unknown","1","Not Applicable","Not Applicable"
"CR-0000086272","ACV-0000176483","","0","","Moderate","Parked","Not Applicable","Not Applicable","Parked","Car","Unknown","1","Not Applicable","Not Applicable"
"CR-0000086276","ACV-0000176491","M","38","","Major","Driver","Impairment Not Known","North","Making Left Turn","Car","None Apparent","1","21453","Run Red Light"
"CR-0000086270","ACV-0000176479","","0","","Minor","Driver","Impairment Not Known","North","Passing Other Vehicles","Car","Other Violation","1","21750","Passing On Left"
"CR-0000086263","ACV-0000176465","","0","","Moderate","Driver","Impairment Not Known","West","Proceeding Straight","Car","Other Violation","1","22350","Speeding"
"CR-0000086277","ACV-0000176493","","0","","Unknown","Driver","Impairment Not Known","West","Proceeding Straight","Car","Other Violation","1","21703","Follow Too Closely"
"CR-0000086267","ACV-0000176474","M","29","","Major","Driver","Impairment Not Known","North","Stopped","Panel Truck","None Apparent","1","Not Applicable","Not Applicable"
"CR-0000086281","ACV-0000176504","","0","","Minor","Parked","Not Applicable","Not Applicable","Parked","Car","None Apparent","1","Not Applicable","Not Applicable"
"CR-0000086271","ACV-0000176481","F","35","","Major","Driver","Had Been Drinking - Impairment Unknown","West","Making Right Turn","Car","Unknown","1","22107","Unsafe Turn Movement"
"CR-0000086282","ACV-0000176506","M","42","","Major","Driver","Had Been Drinking - Under Influence","East","Proceeding Straight","Car","Unknown","1","21453","Run Red Light"
"CR-0000086275","ACV-0000176490","","0","","Minor","Parked","Not Applicable","Not Applicable","Parked","Car","None Apparent","1","Not Applicable","Not Applicable"
"CR-0000086268","ACV-0000176475","F","27","","Unknown","Driver","Impairment Not Known","North","Crossing Into Opposing Lane","Car","Other Violation","1","21651","Divided Highway"
"CR-0000086275","ACV-0000176489","M","19","","Minor","Driver","Had Not Been Drinking","North","Stopped","Car","Other Violation","1","12500","Unlicensed Driver"
"CR-0000086262","ACV-0000176461","","0","","Moderate","Parked","Not Applicable","Not Applicable","Parked","Panel Truck","Unknown","1","Not Applicable","Not Applicable"
"CR-0000086265","ACV-0000176469","F","24","","Major","Driver","Had Not Been Drinking","South","Proceeding Straight","Car","None Apparent","1","Unknown","Unknown"
"CR-0000086282","ACV-0000176507","F","31","","Moderate","Driver","Impairment Not Known","South","Proceeding Straight","Car","Unknown","1","Not Applicable","Not Applicable"
"CR-0000086303","ACV-0000176543","M","50","","Moderate","Driver","Impairment Not Known","North","Making Left Turn","Car","None Apparent","1","Not Applicable","Not Applicable"
"CR-0000086291","ACV-0000176519","","0","","Unknown","Driver","Impairment Not Known","South","Proceeding Straight","Car","Other Violation","1","21453","Run Red Light"
"CR-0000086293","ACV-0000176523","","0","","Unknown","Driver","Impairment Not Known","West","Other Unsafe Turning","Unknown","Other Violation","1","22350","Speeding"
"CR-0000086289","ACV-0000176515","F","54","","Not Applicable","Bicycle","Impairment Not Known","North","Proceeding Straight","Scooter Motorized","Unknown","1","21235","Laws Apply To Motorized Scooter"
"CR-0000086286","ACV-0000176509","M","58","","Major","Driver","Impairment Not Known","West","Making Left Turn","Car","None Apparent","1","21802","Yield Stop Sign"
"CR-0000086287","ACV-0000176512","F","39","","Major","Driver","Impairment Not Known","West","Proceeding Straight","Car","None Apparent","1","Not Applicable","Not Applicable"
"CR-0000086298","ACV-0000176533","M","39","","Moderate","Driver","Had Not Been Drinking","South","Proceeding Straight","Panel Truck","None Apparent","1","21453","Run Red Light"
"CR-0000086289","ACV-0000176516","M","24","","Minor","Driver","Impairment Not Known","East","Stopped","Car","Unknown","1","Not Applicable","Not Applicable"
"CR-0000086300","ACV-0000176538","M","23","","Moderate","Driver","Had Not Been Drinking","North","Proceeding Straight","Car","Unknown","1","Not Applicable","Not Applicable"
"CR-0000086295","ACV-0000176527","M","35","","Major","Driver","Sleepy/Fatigued","West","Proceeding Straight","Car","Inattention","1","21658","Unsafe Lane Change"
"CR-0000086300","ACV-0000176537","F","69","","Moderate","Driver","Had Not Been Drinking","East","Proceeding Straight","Car","Unknown","1","22108","Duration/Signal"
"CR-0000086301","ACV-0000176540","F","35","","Major","Driver","Had Not Been Drinking","East","Proceeding Straight","Car","Unknown","1","Not Applicable","Not Applicable"
"CR-0000086292","ACV-0000176521","M","46","","Not Applicable","Bicycle","Impairment Not Known","West","Traveling Wrong Way","Bicycle","Other Violation","1","21953","Overhead Crossing"
"CR-0000086297","ACV-0000176531","F","39","","Moderate","Driver","Had Not Been Drinking","North","Proceeding Straight","Car","Unknown","1","Not Applicable","Not Applicable"
"CR-0000086296","ACV-0000176528","M","35","","Major","Driver","Had Not Been Drinking","East","Proceeding Straight","Car","Other Violation","1","21453","Run Red Light"
"CR-0000086286","ACV-0000176510","M","24","","Major","Driver","Impairment Not Known","North","Proceeding Straight","Car","Speeding","1","Not Applicable","Not Applicable"
"CR-0000086292","ACV-0000176522","F","63","","Major","Driver","Had Not Been Drinking","North","Proceeding Straight","Car","Unknown","1","Not Applicable","Not Applicable"
"CR-0000086293","ACV-0000176525","","0","","Minor","Parked","Not Applicable","Not Applicable","Parked","Car","None Apparent","1","Not Applicable","Not Applicable"