"CrashName","Name","Sex","Age","Speed","VehicleDamage","PartyCategory","Sobriety","VehicleDirection","MovementPrecedingCollision","PartyType","OtherAssociatedFactor","VehicleCount","ViolationCode","ViolationCodeDescription"
"CR-0000086304","ACV-0000176544","F","22","","Totaled","Driver","Had Been Drinking - Under Influence","West","Proceeding Straight","Car","Other Violation","1","23152","Driving Drunk"
"CR-0000086293","ACV-0000176524","","0","","Minor","Parked","Not Applicable","Not Applicable","Parked","Car","None Apparent","1","Not Applicable","Not Applicable"
"CR-0000086299","ACV-0000176535","M","21","","Moderate","Driver","Had Not Been Drinking","East","Making Left Turn","Panel Truck","Inattention","1","22107","Unsafe Turn Movement"
"CR-0000086294","ACV-0000176526","M","38","","Moderate","Driver","Had Not Been Drinking","South","Making U-Turn","Car","Other Violation","1","22350","Speeding"
"CR-0000086301","ACV-0000176539","","0","","Moderate","Driver","Impairment Not Known","South","Proceeding Straight","Panel Truck","Other Violation","1","21453","Run Red Light"
"CR-0000086303","ACV-0000176542","M","38","","Moderate","Driver","Impairment Not Known","East","Proceeding Straight","Car","None Apparent","1","21453","Run Red Light"
"CR-0000086305","ACV-0000176546","M","35","","Not Applicable","Bicycle","Impairment Not Known","East","Making U-Turn","Bicycle","Unknown","1","22107","Unsafe Turn Movement"
"CR-0000086296","ACV-0000176529","M","27","","Major","Driver","Had Not Been Drinking","North","Proceeding Straight","Car","Unknown","1","Not Applicable","Not Applicable"
"CR-0000086299","ACV-0000176536","M","40","","Moderate","Driver","Had Not Been Drinking","South","Proceeding Straight","Car","Unknown","1","Not Applicable","Not Applicable"
"CR-0000086304","ACV-0000176545","","0","","Major","Parked","Not Applicable","Not Applicable","Parked","Car","None Apparent","1","Not Applicable","Not Applicable"
"CR-0000086297","ACV-0000176532","M","58","","Minor","Driver","Impairment Not Known","West","Stopped","Car","Unknown","1","Not Applicable","Not Applicable"
"CR-0000086288","ACV-0000176513","F","69","","Minor","Driver","Impairment Not Known","North","Entering Traffic","Car","Inattention","1","21453","Run Red Light"
"CR-0000086298","ACV-0000176534","M","72","","Major","Driver","Had Not Been Drinking","West","Making Left Turn","Car","None Apparent","1","Not Applicable","Not Applicable"
"CR-0000086302","ACV-0000176541","M","45","","Moderate","Driver","Had Not Been Drinking","East","Proceeding Straight","Panel Truck","Uninvolved Vehicle","1","21658","Unsafe Lane Change"
"CR-0000086290","ACV-0000176518","F","26","","Minor","Driver","Had Not Been Drinking","North","Proceeding Straight","Car","None Apparent","1","Not Applicable","Not Applicable"
"CR-0000086288","ACV-0000176514","M","29","","Minor","Driver","Impairment Not Known","East","Proceeding Straight","Car","None Apparent","1","Not Applicable","Not Applicable"
"CR-0000086285","ACV-0000176508","M","25","","Moderate","Driver","Had Been Drinking - Under Influence","South","Proceeding Straight","Car","Under Influence","1","22350","Speeding"
"CR-0000086291","ACV-0000176520","M","20","","Moderate","Driver","Had Not Been Drinking","North","Making Left Turn","Car","None Apparent","1","Not Applicable","Not Applicable"
"CR-0000086290","ACV-0000176517","","0","","Unknown","Driver","Impairment Not Known","North","Proceeding Straight","Car","Other Violation","1","21658","Unsafe Lane Change"
"CR-0000086297","ACV-0000176530","F","50","","Major","Driver","Had Not Been Drinking","South","Making Left Turn","Car","Unknown","1","21453","Run Red Light"
"CR-0000086287","ACV-0000176511","M","33","","Major","Driver","Impairment Not Known","South","Proceeding Straight","Car","None Apparent","1","21453","Run Red Light"
"CR-0000086305","ACV-0000176547","M","17","","Minor","Driver","Impairment Not Known","South","Proceeding Straight","Car","Unknown","1","Not Applicable","Not Applicable"
"CR-0000086307","ACV-0000176550","","0","","Unknown","Driver","Impairment Not Known","East","Proceeding Straight","Car","Other Violation","1","21460","Driving Over Centerline"
"CR-0000086309","ACV-0000176553","M","34","","Moderate","Driver","Impairment Not Known","West","Proceeding Straight","Car","Other Violation","1","22350","Speeding"
"CR-0000086312","ACV-0000176558","M","28","","Moderate","Driver","Had Not Been Drinking","West","Making Left Turn","Panel Truck","None Apparent","1","21453","Run Red Light"
"CR-0000086307","ACV-0000176551","F","18","","Minor","Driver","Had Been Drinking - Impairment Unknown","West","Proceeding Straight","Car","Unknown","1","Not Applicable","Not Applicable"
"CR-0000086306","ACV-0000176549","","0","","Unknown","Parked","Not Applicable","Not Applicable","Parked","Car","Unknown","1","Not Applicable","Not Applicable"
"CR-0000086309","ACV-0000176554","M","57","","Moderate","Driver","Impairment Not Known","West","Proceeding Straight","Car","None Apparent","1","Not Applicable","Not Applicable"
"CR-0000086311","ACV-0000176557","M","32","","Major","Driver","Impairment Not Known","East","Proceeding Straight","Motorcycle/Moped","None Apparent","1","Not Applicable","Not Applicable"
"CR-0000086306","ACV-0000176548","","0","","Unknown","Driver","Impairment Not Known","North","Proceeding Straight","Car","Other Violation","1","22350","Speeding"
"CR-0000086308","ACV-0000176552","F","53","","Moderate","Driver","Had Not Been Drinking","North","Proceeding Straight","Car","Other","1","00001","Other Improper Driving"
"CR-0000086311","ACV-0000176556","M","62","","Moderate","Driver","Impairment Not Known","North","Entering Traffic","Car","None Apparent","1","21804","Yield From Driveway/Curb"
"CR-0000086313","ACV-0000176561","","0","","Minor","Parked","Not Applicable","Not Applicable","Parked","Car","Unknown","1","Not Applicable","Not Applicable"
"CR-0000086313","ACV-0000176560","","0","","Major","Driver","Impairment Not Known","East","Proceeding Straight","Car","Other Violation","1","22350","Speeding"
"CR-0000086310","ACV-0000176555","","0","","Moderate","Driver","Impairment Not Known","South","Proceeding Straight","Car","Other Violation","1","22107","Unsafe Turn Movement"
"CR-0000086312","ACV-0000176559","F","21","","Moderate","Driver","Had Not Been Drinking","East","Proceeding Straight","Car","None Apparent","1","Not Applicable","Not Applicable"
"CR-0000086318","ACV-0000176570","F","28","","Major","Driver","Had Been Drinking - Under Influence","North","Making Right Turn","Car","None Apparent","1","22100","Improper Turn"
"CR-0000086323","ACV-0000176579","F","44","","Minor","Driver","Had Not Been Drinking","South","Making Left Turn","Car","None Apparent","1","Not Applicable","Not Applicable"
"CR-0000086320","ACV-0000176574","F","21","","Moderate","Driver","Impairment Not Known","North","Proceeding Straight","Car","Unknown","1","Not Applicable","Not Applicable"
"CR-0000086320","ACV-0000176573","","0","","Minor","Driver","Impairment Not Known","West","Merging","Car","Other Violation","1","22350","Speeding"
"CR-0000086323","ACV-0000176578","M","47","","Minor","Bicycle","Had Not Been Drinking","West","Traveling Wrong Way","Bicycle","None Apparent","1","21651","Divided Highway"
"CR-0000086318","ACV-0000176571","","0","","Moderate","Parked","Not Applicable","Not Applicable","Parked","Car","None Apparent","1","Not Applicable","Not Applicable"
"CR-0000086322","ACV-0000176577","","0","","Moderate","Parked","Not Applicable","Not Applicable","Parked","Car","None Apparent","1","Not Applicable","Not Applicable"
"CR-0000086322","ACV-0000176576","M","51","","Moderate","Driver","Had Not Been Drinking","East","Other Unsafe Turning","Car","Other Violation","1","22100","Improper Turn"
"CR-0000086321","ACV-0000176575","M","20","","Major","Driver","Sleepy/Fatigued","North","Proceeding Straight","Car","None Apparent","1","22350","Speeding"
"CR-0000086326","ACV-0000176585","F","31","","Major","Parked","Not Applicable","Not Applicable","Parked","Car","None Apparent","1","Not Applicable","Not Applicable"
"CR-0000086316","ACV-0000176566","M","19","","None","Driver","Had Not Been Drinking","North","Proceeding Straight","Car","None Apparent","1","Not Applicable","Not Applicable"
"CR-0000086324","ACV-0000176580","M","76","","Moderate","Driver","Had Been Drinking - Under Influence","South","Proceeding Straight","Car","Under Influence","1","21658","Unsafe Lane Change"
"CR-0000086316","ACV-0000176567","F","3","","Not Applicable","Pedestrian","Had Not Been Drinking","West","Proceeding Straight","Pedestrian","None Apparent","1","21954","Pedestrian Yield Car"
"CR-0000086317","ACV-0000176569","M","29","","Major","Driver","Impairment Not Known","South","Proceeding Straight","Car","Unknown","1","Not Applicable","Not Applicable"
"CR-0000086325","ACV-0000176583","M","35","","Major","Driver","Had Been Drinking - Under Influence","East","Proceeding Straight","Car","Unknown","1","Not Applicable","Not Applicable"
"CR-0000086329","ACV-0000176589","","0","","Major","Driver","Impairment Not Known","West","Traveling Wrong Way","Car","Other Violation","1","22107","Unsafe Turn Movement"
"CR-0000086317","ACV-0000176568","M","53","","Major","Driver","Impairment Not Known","West","Entering Traffic","Car","Unknown","1","22107","Unsafe Turn Movement"
"CR-0000086314","ACV-0000176563","M","32","","Moderate","Driver","Had Not Been Drinking","North","Proceeding Straight","Car","Unknown","1","Not Applicable","Not Applicable"
"CR-0000086315","ACV-0000176564","M","0","","Moderate","Driver","Impairment Not Known","East","Proceeding Straight","Car","Other Violation","1","22350","Speeding"
"CR-0000086315","ACV-0000176565","M","32","","Major","Driver","Had Not Been Drinking","East","Stopped","Car","None Apparent","1","Not Applicable","Not Applicable"
"CR-0000086326","ACV-0000176584","","0","","Moderate","Driver","Impairment Not Known","North","Making Right Turn","Car","Other Violation","1","22107","Unsafe Turn Movement"
"CR-0000086314","ACV-0000176562","F","59","","Moderate","Driver","Had Not Been Drinking","West","Making Right Turn","Car","Unknown","1","21804","Yield From Driveway/Curb"
"CR-0000086329","ACV-0000176591","","0","","Minor","Parked","Not Applicable","Not Applicable","Parked","Car","None Apparent","1","Not Applicable","Not Applicable"
"CR-0000086327","ACV-0000176586","","0","","Unknown","Driver","Impairment Not Known","South","Proceeding Straight","Car","Other Violation","1","22350","Speeding"
"CR-0000086329","ACV-0000176590","","0","","Minor","Parked","Not Applicable","Not Applicable","Parked","Car","None Apparent","1","Not Applicable","Not Applicable"
"CR-0000086329","ACV-0000176594","","0","","Minor","Parked","Not Applicable","Not Applicable","Parked","Car","None Apparent","1","Not Applicable","Not Applicable"
"CR-0000086329","ACV-0000176592","","0","","Major","Parked","Not Applicable","Not Applicable","Parked","Car","None Apparent","1","Not Applicable","Not Applicable"
"CR-0000086330","ACV-0000176595","","40","","Unknown","Driver","Impairment Not Known","East","Stopped","Car","Unknown","1","Unknown","Unknown"
"CR-0000086330","ACV-0000176596","","0","","Unknown","Driver","Impairment Not Known","East","Passing Other Vehicles","Motorcycle/Moped","Unknown","1","Unknown","Unknown"
"CR-0000086328","ACV-0000176588","F","23","","Moderate","Driver","Had Been Drinking - Not Under Influence","South","Proceeding Straight","Car","None Apparent","1","Not Applicable","Not Applicable"
"CR-0000086324","ACV-0000176581","","0","","Major","Parked","Not Applicable","Not Applicable","Parked","Car","Unknown","1","Not Applicable","Not Applicable"
"CR-0000086325","ACV-0000176582","M","57","","Major","Driver","Had Not Been Drinking","North","Proceeding Straight","Car","Unknown","1","21800","Yield Uncontrolled Intersection"
"CR-0000086329","ACV-0000176593","","0","","Major","Parked","Not Applicable","Not Applicable","Parked","Car","None Apparent","1","Not Applicable","Not Applicable"
"CR-0000086319","ACV-0000176572","M","23","","Major","Driver","Had Been Drinking - Under Influence","East","Making Left Turn","Car","Under Influence","1","22107","Unsafe Turn Movement"
"CR-0000086328","ACV-0000176587","","0","","Unknown","Driver","Impairment Not Known","East","Making Right Turn","Car","None Apparent","1","21804","Yield From Driveway/Curb"
"CR-0000086341","ACV-0000176619","M","28","","None","Driver","Impairment Not Known","West","Other Unsafe Turning","Panel Truck","Vision Obscurement","1","22107","Unsafe Turn Movement"
"CR-0000086345","ACV-0000176627","M","53","","Minor","Driver","Had Not Been Drinking","East","Stopped","Car","None Apparent","1","Not Applicable","Not Applicable"
"CR-0000086338","ACV-0000176614","","0","","Moderate","Parked","Not Applicable","Not Applicable","Parked","Car","Unknown","1","Not Applicable","Not Applicable"
"CR-0000086341","ACV-0000176620","M","28","","Not Applicable","Pedestrian","Impairment Not Known","Not Applicable","Other (Ped)","Pedestrian","Unknown","1","Not Applicable","Not Applicable"
"CR-0000086345","ACV-0000176626","F","65","","Minor","Driver","Had Not Been Drinking","East","Proceeding Straight","Car","Stop And Go Traffic","1","21703","Follow Too Closely"
"CR-0000086343","ACV-0000176623","F","41","","Major","Driver","Sleepy/Fatigued","North","Ran Off Road","Car","Inattention","1","22350","Speeding"
"CR-0000086337","ACV-0000176611","M","75","","Major","Driver","Had Not Been Drinking","North","Proceeding Straight","Car","Stop And Go Traffic","1","22350","Speeding"
"CR-0000086342","ACV-0000176622","F","64","","Not Applicable","Pedestrian","Impairment Not Known","East","Other (Ped)","Pedestrian","Unknown","1","Not Applicable","Not Applicable"
"CR-0000086338","ACV-0000176613","","0","","Minor","Driver","Impairment Not Known","South","Other","Car","Other Violation","1","23103","Reckless Driving 2"
"CR-0000086344","ACV-0000176624","M","20","","Moderate","Driver","Had Not Been Drinking","North","Proceeding Straight","Car","None Apparent","1","22450","Fail Stop/Sign"
"CR-0000086344","ACV-0000176625","M","58","","Major","Driver","Had Not Been Drinking","West","Proceeding Straight","Car","None Apparent","1","Not Applicable","Not Applicable"
"CR-0000086333","ACV-0000176603","","0","","Major","Parked","Not Applicable","Not Applicable","Parked","Panel Truck","Unknown","1","Not Applicable","Not Applicable"
"CR-0000086333","ACV-0000176600","M","64","","Major","Driver","Under Drug Influence","North","Proceeding Straight","Car","Other Violation","1","22450","Fail Stop/Sign"
"CR-0000086337","ACV-0000176612","F","58","","Major","Driver","Had Not Been Drinking","South","Making Left Turn","Car","Stop And Go Traffic","1","Not Applicable","Not Applicable"
"CR-0000086342","ACV-0000176621","M","31","","Minor","Driver","Had Not Been Drinking","West","Making Left Turn","Car","Unknown","1","21950","Yield Pedestrian In Crosswalk"
"CR-0000086332","ACV-0000176599","","0","","Moderate","Parked","Not Applicable","Not Applicable","Parked","Car","Unknown","1","Unknown","Unknown"
"CR-0000086333","ACV-0000176605","","0","","Major","Parked","Not Applicable","Not Applicable","Parked","Car","Unknown","1","Not Applicable","Not Applicable"
"CR-0000086332","ACV-0000176598","F","0","","Moderate","Driver","Impairment Not Known","North","Proceeding Straight","Car","Other Violation","1","Unknown","Unknown"
"CR-0000086346","ACV-0000176629","","0","","Minor","Parked","Not Applicable","Not Applicable","Parked","Car","Unknown","1","Not Applicable","Not Applicable"
"CR-0000086347","ACV-0000176630","F","26","","Unknown","Driver","Impairment Not Known","South","Proceeding Straight","Car","Unknown","1","Unknown","Unknown"
"CR-0000086331","ACV-0000176597","","0","","Major","Driver","Impairment Not Known","South","Proceeding Straight","Car","Other Violation","1","22350","Speeding"
"CR-0000086333","ACV-0000176602","","0","","Major","Parked","Not Applicable","Not Applicable","Parked","Car","Unknown","1","Not Applicable","Not Applicable"
"CR-0000086333","ACV-0000176601","F","29","","Major","Driver","Impairment Not Known","West","Proceeding Straight","Car","None Apparent","1","Not Applicable","Not Applicable"
"CR-0000086340","ACV-0000176617","","0","","Moderate","Parked","Not Applicable","Not Applicable","Parked","Car","Unknown","1","Not Applicable","Not Applicable"
"CR-0000086334","ACV-0000176606","M","31","","Unknown","Driver","Had Been Drinking - Under Influence","North","Proceeding Straight","Car","Under Influence","1","22350","Speeding"
"CR-0000086339","ACV-0000176615","M","25","","Moderate","Driver","Had Not Been Drinking","West","Making Right Turn","Car","Uninvolved Vehicle","1","22107","Unsafe Turn Movement"
"CR-0000086340","ACV-0000176618","","0","","Moderate","Parked","Not Applicable","Not Applicable","Parked","Car","Unknown","1","Not Applicable","Not Applicable"
"CR-0000086333","ACV-0000176604","","0","","Major","Parked","Not Applicable","Not Applicable","Parked","Car","Unknown","1","Not Applicable","Not Applicable"
"CR-0000086335","ACV-0000176608","F","20","","Major","Driver","Impairment Not Known","South","Ran Off Road","Car","Other","1","22107","Unsafe Turn Movement"
"CR-0000086347","ACV-0000176631","M","43","","Unknown","Driver","Impairment Not Known","South","Changing Lanes","Car","Unknown","1","Unknown","Unknown"
"CR-0000086334","ACV-0000176607","M","44","","Moderate","Driver","Impairment Not Known","North","Proceeding Straight","Car","Unknown","1","Not Applicable","Not Applicable"
"CR-0000086336","ACV-0000176609","","0","","Unknown","Driver","Impairment Not Known","South","Proceeding Straight","Car","Other Violation","1","Unknown","Unknown"
"CR-0000086336","ACV-0000176610","","0","","Unknown","Parked","Not Applicable","Not Applicable","Parked","Car","None Apparent","1","Unknown","Unknown"
"CR-0000086340","ACV-0000176616","F","58","","Moderate","Driver","Had Not Been Drinking","North","Making Right Turn","Car","Other Violation","1","22107","Unsafe Turn Movement"
"CR-0000086346","ACV-0000176628","M","55","","Major","Driver","Had Been Drinking - Under Influence","South","Ran Off Road","Car","None Apparent","1","21663","Driving On Sidewalk"
"CR-0000086355","ACV-0000176643","M","41","","Moderate","Driver","Had Not Been Drinking","North","Proceeding Straight","Panel Truck","Unknown","1","Not Applicable","Not Applicable"
"CR-0000086348","ACV-0000176633","M","30","","Not Applicable","Pedestrian","Had Not Been Drinking","Not Applicable","Other (Ped)","Pedestrian","Other","1","Unknown","Unknown"
"CR-0000086350","ACV-0000176635","","0","","Unknown","Driver","Impairment Not Known","North","Ran Off Road","Car","Other Violation","1","Unknown","Unknown"
"CR-0000086351","ACV-0000176636","F","68","","Moderate","Driver","Had Been Drinking - Under Influence","North","Making Left Turn","Panel Truck","Improper Turn","1","23152","Driving Drunk"
"CR-0000086352","ACV-0000176638","F","27","","Minor","Driver","Had Not Been Drinking","East","Changing Lanes","Car","None Apparent","1","Not Applicable","Not Applicable"
"CR-0000086358","ACV-0000176650","M","37","","Moderate","Driver","Impairment Not Known","West","Stopped","Car","None Apparent","1","Not Applicable","Not Applicable"
"CR-0000086354","ACV-0000176641","M","15","","Not Applicable","Bicycle","Had Not Been Drinking","North","Traveling Wrong Way","Bicycle","Unknown","1","21650","Driving Wrong Side"
"CR-0000086352","ACV-0000176637","F","19","","Minor","Driver","Had Not Been Drinking","East","Proceeding Straight","Car","None Apparent","1","21453","Run Red Light"
"CR-0000086355","ACV-0000176642","F","18","","Major","Driver","Had Not Been Drinking","West","Entering Traffic","Car","Inattention","1","21804","Yield From Driveway/Curb"
"CR-0000086348","ACV-0000176632","F","27","","None","Driver","Had Not Been Drinking","West","Proceeding Straight","Car","Other","1","Unknown","Unknown"
"CR-0000086357","ACV-0000176647","","0","","Major","Parked","Not Applicable","Not Applicable","Parked","Car","Unknown","1","Not Applicable","Not Applicable"
"CR-0000086349","ACV-0000176634","M","29","","Major","Driver","Had Not Been Drinking","East","Making Right Turn","Car","None Apparent","1","22350","Speeding"
"CR-0000086353","ACV-0000176639","M","57","","Major","Driver","Had Not Been Drinking","East","Proceeding Straight","Car","Other","1","Not Applicable","Not Applicable"
"CR-0000086356","ACV-0000176645","F","68","","Minor","Driver","Had Been Drinking - Under Influence","North","Proceeding Straight","Car","None Apparent","1","22107","Unsafe Turn Movement"
"CR-0000086355","ACV-0000176644","F","47","","Minor","Driver","Had Not Been Drinking","North","Proceeding Straight","Car","Unknown","1","Not Applicable","Not Applicable"
"CR-0000086357","ACV-0000176646","M","28","","Major","Driver","Sleepy/Fatigued","West","Proceeding Straight","Car","Other Violation","1","23103","Reckless Driving 2"
"CR-0000086358","ACV-0000176649","F","59","","Minor","Driver","Impairment Not Known","West","Stopped","Car","None Apparent","1","Not Applicable","Not Applicable"
"CR-0000086354","ACV-0000176640","F","20","","None","Driver","Had Not Been Drinking","East","Making Right Turn","Car","None Apparent","1","Not Applicable","Not Applicable"
"CR-0000086358","ACV-0000176648","M","23","","Moderate","Driver","Impairment Not Known","West","Proceeding Straight","Car","Other Violation","1","00001","Other Improper Driving"
"CR-0000086360","ACV-0000176651","M","39","","Major","Driver","Had Not Been Drinking","South","Proceeding Straight","Car","Unknown","1","21453","Run Red Light"
"CR-0000086360","ACV-0000176652","M","53","","Major","Driver","Had Not Been Drinking","North","Making Left Turn","Car","Unknown","1","Not Applicable","Not Applicable"
"CR-0000086361","ACV-0000176654","M","60","","Minor","Driver","Had Not Been Drinking","West","Making Right Turn","Semi Truck","None Apparent","1","Not Applicable","Not Applicable"
"CR-0000086361","ACV-0000176653","M","38","","Moderate","Driver","Had Not Been Drinking","South","Proceeding Straight","Car","Speeding","1","21800","Yield Uncontrolled Intersection"
"CR-0000086364","ACV-0000176660","","0","","Unknown","Driver","Impairment Not Known","East","Proceeding Straight","Car","Unknown","1","Unknown","Unknown"
"CR-0000086363","ACV-0000176657","F","52","","Unknown","Driver","Impairment Not Known","South","Stopped","Car","Unknown","1","Unknown","Unknown"
"CR-0000086362","ACV-0000176656","F","19","","Unknown","Driver","Impairment Not Known","West","Proceeding Straight","Car","Unknown","1","Unknown","Unknown"
"CR-0000086364","ACV-0000176659","M","53","","Unknown","Driver","Impairment Not Known","South","Proceeding Straight","Car","Unknown","1","Unknown","Unknown"
"CR-0000086362","ACV-0000176655","F","25","","Unknown","Driver","Impairment Not Known","South","Proceeding Straight","Car","Unknown","1","Unknown","Unknown"
"CR-0000086363","ACV-0000176658","","0","","Unknown","Driver","Impairment Not Known","East","Making Left Turn","Car","Unknown","1","Unknown","Unknown"
"CR-0000086365","ACV-0000176661","","0","","Unknown","Driver","Impairment Not Known","West","Proceeding Straight","Panel Truck","Other Violation","1","23103","Reckless Driving 2"
"CR-0000086366","ACV-0000176665","M","51","","Moderate","Driver","Had Not Been Drinking","East","Making Right Turn","Car","None Apparent","1","Not Applicable","Not Applicable"
"CR-0000086365","ACV-0000176663","","0","","Minor","Parked","Not Applicable","Not Applicable","Parked","Car","Unknown","1","Not Applicable","Not Applicable"
"CR-0000086367","ACV-0000176667","M","33","","Minor","Driver","Had Not Been Drinking","North","Making Right Turn","Car","Entering/Leaving Ramp","1","Not Applicable","Not Applicable"
"CR-0000086370","ACV-0000176671","","0","","Minor","Driver","Impairment Not Known","East","Proceeding Straight","Panel Truck","Other Violation","1","21703","Follow Too Closely"
"CR-0000086366","ACV-0000176664","","0","","Unknown","Driver","Impairment Not Known","North","Making Left Turn","Car","Other Violation","1","21801","Yield Left Turn"
"CR-0000086368","ACV-0000176668","","0","","Unknown","Driver","Impairment Not Known","North","Other","Car","Other Violation","1","22107","Unsafe Turn Movement"
"CR-0000086365","ACV-0000176662","M","30","","Major","Driver","Impairment Not Known","West","Making Right Turn","Car","Unknown","1","Not Applicable","Not Applicable"
"CR-0000086367","ACV-0000176666","M","25","","None","Driver","Had Not Been Drinking","North","Making Right Turn","Emergency Vehicle","Entering/Leaving Ramp","1","Unknown","Unknown"
"CR-0000086369","ACV-0000176670","M","0","","Major","Driver","Impairment Not Known","East","Proceeding Straight","Panel Truck","Other Violation","1","21658","Unsafe Lane Change"
"CR-0000086368","ACV-0000176669","M","34","","Not Applicable","Bicycle","Had Been Drinking - Not Under Influence","North","Making Right Turn","Scooter Motorized","Unknown","1","Not Applicable","Not Applicable"
"CR-0000086371","ACV-0000176673","","0","","Unknown","Driver","Impairment Not Known","West","Proceeding Straight","Car","Other Violation","1","22350","Speeding"
"CR-0000086372","ACV-0000176675","M","21","","Minor","Driver","Had Not Been Drinking","West","Proceeding Straight","Car","None Apparent","1","22350","Speeding"
"CR-0000086374","ACV-0000176679","M","44","","Major","Driver","Had Not Been Drinking","West","Proceeding Straight","Car","None Apparent","1","Not Applicable","Not Applicable"
"CR-0000086375","ACV-0000176683","","0","","Minor","Parked","Not Applicable","Not Applicable","Parked","Car","None Apparent","1","Not Applicable","Not Applicable"
"CR-0000086370","ACV-0000176672","M","44","","Minor","Driver","Impairment Not Known","West","Backing","Car","None Apparent","1","Not Applicable","Not Applicable"
"CR-0000086373","ACV-0000176676","","0","","Unknown","Driver","Impairment Not Known","Unknown","Unknown","Unknown","Other Violation","1","Unknown","Unknown"
"CR-0000086375","ACV-0000176680","","0","","Major","Driver","Impairment Not Known","East","Proceeding Straight","Car","Other Violation","1","22350","Speeding"
"CR-0000086371","ACV-0000176674","M","57","","Minor","Driver","Impairment Not Known","West","Stopped","Car","None Apparent","1","Not Applicable","Not Applicable"
"CR-0000086374","ACV-0000176678","F","56","","Major","Driver","Had Not Been Drinking","South","Making Right Turn","Car","None Apparent","1","22450","Fail Stop/Sign"
"CR-0000086375","ACV-0000176682","","0","","Minor","Parked","Not Applicable","Not Applicable","Parked","Car","None Apparent","1","Not Applicable","Not Applicable"
"CR-0000086373","ACV-0000176677","","0","","Moderate","Parked","Not Applicable","Not Applicable","Parked","Car","Unknown","1","Unknown","Unknown"
"CR-0000086375","ACV-0000176681","","0","","Major","Parked","Not Applicable","Not Applicable","Parked","Car","None Apparent","1","Not Applicable","Not Applicable"
"CR-0000086377","ACV-0000176685","","0","","Minor","Driver","Impairment Not Known","South","Ran Off Road","Panel Truck","Other Violation","1","22350","Speeding"
"CR-0000086378","ACV-0000176687","","0","","Moderate","Parked","Not Applicable","Not Applicable","Parked","Panel Truck","Unknown","1","Not Applicable","Not Applicable"
"CR-0000086381","ACV-0000176692","","0","","Minor","Driver","Impairment Not Known","East","Making Right Turn","Car","Other Violation","1","Not Applicable","Not Applicable"
"CR-0000086383","ACV-0000176695","M","27","","Not Applicable","Bicycle","Impairment Not Known","North","Making Left Turn","Bicycle","Unknown","1","21200","Laws Applied To Bike"
"CR-0000086378","ACV-0000176686","","0","","Unknown","Driver","Impairment Not Known","South","Proceeding Straight","Car","Other Violation","1","22350","Speeding"
"CR-0000086380","ACV-0000176690","M","60","","Moderate","Driver","Had Not Been Drinking","West","Proceeding Straight","Car","None Apparent","1","Unknown","Unknown"
"CR-0000086382","ACV-0000176694","F","33","","Minor","Driver","Not Applicable","South","Stopped","Panel Truck","Unknown","1","Not Applicable","Not Applicable"
"CR-0000086376","ACV-0000176684","","0","","Unknown","Driver","Impairment Not Known","North","Other Unsafe Turning","Panel Truck","Other Violation","1","21651","Divided Highway"
"CR-0000086379","ACV-0000176688","","0","","Moderate","Driver","Impairment Not Known","South","Ran Off Road","Car","Other Violation","1","22350","Speeding"
"CR-0000086381","ACV-0000176691","M","16","","Not Applicable","Bicycle","Had Not Been Drinking","North","Traveling Wrong Way","Bicycle","Other Violation","1","21650","Driving Wrong Side"
"CR-0000086380","ACV-0000176689","M","30","","Moderate","Driver","Had Not Been Drinking","East","Making Left Turn","Car","None Apparent","1","Unknown","Unknown"
"CR-0000086382","ACV-0000176693","","0","","Minor","Driver","Impairment Not Known","South","Proceeding Straight","Car","Other Violation","1","22350","Speeding"
"CR-0000086384","ACV-0000176697","","0","","Unknown","Driver","Impairment Not Known","West","Proceeding Straight","Car","Other Violation","1","21453","Run Red Light"
"CR-0000086385","ACV-0000176699","","0","","Unknown","Driver","Impairment Not Known","North","Entering Traffic","Car","None Apparent","1","21804","Yield From Driveway/Curb"
"CR-0000086387","ACV-0000176703","M","53","","Major","Driver","Had Been Drinking - Under Influence","East","Proceeding Straight","Car","None Apparent","1","22350","Speeding"
"CR-0000086383","ACV-0000176696","F","70","","Minor","Driver","Impairment Not Known","South","Making Right Turn","Car","Unknown","1","Not Applicable","Not Applicable"
"CR-0000086385","ACV-0000176700","F","54","","Not Applicable","Bicycle","Had Been Drinking - Not Under Influence","West","Traveling Wrong Way","Bicycle","None Apparent","1","Not Applicable","Not Applicable"
"CR-0000086384","ACV-0000176698","F","33","","Minor","Driver","Had Not Been Drinking","South","Making Left Turn","Car","None Apparent","1","Not Applicable","Not Applicable"
"CR-0000086386","ACV-0000176702","F","48","","Moderate","Driver","Had Not Been Drinking","East","Making Right Turn","Car","Unknown","1","Not Applicable","Not Applicable"
"CR-0000086388","ACV-0000176706","M","33","","Minor","Driver","Had Not Been Drinking","East","Proceeding Straight","Panel Truck","None Apparent","1","Not Applicable","Not Applicable"
"CR-0000086387","ACV-0000176704","M","24","","Major","Driver","Had Not Been Drinking","East","Stopped","Car","None Apparent","1","Not Applicable","Not Applicable"
"CR-0000086386","ACV-0000176701","","0","","Unknown","Driver","Impairment Not Known","East","Proceeding Straight","Panel Truck","Other Violation","1","22350","Speeding"