"CrashName","Name","Sex","Age","Speed","VehicleDamage","PartyCategory","Sobriety","VehicleDirection","MovementPrecedingCollision","PartyType","OtherAssociatedFactor","VehicleCount","ViolationCode","ViolationCodeDescription"
"CR-0000086388","ACV-0000176705","M","18","","Moderate","Driver","Had Not Been Drinking","East","Changing Lanes","Car","None Apparent","1","22350","Speeding"
"CR-0000086391","ACV-0000176712","M","51","","Minor","Driver","Had Not Been Drinking","West","Proceeding Straight","Emergency Vehicle","None Apparent","1","Not Applicable","Not Applicable"
"CR-0000086391","ACV-0000176711","M","43","","Minor","Driver","Had Not Been Drinking","West","Making U-Turn","Car","None Apparent","1","21806","Yield Emergency Vehicle"
"CR-0000086394","ACV-0000176717","","0","","Unknown","Driver","Impairment Not Known","North","Proceeding Straight","Car","Other Violation","1","22350","Speeding"
"CR-0000086405","ACV-0000176739","F","28","","Unknown","Driver","Had Not Been Drinking","North","Proceeding Straight","Car","None Apparent","1","Not Applicable","Not Applicable"
"CR-0000086405","ACV-0000176738","M","63","","Not Applicable","Bicycle","Had Not Been Drinking","West","Proceeding Straight","Bicycle","None Apparent","1","21453","Run Red Light"
"CR-0000086394","ACV-0000176718","F","25","","Moderate","Driver","Had Not Been Drinking","North","Stopped","Car","Unknown","1","Not Applicable","Not Applicable"
"CR-0000086395","ACV-0000176719","","0","","Unknown","Driver","Impairment Not Known","East","Proceeding Straight","Car","Other Violation","1","22107","Unsafe Turn Movement"
"CR-0000086395","ACV-0000176720","F","44","","Minor","Driver","Had Not Been Drinking","East","Stopped","Car","None Apparent","1","Not Applicable","Not Applicable"
"CR-0000086393","ACV-0000176715","M","19","","Moderate","Driver","Had Not Been Drinking","South","Proceeding Straight","Car","None Apparent","1","21801","Yield Left Turn"
"CR-0000086400","ACV-0000176728","M","0","","Unknown","Driver","Impairment Not Known","South","Making U-Turn","Car","Other Violation","1","22102","U-Turn Business District"
"CR-0000086401","ACV-0000176730","M","24","","Minor","Driver","Had Not Been Drinking","South","Proceeding Straight","Car","None Apparent","1","21802","Yield Stop Sign"
"CR-0000086389","ACV-0000176707","M","68","","Not Applicable","Pedestrian","Had Not Been Drinking","South","Entering Traffic","Pedestrian","None Apparent","1","21955","Crossing Controlled Intersection/Jaywalking"
"CR-0000086396","ACV-0000176721","","0","","Unknown","Driver","Impairment Not Known","East","Making Left Turn","Unknown","Other Violation","1","22350","Speeding"
"CR-0000086408","ACV-0000176744","","0","","Moderate","Driver","Impairment Not Known","East","Proceeding Straight","Car","Other Violation","1","22350","Speeding"
"CR-0000086393","ACV-0000176716","F","25","","Moderate","Driver","Had Not Been Drinking","West","Making Left Turn","Car","None Apparent","1","Not Applicable","Not Applicable"
"CR-0000086403","ACV-0000176735","M","31","","Minor","Driver","Had Not Been Drinking","North","Slowing/Stopping","Car","None Apparent","1","Not Applicable","Not Applicable"
"CR-0000086403","ACV-0000176734","M","27","","Minor","Driver","Had Not Been Drinking","North","Proceeding Straight","Car","None Apparent","1","22350","Speeding"
"CR-0000086390","ACV-0000176709","M","0","","Unknown","Driver","Impairment Not Known","North","Making Left Turn","Car","Other Violation","1","21804","Yield From Driveway/Curb"
"CR-0000086392","ACV-0000176713","M","49","","Minor","Driver","Had Not Been Drinking","East","Making Left Turn","Panel Truck","Unknown","1","21804","Yield From Driveway/Curb"
"CR-0000086408","ACV-0000176745","M","33","","Major","Driver","Had Not Been Drinking","East","Proceeding Straight","Car","None Apparent","1","Not Applicable","Not Applicable"
"CR-0000086402","ACV-0000176733","","0","","Minor","Parked","Not Applicable","Not Applicable","Parked","Semi Truck","None Apparent","1","Not Applicable","Not Applicable"
"CR-0000086396","ACV-0000176722","","0","","Minor","Parked","Not Applicable","Not Applicable","Parked","Car","None Apparent","1","Not Applicable","Not Applicable"
"CR-0000086409","ACV-0000176746","M","29","","None","Driver","Had Not Been Drinking","North","Making Left Turn","Car","None Apparent","1","21801","Yield Left Turn"
"CR-0000086399","ACV-0000176727","","0","","Major","Driver","Impairment Not Known","South","Other Unsafe Turning","Car","Other Violation","1","22107","Unsafe Turn Movement"
"CR-0000086406","ACV-0000176740","M","40","","Major","Driver","Had Been Drinking - Under Influence","West","Proceeding Straight","Panel Truck","None Apparent","1","22350","Speeding"
"CR-0000086398","ACV-0000176726","M","36","","Not Applicable","Bicycle","Impairment Not Known","South","Proceeding Straight","Bicycle","None Apparent","1","Not Applicable","Not Applicable"
"CR-0000086407","ACV-0000176742","M","31","","Moderate","Driver","Impairment Not Known","North","Stopped","Car","None Apparent","1","Not Applicable","Not Applicable"
"CR-0000086397","ACV-0000176724","M","19","","Minor","Driver","Had Not Been Drinking","North","Stopped","Car","None Apparent","1","Not Applicable","Not Applicable"
"CR-0000086404","ACV-0000176737","","0","","Moderate","Driver","Impairment Not Known","East","Making Left Turn","Car","None Apparent","1","22350","Speeding"
"CR-0000086392","ACV-0000176714","M","68","","Moderate","Driver","Had Not Been Drinking","South","Proceeding Straight","Panel Truck","Unknown","1","Not Applicable","Not Applicable"
"CR-0000086402","ACV-0000176732","","0","","Unknown","Driver","Impairment Not Known","East","Proceeding Straight","Car","Other Violation","1","21658","Unsafe Lane Change"
"CR-0000086397","ACV-0000176723","","0","","Minor","Driver","Impairment Not Known","North","Proceeding Straight","Car","Other Violation","1","22350","Speeding"
"CR-0000086403","ACV-0000176736","M","56","","Minor","Driver","Had Not Been Drinking","North","Slowing/Stopping","Car","None Apparent","1","Not Applicable","Not Applicable"
"CR-0000086407","ACV-0000176741","M","43","","Moderate","Driver","Impairment Not Known","North","Proceeding Straight","Car","None Apparent","1","22350","Speeding"
"CR-0000086398","ACV-0000176725","M","35","","Moderate","Driver","Had Not Been Drinking","South","Proceeding Straight","Car","None Apparent","1","21658","Unsafe Lane Change"
"CR-0000086389","ACV-0000176708","F","73","","Minor","Driver","Had Not Been Drinking","West","Proceeding Straight","Car","None Apparent","1","Not Applicable","Not Applicable"
"CR-0000086407","ACV-0000176743","M","21","","Minor","Driver","Impairment Not Known","North","Stopped","Car","None Apparent","1","Not Applicable","Not Applicable"
"CR-0000086400","ACV-0000176729","M","43","","Major","Driver","Impairment Not Known","South","Proceeding Straight","Car","Unknown","1","Not Applicable","Not Applicable"
"CR-0000086401","ACV-0000176731","M","58","","Moderate","Driver","Had Not Been Drinking","East","Proceeding Straight","Car","None Apparent","1","Not Applicable","Not Applicable"
"CR-0000086409","ACV-0000176747","M","77","","Not Applicable","Pedestrian","Had Not Been Drinking","South","Proceeding Straight","Pedestrian","None Apparent","1","Not Applicable","Not Applicable"
"CR-0000086390","ACV-0000176710","F","69","","Moderate","Driver","Had Not Been Drinking","West","Making Left Turn","Car","None Apparent","1","Not Applicable","Not Applicable"
"CR-0000086414","ACV-0000176756","F","48","","Moderate","Driver","Impairment Not Known","West","Making Left Turn","Car","Unknown","1","21453","Run Red Light"
"CR-0000086416","ACV-0000176760","","0","","Major","Driver","Impairment Not Known","East","Unknown","Car","Other Violation","1","22107","Unsafe Turn Movement"
"CR-0000086432","ACV-0000176796","F","59","","Moderate","Driver","Had Not Been Drinking","South","Proceeding Straight","Car","None Apparent","1","Unknown","Unknown"
"CR-0000086412","ACV-0000176752","M","29","","Minor","Driver","Had Not Been Drinking","North","Proceeding Straight","Car","Speeding","1","21453","Run Red Light"
"CR-0000086417","ACV-0000176761","M","51","","Major","Driver","Had Not Been Drinking","South","Entering Traffic","Car","None Apparent","1","21804","Yield From Driveway/Curb"
"CR-0000086417","ACV-0000176762","F","46","","Major","Driver","Had Not Been Drinking","West","Proceeding Straight","Car","None Apparent","1","Not Applicable","Not Applicable"
"CR-0000086432","ACV-0000176797","F","42","","Moderate","Driver","Had Not Been Drinking","East","Proceeding Straight","Car","None Apparent","1","Not Applicable","Not Applicable"
"CR-0000086414","ACV-0000176757","M","27","","Moderate","Driver","Impairment Not Known","East","Proceeding Straight","Car","Unknown","1","Not Applicable","Not Applicable"
"CR-0000086422","ACV-0000176772","M","58","","Moderate","Driver","Had Not Been Drinking","South","Proceeding Straight","Car","Inattention","1","Not Applicable","Not Applicable"
"CR-0000086422","ACV-0000176771","F","20","","Moderate","Driver","Had Not Been Drinking","North","Making Left Turn","Car","Inattention","1","21801","Yield Left Turn"
"CR-0000086422","ACV-0000176773","","22","","Minor","Driver","Had Not Been Drinking","East","Stopped","Car","Other Violation","1","Not Applicable","Not Applicable"
"CR-0000086425","ACV-0000176778","F","30","","Unknown","Driver","Impairment Not Known","North","Making Left Turn","Car","Unknown","1","Unknown","Unknown"
"CR-0000086428","ACV-0000176788","M","32","","Major","Driver","Had Not Been Drinking","South","Proceeding Straight","Car","Unknown","1","21453","Run Red Light"
"CR-0000086425","ACV-0000176779","","0","","Unknown","Driver","Impairment Not Known","North","Passing Other Vehicles","Car","Unknown","1","Unknown","Unknown"
"CR-0000086430","ACV-0000176793","","0","","Minor","Parked","Not Applicable","Not Applicable","Parked","Car","Unknown","1","Not Applicable","Not Applicable"
"CR-0000086411","ACV-0000176751","F","54","","Minor","Driver","Had Not Been Drinking","North","Proceeding Straight","Car","None Apparent","1","Not Applicable","Not Applicable"
"CR-0000086412","ACV-0000176753","M","61","","Minor","Driver","Had Not Been Drinking","East","Proceeding Straight","Car","Unknown","1","Not Applicable","Not Applicable"
"CR-0000086430","ACV-0000176792","M","65","","Minor","Driver","Had Been Drinking - Under Influence","South","Making Right Turn","Car","Unknown","1","22107","Unsafe Turn Movement"
"CR-0000086438","ACV-0000176807","M","57","","Minor","Driver","Had Been Drinking - Under Influence","North","Proceeding Straight","Car","None Apparent","1","22350","Speeding"
"CR-0000086419","ACV-0000176765","","0","","Unknown","Driver","Impairment Not Known","Unknown","Making U-Turn","Panel Truck","None Apparent","1","22350","Speeding"
"CR-0000086426","ACV-0000176780","M","27","","Major","Driver","Had Been Drinking - Under Influence","East","Proceeding Straight","Car","Unknown","1","23152","Driving Drunk"
"CR-0000086426","ACV-0000176781","","0","","Major","Parked","Not Applicable","Not Applicable","Parked","Car","Unknown","1","Not Applicable","Not Applicable"
"CR-0000086428","ACV-0000176789","F","62","","Major","Driver","Had Not Been Drinking","East","Making Left Turn","Car","Unknown","1","Not Applicable","Not Applicable"
"CR-0000086410","ACV-0000176748","M","29","","Major","Driver","Had Been Drinking - Under Influence","South","Making Right Turn","Car","Other Violation","1","23153","Driving Drunk With Injury"
"CR-0000086413","ACV-0000176754","F","0","","Unknown","Driver","Impairment Not Known","East","Passing Other Vehicles","Car","Other Violation","1","21752","Driving On Left"
"CR-0000086419","ACV-0000176766","","0","","Moderate","Parked","Not Applicable","Not Applicable","Parked","Car","None Apparent","1","Not Applicable","Not Applicable"
"CR-0000086424","ACV-0000176777","","0","","Major","Parked","Not Applicable","Not Applicable","Parked","Car","Unknown","1","Not Applicable","Not Applicable"
"CR-0000086424","ACV-0000176776","F","86","","Major","Driver","Had Been Drinking - Not Under Influence","East","Proceeding Straight","Car","Unknown","1","22107","Unsafe Turn Movement"
"CR-0000086427","ACV-0000176785","","0","","Moderate","Parked","Not Applicable","Not Applicable","Parked","Car","Unknown","1","Not Applicable","Not Applicable"
"CR-0000086437","ACV-0000176806","F","21","","Minor","Driver","Had Not Been Drinking","North","Proceeding Straight","Car","None Apparent","1","Not Applicable","Not Applicable"
"CR-0000086426","ACV-0000176782","","0","","Moderate","Parked","Not Applicable","Not Applicable","Parked","Car","Unknown","1","Not Applicable","Not Applicable"
"CR-0000086427","ACV-0000176786","","0","","Moderate","Parked","Not Applicable","Not Applicable","Parked","Panel Truck","Unknown","1","Not Applicable","Not Applicable"
"CR-0000086427","ACV-0000176784","","0","","Moderate","Parked","Not Applicable","Not Applicable","Parked","Car","Unknown","1","Not Applicable","Not Applicable"
"CR-0000086410","ACV-0000176749","F","37","","Moderate","Driver","Impairment Not Known","West","Proceeding Straight","Car","Unknown","1","Not Applicable","Not Applicable"
"CR-0000086411","ACV-0000176750","M","56","","Minor","Driver","Had Not Been Drinking","East","Proceeding Straight","Panel Truck","None Apparent","1","22450","Fail Stop/Sign"
"CR-0000086413","ACV-0000176755","F","36","","Moderate","Driver","Had Not Been Drinking","East","Stopped","Car","None Apparent","1","Not Applicable","Not Applicable"
"CR-0000086427","ACV-0000176787","","0","","Moderate","Parked","Not Applicable","Not Applicable","Parked","Car","Unknown","1","Not Applicable","Not Applicable"
"CR-0000086434","ACV-0000176800","F","0","","Minor","Driver","Impairment Not Known","East","Stopped","Panel Truck","Other Violation","1","Not Applicable","Not Applicable"
"CR-0000086438","ACV-0000176808","","0","","Minor","Parked","Not Applicable","Not Applicable","Parked","Car","None Apparent","1","Not Applicable","Not Applicable"
"CR-0000086420","ACV-0000176768","M","0","","Unknown","Driver","Impairment Not Known","South","Changing Lanes","Unknown","Unknown","1","Unknown","Unknown"
"CR-0000086420","ACV-0000176767","F","41","","Unknown","Driver","Impairment Not Known","South","Stopped","Car","Unknown","1","Unknown","Unknown"
"CR-0000086421","ACV-0000176770","M","53","","None","Driver","Had Not Been Drinking","East","Stopped","Bus - Other","None Apparent","1","Not Applicable","Not Applicable"
"CR-0000086435","ACV-0000176802","F","45","","Minor","Driver","Had Not Been Drinking","South","Stopped","Car","Unknown","1","Not Applicable","Not Applicable"
"CR-0000086415","ACV-0000176758","M","21","","Major","Driver","Impairment Not Known","North","Traveling Wrong Way","Car","Other Violation","1","22350","Speeding"
"CR-0000086415","ACV-0000176759","","0","","Moderate","Parked","Not Applicable","Not Applicable","Parked","Panel Truck","Unknown","1","Not Applicable","Not Applicable"
"CR-0000086427","ACV-0000176783","F","52","","Moderate","Driver","Impairment Not Known","North","Other Unsafe Turning","Car","None Apparent","1","22107","Unsafe Turn Movement"
"CR-0000086436","ACV-0000176803","","0","","Unknown","Driver","Impairment Not Known","North","Backing","Car","Other Violation","1","22106","Unsafe Backing"
"CR-0000086435","ACV-0000176801","","0","","Unknown","Driver","Impairment Not Known","South","Proceeding Straight","Panel Truck","Other Violation","1","22350","Speeding"
"CR-0000086434","ACV-0000176799","M","31","","Moderate","Driver","Impairment Not Known","East","Making Right Turn","Car","Unknown","1","22350","Speeding"
"CR-0000086418","ACV-0000176763","M","17","","Moderate","Driver","Impairment Not Known","East","Proceeding Straight","Car","None Apparent","1","Unknown","Unknown"
"CR-0000086433","ACV-0000176798","M","22","","Major","Driver","Had Not Been Drinking","West","Ran Off Road","Car","Other Violation","1","22350","Speeding"
"CR-0000086423","ACV-0000176774","","0","","Unknown","Driver","Impairment Not Known","West","Making Right Turn","Car","Other Violation","1","22107","Unsafe Turn Movement"
"CR-0000086431","ACV-0000176795","M","20","","Minor","Driver","Impairment Not Known","East","Proceeding Straight","Car","None Apparent","1","Not Applicable","Not Applicable"
"CR-0000086436","ACV-0000176804","M","28","","Minor","Driver","Had Not Been Drinking","North","Stopped","Car","None Apparent","1","Not Applicable","Not Applicable"
"CR-0000086437","ACV-0000176805","M","24","","Minor","Driver","Had Not Been Drinking","North","Passing Other Vehicles","Motorcycle/Moped","Other Violation","1","22350","Speeding"
"CR-0000086418","ACV-0000176764","M","70","","Moderate","Driver","Impairment Not Known","West","Making Left Turn","Car","None Apparent","1","Not Applicable","Not Applicable"
"CR-0000086421","ACV-0000176769","M","24","","Moderate","Driver","Had Not Been Drinking","East","Slowing/Stopping","Car","Inattention","1","21703","Follow Too Closely"
"CR-0000086423","ACV-0000176775","M","25","","Minor","Driver","Had Not Been Drinking","West","Proceeding Straight","Car","None Apparent","1","Not Applicable","Not Applicable"
"CR-0000086429","ACV-0000176791","F","32","","Moderate","Driver","Impairment Not Known","North","Stopped","Car","None Apparent","1","Not Applicable","Not Applicable"
"CR-0000086431","ACV-0000176794","F","13","","Not Applicable","Bicycle","Impairment Not Known","North","Entering Traffic","Bicycle","None Apparent","1","22450","Fail Stop/Sign"
"CR-0000086429","ACV-0000176790","","0","","Moderate","Driver","Impairment Not Known","North","Proceeding Straight","Panel Truck","Other Violation","1","22350","Speeding"
"CR-0000086439","ACV-0000176809","","29","","Unknown","Parked","Not Applicable","Not Applicable","Parked","Car","Unknown","1","Unknown","Unknown"
"CR-0000086439","ACV-0000176810","","0","","Unknown","Driver","Impairment Not Known","Unknown","Unknown","Car","Unknown","1","Unknown","Unknown"
"CR-0000086440","ACV-0000176812","F","28","","Moderate","Driver","Had Not Been Drinking","East","Proceeding Straight","Car","Unknown","1","Not Applicable","Not Applicable"
"CR-0000086442","ACV-0000176818","M","31","","Major","Driver","Had Been Drinking - Under Influence","North","Proceeding Straight","Motorcycle/Moped","Other Violation","1","23152","Driving Drunk"
"CR-0000086440","ACV-0000176811","","0","","Unknown","Driver","Impairment Not Known","North","Proceeding Straight","Car","Other Violation","1","21453","Run Red Light"
"CR-0000086441","ACV-0000176813","","0","","Moderate","Driver","Impairment Not Known","North","Proceeding Straight","Car","Other Violation","1","22350","Speeding"
"CR-0000086443","ACV-0000176820","","0","","Moderate","Parked","Not Applicable","Not Applicable","Parked","Panel Truck","None Apparent","1","Not Applicable","Not Applicable"
"CR-0000086441","ACV-0000176814","M","23","","Moderate","Driver","Had Not Been Drinking","North","Proceeding Straight","Car","Unknown","1","Not Applicable","Not Applicable"
"CR-0000086445","ACV-0000176823","M","23","","Moderate","Driver","Had Not Been Drinking","East","Proceeding Straight","Car","Other Violation","1","22350","Speeding"
"CR-0000086441","ACV-0000176815","","0","","Major","Parked","Not Applicable","Not Applicable","Parked","Car","Unknown","1","Not Applicable","Not Applicable"
"CR-0000086441","ACV-0000176816","","0","","Moderate","Parked","Not Applicable","Not Applicable","Parked","Car","Unknown","1","Not Applicable","Not Applicable"
"CR-0000086441","ACV-0000176817","","0","","Minor","Parked","Not Applicable","Not Applicable","Parked","Car","Unknown","1","Not Applicable","Not Applicable"
"CR-0000086446","ACV-0000176827","","0","","Minor","Parked","Not Applicable","Not Applicable","Parked","Car","Unknown","1","Not Applicable","Not Applicable"
"CR-0000086443","ACV-0000176819","","0","","Unknown","Driver","Impairment Not Known","South","Making Left Turn","Panel Truck","Other Violation","1","22350","Speeding"
"CR-0000086446","ACV-0000176825","","0","","Unknown","Driver","Impairment Not Known","South","Proceeding Straight","Car","Other Violation","1","22106","Unsafe Backing"
"CR-0000086447","ACV-0000176828","","0","","Unknown","Driver","Impairment Not Known","North","Proceeding Straight","Car","Other Violation","1","22350","Speeding"
"CR-0000086445","ACV-0000176824","","0","","Major","Parked","Not Applicable","Not Applicable","Parked","Car","Unknown","1","Not Applicable","Not Applicable"
"CR-0000086447","ACV-0000176829","M","71","","Minor","Driver","Had Not Been Drinking","North","Stopped","Car","None Apparent","1","Not Applicable","Not Applicable"
"CR-0000086447","ACV-0000176830","F","44","","Minor","Driver","Had Not Been Drinking","North","Stopped","Car","None Apparent","1","Not Applicable","Not Applicable"
"CR-0000086444","ACV-0000176821","F","60","","Moderate","Driver","Had Not Been Drinking","West","Making Left Turn","Car","Unknown","1","21801","Yield Left Turn"
"CR-0000086444","ACV-0000176822","F","24","","Major","Driver","Had Not Been Drinking","North","Proceeding Straight","Car With Trailer","Unknown","1","Not Applicable","Not Applicable"
"CR-0000086446","ACV-0000176826","","0","","Moderate","Parked","Not Applicable","Not Applicable","Parked","Car","Unknown","1","Not Applicable","Not Applicable"
"CR-0000086448","ACV-0000176831","F","69","","Minor","Driver","Had Not Been Drinking","South","Proceeding Straight","Car","Unknown","1","21453","Run Red Light"
"CR-0000086448","ACV-0000176832","M","48","","Not Applicable","Bicycle","Impairment Not Known","West","Making Left Turn","Bicycle","Unknown","1","Not Applicable","Not Applicable"
"CR-0000086449","ACV-0000176834","M","46","","Unknown","Driver","Impairment Not Known","West","Stopped","Car","Unknown","1","Unknown","Unknown"
"CR-0000086451","ACV-0000176837","","0","","Unknown","Driver","Impairment Not Known","South","Backing","Car","Unknown","1","Unknown","Unknown"
"CR-0000086454","ACV-0000176842","M","29","","Unknown","Driver","Impairment Not Known","North","Making U-Turn","Car","Unknown","1","Unknown","Unknown"
"CR-0000086450","ACV-0000176836","M","24","","Unknown","Driver","Impairment Not Known","Unknown","Stopped","Car","Unknown","1","Unknown","Unknown"
"CR-0000086453","ACV-0000176840","F","50","","Unknown","Driver","Impairment Not Known","West","Stopped","Panel Truck","Unknown","1","Unknown","Unknown"
"CR-0000086449","ACV-0000176833","F","0","","Unknown","Driver","Impairment Not Known","West","Proceeding Straight","Car","Unknown","1","Unknown","Unknown"
"CR-0000086451","ACV-0000176838","M","29","","Unknown","Driver","Impairment Not Known","North","Slowing/Stopping","Car","Unknown","1","Unknown","Unknown"
"CR-0000086454","ACV-0000176841","M","0","","Unknown","Driver","Impairment Not Known","South","Proceeding Straight","Car","Unknown","1","Unknown","Unknown"
"CR-0000086450","ACV-0000176835","M","26","","Unknown","Driver","Impairment Not Known","Unknown","Proceeding Straight","Car","Unknown","1","Unknown","Unknown"
"CR-0000086453","ACV-0000176839","M","35","","Unknown","Driver","Impairment Not Known","West","Proceeding Straight","Car","Unknown","1","Unknown","Unknown"
"CR-0000086455","ACV-0000176843","","0","","Unknown","Driver","Impairment Not Known","West","Making Left Turn","Car","Unknown","1","Unknown","Unknown"
"CR-0000086456","ACV-0000176846","F","64","","Unknown","Driver","Had Not Been Drinking","East","Proceeding Straight","Car","None Apparent","1","Not Applicable","Not Applicable"
"CR-0000086457","ACV-0000176850","","0","","Unknown","Parked","Not Applicable","Not Applicable","Parked","Car","Unknown","1","Unknown","Unknown"
"CR-0000086459","ACV-0000176854","","0","","Major","Parked","Not Applicable","Not Applicable","Parked","Car","None Apparent","1","Unknown","Unknown"
"CR-0000086455","ACV-0000176844","M","26","","Unknown","Driver","Impairment Not Known","West","Stopped","Car","Unknown","1","Unknown","Unknown"
"CR-0000086457","ACV-0000176848","","0","","Unknown","Driver","Impairment Not Known","East","Proceeding Straight","Car","Unknown","1","Unknown","Unknown"
"CR-0000086458","ACV-0000176852","M","45","","Moderate","Driver","Impairment Not Known","East","Making Left Turn","Panel Truck","None Apparent","1","Not Applicable","Not Applicable"
"CR-0000086457","ACV-0000176847","","0","","Unknown","Driver","Impairment Not Known","East","Proceeding Straight","Car","Unknown","1","Unknown","Unknown"
"CR-0000086458","ACV-0000176851","M","27","","Major","Driver","Impairment Not Known","West","Proceeding Straight","Car","None Apparent","1","22350","Speeding"
"CR-0000086460","ACV-0000176855","F","52","","Major","Driver","Impairment Not Known","East","Proceeding Straight","Car","None Apparent","1","21453","Run Red Light"
"CR-0000086456","ACV-0000176845","F","16","","Unknown","Driver","Had Not Been Drinking","West","Making Left Turn","Car","Inattention","1","22107","Unsafe Turn Movement"
"CR-0000086457","ACV-0000176849","","0","","Unknown","Parked","Not Applicable","Not Applicable","Parked","Panel Truck","Unknown","1","Unknown","Unknown"
"CR-0000086459","ACV-0000176853","","0","","Major","Driver","Impairment Not Known","West","Proceeding Straight","Car","Other Violation","1","Unknown","Unknown"
"CR-0000086461","ACV-0000176858","","0","","Minor","Parked","Not Applicable","Not Applicable","Parked","Car","None Apparent","1","Not Applicable","Not Applicable"
"CR-0000086463","ACV-0000176862","M","55","","Moderate","Driver","Had Not Been Drinking","East","Proceeding Straight","Panel Truck","None Apparent","1","Not Applicable","Not Applicable"
"CR-0000086465","ACV-0000176866","","0","","Major","Driver","Impairment Not Known","West","Ran Off Road","Car","Other Violation","1","22107","Unsafe Turn Movement"
"CR-0000086460","ACV-0000176856","F","56","","Moderate","Driver","Impairment Not Known","North","Proceeding Straight","Car","None Apparent","1","Not Applicable","Not Applicable"
"CR-0000086462","ACV-0000176860","F","25","","Moderate","Driver","Impairment Not Known","East","Making Left Turn","Car","Unknown","1","Not Applicable","Not Applicable"
"CR-0000086464","ACV-0000176864","","0","","Minor","Parked","Not Applicable","Not Applicable","Parked","Car","Unknown","1","Not Applicable","Not Applicable"
"CR-0000086461","ACV-0000176857","M","18","","Major","Driver","Had Not Been Drinking","West","Proceeding Straight","Car","Inattention","1","22107","Unsafe Turn Movement"
"CR-0000086463","ACV-0000176861","F","21","","Moderate","Driver","Had Not Been Drinking","South","Proceeding Straight","Car","None Apparent","1","21802","Yield Stop Sign"
"CR-0000086464","ACV-0000176865","","0","","Moderate","Parked","Not Applicable","Not Applicable","Parked","Car","Unknown","1","Not Applicable","Not Applicable"
"CR-0000086462","ACV-0000176859","F","42","","Moderate","Driver","Impairment Not Known","West","Proceeding Straight","Car","Unknown","1","21453","Run Red Light"
"CR-0000086464","ACV-0000176863","F","30","","Major","Driver","Impairment Not Known","East","Proceeding Straight","Car","Other Violation","1","22107","Unsafe Turn Movement"
"CR-0000086466","ACV-0000176867","","0","","Unknown","Driver","Impairment Not Known","South","Proceeding Straight","Unknown","Other Violation","1","22350","Speeding"
"CR-0000086467","ACV-0000176869","M","59","","Major","Driver","Had Not Been Drinking","East","Proceeding Straight","Panel Truck","None Apparent","1","Not Applicable","Not Applicable"
"CR-0000086469","ACV-0000176872","F","53","","Major","Driver","Had Been Drinking - Not Under Influence","East","Proceeding Straight","Car","None Apparent","1","Unknown","Unknown"
"CR-0000086467","ACV-0000176868","M","34","","Major","Driver","Had Not Been Drinking","North","Entering Traffic","Panel Truck","None Apparent","1","22350","Speeding"
"CR-0000086469","ACV-0000176873","F","28","","Major","Driver","Had Been Drinking - Not Under Influence","South","Proceeding Straight","Car","None Apparent","1","Not Applicable","Not Applicable"
"CR-0000086468","ACV-0000176870","F","57","","Moderate","Driver","Had Not Been Drinking","North","Proceeding Straight","Car","None Apparent","1","21453","Run Red Light"
"CR-0000086469","ACV-0000176874","","0","","Moderate","Parked","Not Applicable","Not Applicable","Parked","Car","None Apparent","1","Not Applicable","Not Applicable"
"CR-0000086471","ACV-0000176878","M","69","","Major","Driver","Had Not Been Drinking","East","Making Left Turn","Car","None Apparent","1","Not Applicable","Not Applicable"
"CR-0000086468","ACV-0000176871","F","31","","Major","Driver","Had Not Been Drinking","East","Proceeding Straight","Car","None Apparent","1","Not Applicable","Not Applicable"
"CR-0000086470","ACV-0000176875","M","39","","Major","Driver","Impairment Not Known","West","Proceeding Straight","Car","Unknown","1","21453","Run Red Light"
"CR-0000086471","ACV-0000176879","","0","","Minor","Parked","Not Applicable","Not Applicable","Parked","Panel Truck","Unknown","1","Not Applicable","Not Applicable"
"CR-0000086470","ACV-0000176876","M","47","","Major","Driver","Had Not Been Drinking","West","Stopped","Car","Unknown","1","Not Applicable","Not Applicable"
"CR-0000086472","ACV-0000176880","M","40","","Minor","Driver","Had Not Been Drinking","East","Backing","Emergency Vehicle","Unknown","1","22106","Unsafe Backing"
"CR-0000086474","ACV-0000176884","F","31","","Moderate","Driver","Sleepy/Fatigued","East","Proceeding Straight","Car","Other Violation","1","22350","Speeding"
"CR-0000086471","ACV-0000176877","M","19","","Moderate","Driver","Had Not Been Drinking","South","Proceeding Straight","Car","None Apparent","1","22350","Speeding"
"CR-0000086472","ACV-0000176881","","0","","Minor","Parked","Not Applicable","Not Applicable","Parked","Car","Unknown","1","Not Applicable","Not Applicable"
"CR-0000086474","ACV-0000176885","F","17","","Minor","Driver","Had Not Been Drinking","East","Stopped","Car","Unknown","1","Not Applicable","Not Applicable"
"CR-0000086473","ACV-0000176882","M","33","","Unknown","Driver","Had Not Been Drinking","East","Proceeding Straight","Car","Unknown","1","Not Applicable","Not Applicable"
"CR-0000086475","ACV-0000176886","F","80","","Major","Driver","Had Not Been Drinking","East","Proceeding Straight","Car","Inattention","1","21651","Divided Highway"
"CR-0000086476","ACV-0000176890","M","23","","Minor","Driver","Had Not Been Drinking","South","Stopped","Car","None Apparent","1","Not Applicable","Not Applicable"
"CR-0000086476","ACV-0000176889","M","40","","Minor","Driver","Had Not Been Drinking","South","Proceeding Straight","Panel Truck","None Apparent","1","22106","Unsafe Backing"
"CR-0000086475","ACV-0000176888","","0","","Major","Parked","Not Applicable","Not Applicable","Parked","Car","Unknown","1","Not Applicable","Not Applicable"