"CrashName","Name","Sex","Age","Speed","VehicleDamage","PartyCategory","Sobriety","VehicleDirection","MovementPrecedingCollision","PartyType","OtherAssociatedFactor","VehicleCount","ViolationCode","ViolationCodeDescription"
"CR-0000086477","ACV-0000176892","M","69","","Moderate","Driver","Had Been Drinking - Not Under Influence","South","Stopped","Car","Stop And Go Traffic","1","Not Applicable","Not Applicable"
"CR-0000086473","ACV-0000176883","","0","","Major","Parked","Not Applicable","Not Applicable","Parked","Car","Unknown","1","Not Applicable","Not Applicable"
"CR-0000086475","ACV-0000176887","F","36","","Major","Driver","Had Not Been Drinking","West","Proceeding Straight","Car","Unknown","1","Not Applicable","Not Applicable"
"CR-0000086477","ACV-0000176891","M","60","","Minor","Driver","Had Been Drinking - Not Under Influence","South","Proceeding Straight","Car","Stop And Go Traffic","1","22350","Speeding"
"CR-0000086497","ACV-0000176928","","0","","Minor","Parked","Not Applicable","Not Applicable","Parked","Car","Unknown","1","Not Applicable","Not Applicable"
"CR-0000086491","ACV-0000176914","M","60","","Minor","Driver","Had Not Been Drinking","West","Making Left Turn","Panel Truck","Unknown","1","21950","Yield Pedestrian In Crosswalk"
"CR-0000086478","ACV-0000176893","M","38","","Minor","Driver","Had Not Been Drinking","West","Proceeding Straight","Bus - Other","Unknown","1","21658","Unsafe Lane Change"
"CR-0000086491","ACV-0000176915","M","58","","Not Applicable","Pedestrian","Had Not Been Drinking","West","Other (Ped)","Pedestrian","Unknown","1","Not Applicable","Not Applicable"
"CR-0000086495","ACV-0000176922","F","0","","Moderate","Driver","Had Been Drinking - Impairment Unknown","North","Proceeding Straight","Car","Unknown","1","Unknown","Unknown"
"CR-0000086481","ACV-0000176899","F","74","","None","Driver","Had Not Been Drinking","West","Making Right Turn","Car","Unknown","1","22107","Unsafe Turn Movement"
"CR-0000086498","ACV-0000176930","M","39","","Minor","Driver","Had Not Been Drinking","West","Proceeding Straight","Car","Other Violation","1","Not Applicable","Not Applicable"
"CR-0000086486","ACV-0000176907","M","65","","Moderate","Driver","Impairment Not Known","West","Proceeding Straight","Car","Unknown","1","Not Applicable","Not Applicable"
"CR-0000086482","ACV-0000176902","","0","","Moderate","Parked","Not Applicable","Not Applicable","Parked","Car","Unknown","1","Not Applicable","Not Applicable"
"CR-0000086486","ACV-0000176906","M","26","","Major","Driver","Impairment Not Known","East","Other Unsafe Turning","Car","Other Violation","1","23103","Reckless Driving 2"
"CR-0000086481","ACV-0000176900","F","65","","Not Applicable","Pedestrian","Had Not Been Drinking","West","Proceeding Straight","Pedestrian","Unknown","1","Not Applicable","Not Applicable"
"CR-0000086496","ACV-0000176924","F","41","","Major","Driver","Had Not Been Drinking","East","Making Left Turn","Car","Unknown","1","Not Applicable","Not Applicable"
"CR-0000086485","ACV-0000176905","M","24","","Moderate","Driver","Impairment Not Known","North","Changing Lanes","Car","Other Violation","1","21658","Unsafe Lane Change"
"CR-0000086494","ACV-0000176920","M","0","","Moderate","Driver","Impairment Not Known","West","Proceeding Straight","Car","Other Violation","1","22350","Speeding"
"CR-0000086484","ACV-0000176904","M","29","","Major","Driver","Impairment Not Known","West","Making Right Turn","Panel Truck","Speeding","1","22107","Unsafe Turn Movement"
"CR-0000086490","ACV-0000176913","F","55","","Moderate","Driver","Had Not Been Drinking","North","Proceeding Straight","Car","Unknown","1","22107","Unsafe Turn Movement"
"CR-0000086480","ACV-0000176897","F","62","","Moderate","Driver","Impairment Not Known","South","Proceeding Straight","Car","None Apparent","1","21453","Run Red Light"
"CR-0000086493","ACV-0000176919","F","46","","Moderate","Driver","Impairment Not Known","East","Proceeding Straight","Car","Unknown","1","Not Applicable","Not Applicable"
"CR-0000086497","ACV-0000176927","","0","","Moderate","Parked","Not Applicable","Not Applicable","Parked","Panel Truck","Unknown","1","Not Applicable","Not Applicable"
"CR-0000086488","ACV-0000176911","M","60","","Minor","Driver","Had Not Been Drinking","South","Stopped","Car","None Apparent","1","Not Applicable","Not Applicable"
"CR-0000086497","ACV-0000176926","","0","","Minor","Parked","Not Applicable","Not Applicable","Parked","Car","Unknown","1","Not Applicable","Not Applicable"
"CR-0000086487","ACV-0000176908","","0","","Unknown","Driver","Impairment Not Known","South","Making U-Turn","Car","Other Violation","1","22350","Speeding"
"CR-0000086480","ACV-0000176898","F","68","","Moderate","Driver","Impairment Not Known","East","Making Left Turn","Car","None Apparent","1","Not Applicable","Not Applicable"
"CR-0000086498","ACV-0000176929","M","21","","Moderate","Driver","Had Not Been Drinking","East","Making Left Turn","Car","Unknown","1","21801","Yield Left Turn"
"CR-0000086479","ACV-0000176896","M","60","","Minor","Driver","Impairment Not Known","North","Proceeding Straight","Motorcycle/Moped","None Apparent","1","Not Applicable","Not Applicable"
"CR-0000086483","ACV-0000176903","F","20","","Major","Driver","Had Been Drinking - Under Influence","North","Making U-Turn","Car","Other Violation","1","22350","Speeding"
"CR-0000086487","ACV-0000176909","","0","","Minor","Parked","Not Applicable","Not Applicable","Parked","Car","Unknown","1","Not Applicable","Not Applicable"
"CR-0000086496","ACV-0000176923","F","34","","Major","Driver","Had Not Been Drinking","South","Proceeding Straight","Car","Unknown","1","21453","Run Red Light"
"CR-0000086494","ACV-0000176921","M","68","","Moderate","Driver","Had Not Been Drinking","West","Stopped","Panel Truck","None Apparent","1","Not Applicable","Not Applicable"
"CR-0000086478","ACV-0000176894","","0","","Minor","Parked","Not Applicable","Not Applicable","Parked","Car","Unknown","1","Not Applicable","Not Applicable"
"CR-0000086488","ACV-0000176910","F","0","","Unknown","Driver","Impairment Not Known","South","Proceeding Straight","Car","Other Violation","1","22350","Speeding"
"CR-0000086479","ACV-0000176895","F","24","","Minor","Driver","Impairment Not Known","North","Changing Lanes","Car","None Apparent","1","22107","Unsafe Turn Movement"
"CR-0000086492","ACV-0000176916","M","54","","Moderate","Driver","Had Not Been Drinking","West","Making Left Turn","Car","None Apparent","1","21800","Yield Uncontrolled Intersection"
"CR-0000086497","ACV-0000176925","M","0","","Minor","Driver","Impairment Not Known","South","Proceeding Straight","Panel Truck","Other Violation","1","22107","Unsafe Turn Movement"
"CR-0000086492","ACV-0000176917","F","58","","Moderate","Driver","Had Not Been Drinking","North","Proceeding Straight","Car","None Apparent","1","Not Applicable","Not Applicable"
"CR-0000086482","ACV-0000176901","M","37","","Moderate","Driver","Had Been Drinking - Under Influence","West","Proceeding Straight","Car","Unknown","1","22107","Unsafe Turn Movement"
"CR-0000086493","ACV-0000176918","F","47","","Moderate","Driver","Impairment Not Known","North","Proceeding Straight","Car","Unknown","1","21453","Run Red Light"
"CR-0000086489","ACV-0000176912","F","66","","Moderate","Driver","Had Not Been Drinking","North","Proceeding Straight","Car","None Apparent","1","22350","Speeding"
"CR-0000086509","ACV-0000176954","M","40","","Minor","Driver","Had Not Been Drinking","East","Stopped","Car","Unknown","1","Not Applicable","Not Applicable"
"CR-0000086515","ACV-0000176964","M","27","","Minor","Driver","Had Not Been Drinking","North","Passing Other Vehicles","Car","None Apparent","1","21658","Unsafe Lane Change"
"CR-0000086502","ACV-0000176936","M","0","","Unknown","Driver","Impairment Not Known","South","Making Right Turn","Panel Truck","Other Violation","1","22350","Speeding"
"CR-0000086514","ACV-0000176962","F","0","","Moderate","Driver","Impairment Not Known","West","Proceeding Straight","Car","Other Violation","1","22107","Unsafe Turn Movement"
"CR-0000086519","ACV-0000176972","","0","","Unknown","Parked","Not Applicable","Not Applicable","Parked","Car","Unknown","1","Unknown","Unknown"
"CR-0000086506","ACV-0000176947","M","30","","Major","Driver","Had Not Been Drinking","West","Slowing/Stopping","Car","None Apparent","1","Not Applicable","Not Applicable"
"CR-0000086512","ACV-0000176958","","0","","Unknown","Driver","Impairment Not Known","West","Proceeding Straight","Panel Truck","Other Violation","1","22107","Unsafe Turn Movement"
"CR-0000086517","ACV-0000176968","F","42","","Unknown","Driver","Impairment Not Known","East","Making Right Turn","Panel Truck","Unknown","1","Unknown","Unknown"
"CR-0000086505","ACV-0000176944","M","30","","Minor","Driver","Had Not Been Drinking","East","Stopped","Car","Unknown","1","Not Applicable","Not Applicable"
"CR-0000086502","ACV-0000176937","F","19","","Moderate","Driver","Impairment Not Known","South","Making Right Turn","Car","Entering/Leaving Ramp","1","Not Applicable","Not Applicable"
"CR-0000086510","ACV-0000176955","M","24","","Major","Driver","Impairment Not Known","West","Proceeding Straight","Car","Inattention","1","22107","Unsafe Turn Movement"
"CR-0000086515","ACV-0000176965","F","33","","Minor","Driver","Impairment Not Known","North","Proceeding Straight","Car","None Apparent","1","Not Applicable","Not Applicable"
"CR-0000086505","ACV-0000176942","F","41","","Moderate","Driver","Had Not Been Drinking","North","Making Left Turn","Car","Unknown","1","Unknown","Unknown"
"CR-0000086507","ACV-0000176948","F","0","","Major","Driver","Impairment Not Known","West","Merging","Car","Other Violation","1","21800","Yield Uncontrolled Intersection"
"CR-0000086513","ACV-0000176960","F","47","","Moderate","Driver","Had Not Been Drinking","West","Entering Traffic","Car","None Apparent","1","21804","Yield From Driveway/Curb"
"CR-0000086505","ACV-0000176945","F","55","","Minor","Driver","Had Not Been Drinking","East","Stopped","Car","Unknown","1","Not Applicable","Not Applicable"
"CR-0000086516","ACV-0000176966","F","0","","Unknown","Driver","Impairment Not Known","South","Stopped","Car","Unknown","1","Unknown","Unknown"
"CR-0000086500","ACV-0000176932","M","50","","Moderate","Driver","Impairment Not Known","North","Proceeding Straight","Motorcycle/Moped","None Apparent","1","21750","Passing On Left"
"CR-0000086503","ACV-0000176938","M","0","","Unknown","Driver","Impairment Not Known","South","Backing","Car","Other Violation","1","22106","Unsafe Backing"
"CR-0000086501","ACV-0000176934","M","62","","None","Driver","Had Not Been Drinking","South","Making Right Turn","Panel Truck","Unknown","1","Unknown","Unknown"
"CR-0000086519","ACV-0000176974","","0","","Unknown","Driver","Impairment Not Known","Unknown","Passing Other Vehicles","Car","Unknown","1","Unknown","Unknown"
"CR-0000086509","ACV-0000176953","M","40","","Major","Driver","Had Not Been Drinking","East","Stopped","Panel Truck","Unknown","1","Not Applicable","Not Applicable"
"CR-0000086512","ACV-0000176959","M","40","","Major","Driver","Had Not Been Drinking","West","Making Left Turn","Car","None Apparent","1","Not Applicable","Not Applicable"
"CR-0000086516","ACV-0000176967","M","0","","Unknown","Driver","Impairment Not Known","South","Making Right Turn","Panel Truck","Unknown","1","Unknown","Unknown"
"CR-0000086501","ACV-0000176935","M","68","","Not Applicable","Pedestrian","Impairment Not Known","South","Entering Traffic","Pedestrian","Unknown","1","Unknown","Unknown"
"CR-0000086505","ACV-0000176943","M","57","","Moderate","Driver","Had Not Been Drinking","South","Proceeding Straight","Car","Unknown","1","Not Applicable","Not Applicable"
"CR-0000086519","ACV-0000176973","","0","","Unknown","Parked","Not Applicable","Not Applicable","Parked","Car","Unknown","1","Unknown","Unknown"
"CR-0000086518","ACV-0000176971","","0","","Unknown","Driver","Impairment Not Known","South","Passing Other Vehicles","Car","Unknown","1","Unknown","Unknown"
"CR-0000086514","ACV-0000176963","","0","","Moderate","Parked","Not Applicable","Not Applicable","Parked","Car","None Apparent","1","Not Applicable","Not Applicable"
"CR-0000086517","ACV-0000176969","","0","","Unknown","Driver","Impairment Not Known","East","Other","Unknown","Unknown","1","Unknown","Unknown"
"CR-0000086508","ACV-0000176951","M","30","","Minor","Driver","Impairment Not Known","South","Proceeding Straight","Car","Unknown","1","Not Applicable","Not Applicable"
"CR-0000086513","ACV-0000176961","F","20","","Minor","Driver","Had Not Been Drinking","North","Proceeding Straight","Car","None Apparent","1","Not Applicable","Not Applicable"
"CR-0000086504","ACV-0000176941","","0","","Major","Parked","Not Applicable","Not Applicable","Parked","Car","None Apparent","1","Not Applicable","Not Applicable"
"CR-0000086507","ACV-0000176949","M","54","","Moderate","Driver","Impairment Not Known","North","Proceeding Straight","Panel Truck","Unknown","1","Not Applicable","Not Applicable"
"CR-0000086518","ACV-0000176970","","0","","Unknown","Parked","Not Applicable","Not Applicable","Parked","Semi Truck","Unknown","1","Unknown","Unknown"
"CR-0000086508","ACV-0000176950","M","20","","Minor","Driver","Impairment Not Known","North","Making Left Turn","Car","Unknown","1","22107","Unsafe Turn Movement"
"CR-0000086500","ACV-0000176933","M","29","","Moderate","Driver","Impairment Not Known","North","Making Right Turn","Car","None Apparent","1","Not Applicable","Not Applicable"
"CR-0000086511","ACV-0000176956","M","19","","Minor","Driver","Impairment Not Known","South","Proceeding Straight","Car","Other Violation","1","22350","Speeding"
"CR-0000086503","ACV-0000176939","M","42","","Minor","Driver","Had Not Been Drinking","North","Stopped","Car","Unknown","1","Not Applicable","Not Applicable"
"CR-0000086499","ACV-0000176931","","0","","Unknown","Driver","Impairment Not Known","West","Ran Off Road","Car","Other Violation","1","Unknown","Unknown"
"CR-0000086506","ACV-0000176946","M","31","","Major","Driver","Had Not Been Drinking","East","Making Right Turn","Car","Speeding","1","21651","Divided Highway"
"CR-0000086504","ACV-0000176940","","0","","Unknown","Driver","Impairment Not Known","South","Other Unsafe Turning","Semi Truck","Other Violation","1","22107","Unsafe Turn Movement"
"CR-0000086511","ACV-0000176957","M","40","","Minor","Driver","Impairment Not Known","South","Stopped","Car","None Apparent","1","Not Applicable","Not Applicable"
"CR-0000086509","ACV-0000176952","F","37","","Major","Driver","Had Not Been Drinking","East","Proceeding Straight","Car","Inattention","1","22350","Speeding"
"CR-0000086521","ACV-0000176977","M","52","","Not Applicable","Bicycle","Impairment Not Known","East","Proceeding Straight","Scooter Motorized","Other","1","Unknown","Unknown"
"CR-0000086520","ACV-0000176976","F","64","","Not Applicable","Pedestrian","Impairment Not Known","West","Other (Ped)","Pedestrian","Unknown","1","Unknown","Unknown"
"CR-0000086520","ACV-0000176975","","0","","Unknown","Driver","Impairment Not Known","North","Unknown","Unknown","Other Violation","1","Unknown","Unknown"
"CR-0000086521","ACV-0000176979","","0","","Unknown","Parked","Not Applicable","Not Applicable","Parked","Car","Unknown","1","Unknown","Unknown"
"CR-0000086521","ACV-0000176978","","0","","Unknown","Driver","Impairment Not Known","East","Proceeding Straight","Car","Other Violation","1","Unknown","Unknown"
"CR-0000086533","ACV-0000177003","","0","","Major","Parked","Not Applicable","Not Applicable","Parked","Car","Unknown","1","Not Applicable","Not Applicable"
"CR-0000086526","ACV-0000176989","M","20","","Minor","Driver","Had Not Been Drinking","North","Stopped","Car","Unknown","1","Not Applicable","Not Applicable"
"CR-0000086538","ACV-0000177015","M","40","","Major","Driver","Had Not Been Drinking","West","Proceeding Straight","Car","None Apparent","1","Not Applicable","Not Applicable"
"CR-0000086528","ACV-0000176992","M","58","","None","Driver","Had Been Drinking - Under Influence","West","Proceeding Straight","Car","None Apparent","1","22350","Speeding"
"CR-0000086530","ACV-0000176997","","0","","Unknown","Driver","Impairment Not Known","Unknown","Proceeding Straight","Car","Unknown","1","Unknown","Unknown"
"CR-0000086523","ACV-0000176983","M","41","","Unknown","Driver","Impairment Not Known","West","Making Right Turn","Car","Unknown","1","Unknown","Unknown"
"CR-0000086535","ACV-0000177010","","0","","Moderate","Parked","Not Applicable","Not Applicable","Parked","Panel Truck","Unknown","1","Not Applicable","Not Applicable"
"CR-0000086522","ACV-0000176981","M","38","","Not Applicable","Bicycle","Impairment Not Known","North","Proceeding Straight","Bicycle","Unknown","1","Unknown","Unknown"
"CR-0000086533","ACV-0000177004","","0","","Minor","Parked","Not Applicable","Not Applicable","Parked","Panel Truck","Unknown","1","Not Applicable","Not Applicable"
"CR-0000086531","ACV-0000176998","","0","","Unknown","Driver","Impairment Not Known","North","Proceeding Straight","Panel Truck","Other Violation","1","21658","Unsafe Lane Change"
"CR-0000086533","ACV-0000177002","M","34","","Major","Driver","Under Drug Influence","South","Proceeding Straight","Panel Truck","Unknown","1","23152","Driving Drunk"
"CR-0000086529","ACV-0000176994","","0","","Unknown","Driver","Impairment Not Known","Unknown","Unknown","Unknown","Unknown","1","Unknown","Unknown"
"CR-0000086532","ACV-0000177001","","0","","Moderate","Parked","Not Applicable","Not Applicable","Parked","Car","Unknown","1","Not Applicable","Not Applicable"
"CR-0000086542","ACV-0000177024","","0","","Unknown","Driver","Impairment Not Known","Unknown","Proceeding Straight","Car","Unknown","1","Unknown","Unknown"
"CR-0000086541","ACV-0000177022","","0","","Unknown","Driver","Impairment Not Known","South","Making Right Turn","Car","Unknown","1","Unknown","Unknown"
"CR-0000086529","ACV-0000176995","","0","","Unknown","Parked","Not Applicable","Not Applicable","Parked","Panel Truck","Unknown","1","Unknown","Unknown"
"CR-0000086524","ACV-0000176985","","0","","Unknown","Driver","Impairment Not Known","North","Proceeding Straight","Car","Unknown","1","Unknown","Unknown"
"CR-0000086542","ACV-0000177023","M","39","","Unknown","Driver","Impairment Not Known","Unknown","Stopped","Car","Unknown","1","Unknown","Unknown"
"CR-0000086539","ACV-0000177016","F","42","","Not Applicable","Pedestrian","Impairment Not Known","Not Applicable","Other (Ped)","Pedestrian","Other","1","21954","Pedestrian Yield Car"
"CR-0000086534","ACV-0000177008","M","63","","Not Applicable","Bicycle","Had Been Drinking - Not Under Influence","South","Proceeding Straight","Bicycle","Unknown","1","Not Applicable","Not Applicable"
"CR-0000086540","ACV-0000177019","","0","","Unknown","Parked","Not Applicable","Not Applicable","Parked","Car","Unknown","1","Unknown","Unknown"
"CR-0000086541","ACV-0000177021","F","37","","Unknown","Driver","Impairment Not Known","South","Stopped","Car","Unknown","1","Unknown","Unknown"
"CR-0000086539","ACV-0000177018","","0","","Unknown","Parked","Not Applicable","Not Applicable","Parked","Car","Unknown","1","Not Applicable","Not Applicable"
"CR-0000086535","ACV-0000177009","M","23","","Major","Driver","Impairment Not Known","West","Proceeding Straight","Car","Defective Vehicle Equipment","1","00001","Other Improper Driving"
"CR-0000086538","ACV-0000177014","M","34","","Major","Driver","Had Not Been Drinking","West","Proceeding Straight","Car","Other Violation","1","21658","Unsafe Lane Change"
"CR-0000086523","ACV-0000176982","M","24","","Unknown","Driver","Impairment Not Known","North","Proceeding Straight","Car","Unknown","1","Unknown","Unknown"
"CR-0000086526","ACV-0000176988","","0","","Minor","Driver","Impairment Not Known","North","Proceeding Straight","Car","Other Violation","1","21703","Follow Too Closely"
"CR-0000086533","ACV-0000177006","","0","","Minor","Parked","Not Applicable","Not Applicable","Parked","Car","Unknown","1","Not Applicable","Not Applicable"
"CR-0000086536","ACV-0000177011","","0","","Unknown","Driver","Impairment Not Known","West","Ran Off Road","Car","Unknown","1","Unknown","Unknown"
"CR-0000086528","ACV-0000176993","F","57","","Minor","Driver","Impairment Not Known","West","Stopped","Car","None Apparent","1","Not Applicable","Not Applicable"
"CR-0000086531","ACV-0000176999","","0","","Major","Parked","Not Applicable","Not Applicable","Parked","Car","None Apparent","1","Not Applicable","Not Applicable"
"CR-0000086532","ACV-0000177000","M","18","","Moderate","Driver","Had Been Drinking - Under Influence","West","Backing","Car","Other Violation","1","22350","Speeding"
"CR-0000086536","ACV-0000177012","F","41","","Unknown","Driver","Impairment Not Known","West","Stopped","Car","Unknown","1","Unknown","Unknown"
"CR-0000086524","ACV-0000176984","","0","","Unknown","Parked","Not Applicable","Not Applicable","Parked","Panel Truck","Unknown","1","Unknown","Unknown"
"CR-0000086533","ACV-0000177005","","0","","Minor","Parked","Not Applicable","Not Applicable","Parked","Car","Unknown","1","Not Applicable","Not Applicable"
"CR-0000086527","ACV-0000176991","M","32","","Major","Driver","Had Not Been Drinking","North","Proceeding Straight","Motorcycle/Moped","Unknown","1","Not Applicable","Not Applicable"
"CR-0000086540","ACV-0000177020","","0","","Unknown","Parked","Impairment Not Known","Unknown","Unknown","Unknown","Unknown","1","Unknown","Unknown"
"CR-0000086522","ACV-0000176980","M","0","","Unknown","Driver","Impairment Not Known","West","Making Right Turn","Car","Unknown","1","Unknown","Unknown"
"CR-0000086539","ACV-0000177017","M","18","","Minor","Driver","Had Not Been Drinking","West","Proceeding Straight","Car","Unknown","1","Not Applicable","Not Applicable"
"CR-0000086525","ACV-0000176987","F","63","","Moderate","Driver","Had Not Been Drinking","East","Stopped","Car","Unknown","1","Not Applicable","Not Applicable"
"CR-0000086537","ACV-0000177013","M","20","","Major","Driver","Had Not Been Drinking","East","Proceeding Straight","Car","None Apparent","1","22350","Speeding"
"CR-0000086525","ACV-0000176986","M","38","","Minor","Driver","Sleepy/Fatigued","East","Stopped","Panel Truck","Other Violation","1","22500","Parking Unlawfully"
"CR-0000086527","ACV-0000176990","F","61","","Moderate","Driver","Had Not Been Drinking","South","Making Left Turn","Car","Unknown","1","22350","Speeding"
"CR-0000086530","ACV-0000176996","","0","","Unknown","Parked","Not Applicable","Not Applicable","Parked","Car","Unknown","1","Unknown","Unknown"
"CR-0000086534","ACV-0000177007","M","55","","None","Driver","Had Been Drinking - Not Under Influence","East","Proceeding Straight","Panel Truck","Unknown","1","22450","Fail Stop/Sign"
"CR-0000086548","ACV-0000177030","M","47","","Unknown","Driver","Impairment Not Known","South","Stopped","Car","Unknown","1","Unknown","Unknown"
"CR-0000086549","ACV-0000177031","F","22","","Moderate","Driver","Had Not Been Drinking","North","Making Left Turn","Car","None Apparent","1","22350","Speeding"
"CR-0000086545","ACV-0000177025","M","40","","Totaled","Driver","Had Been Drinking - Under Influence","South","Proceeding Straight","Car","Other Violation","1","22350","Speeding"
"CR-0000086549","ACV-0000177032","M","29","","Not Applicable","Bicycle","Had Not Been Drinking","East","Other (Bike)","Bicycle","None Apparent","1","Not Applicable","Not Applicable"
"CR-0000086545","ACV-0000177026","M","39","","Totaled","Driver","Impairment Not Known","South","Proceeding Straight","Panel Truck","Unknown","1","Not Applicable","Not Applicable"
"CR-0000086550","ACV-0000177033","M","25","","Major","Driver","Had Been Drinking - Under Influence","North","Making Left Turn","Car","Other Violation","1","23152","Driving Drunk"
"CR-0000086546","ACV-0000177027","M","25","","Major","Driver","Had Been Drinking - Under Influence","North","Ran Off Road","Car","Unknown","1","22350","Speeding"
"CR-0000086548","ACV-0000177029","F","0","","Unknown","Driver","Impairment Not Known","South","Proceeding Straight","Car","Unknown","1","Unknown","Unknown"
"CR-0000086551","ACV-0000177035","F","43","","Unknown","Driver","Impairment Not Known","East","Changing Lanes","Car","Unknown","1","Unknown","Unknown"
"CR-0000086552","ACV-0000177036","","40","","Unknown","Driver","Impairment Not Known","Unknown","Stopped","Car","Unknown","1","Unknown","Unknown"
"CR-0000086547","ACV-0000177028","","0","","Unknown","Driver","Impairment Not Known","South","Proceeding Straight","Panel Truck","Other Violation","1","Unknown","Unknown"
"CR-0000086551","ACV-0000177034","M","58","","Unknown","Driver","Impairment Not Known","South","Stopped","Car","Unknown","1","Unknown","Unknown"
"CR-0000086552","ACV-0000177037","","0","","Unknown","Driver","Impairment Not Known","Unknown","Proceeding Straight","Car","Unknown","1","Unknown","Unknown"
"CR-0000086553","ACV-0000177039","M","49","","Minor","Driver","Had Not Been Drinking","East","Changing Lanes","Car","Unknown","1","Not Applicable","Not Applicable"
"CR-0000086554","ACV-0000177040","","0","","Unknown","Driver","Impairment Not Known","West","Proceeding Straight","Car","Other Violation","1","22107","Unsafe Turn Movement"
"CR-0000086555","ACV-0000177042","M","33","","Unknown","Driver","Impairment Not Known","East","Stopped","Car","Unknown","1","Unknown","Unknown"
"CR-0000086556","ACV-0000177045","","0","","Unknown","Driver","Impairment Not Known","Unknown","Unknown","Unknown","Unknown","1","Unknown","Unknown"
"CR-0000086557","ACV-0000177047","","0","","Unknown","Driver","Impairment Not Known","North","Making Left Turn","Car","Unknown","1","Unknown","Unknown"
"CR-0000086556","ACV-0000177044","F","45","","Unknown","Parked","Not Applicable","Not Applicable","Parked","Car","Unknown","1","Unknown","Unknown"
"CR-0000086557","ACV-0000177046","F","38","","Unknown","Driver","Impairment Not Known","North","Making Left Turn","Car","Unknown","1","Unknown","Unknown"
"CR-0000086558","ACV-0000177049","F","18","","Unknown","Driver","Had Not Been Drinking","South","Proceeding Straight","Car","None Apparent","1","Unknown","Unknown"
"CR-0000086553","ACV-0000177038","F","0","","Unknown","Driver","Impairment Not Known","East","Proceeding Straight","Car","Other Violation","1","22350","Speeding"
"CR-0000086554","ACV-0000177041","","0","","Moderate","Parked","Not Applicable","Not Applicable","Parked","Car","None Apparent","1","Not Applicable","Not Applicable"
"CR-0000086555","ACV-0000177043","","0","","Unknown","Driver","Impairment Not Known","West","Backing","Car","Unknown","1","Unknown","Unknown"
"CR-0000086559","ACV-0000177051","","0","","Minor","Parked","Not Applicable","Not Applicable","Parked","Panel Truck","Unknown","1","Not Applicable","Not Applicable"
"CR-0000086560","ACV-0000177052","F","45","","Major","Driver","Had Been Drinking - Under Influence","North","Parking Maneuver","Car","Speeding","1","23152","Driving Drunk"
"CR-0000086558","ACV-0000177048","M","49","","Unknown","Driver","Had Not Been Drinking","East","Making Left Turn","Panel Truck","None Apparent","1","Unknown","Unknown"
"CR-0000086559","ACV-0000177050","","0","","Major","Driver","Impairment Not Known","North","Other Unsafe Turning","Car","Other Violation","1","Unknown","Unknown"
"CR-0000086581","ACV-0000177098","M","43","","Minor","Driver","Impairment Not Known","West","Unknown","Panel Truck","Other Violation","1","22107","Unsafe Turn Movement"
"CR-0000086589","ACV-0000177113","M","42","","Minor","Driver","Had Not Been Drinking","West","Stopped","Car","Unknown","1","Not Applicable","Not Applicable"
"CR-0000086583","ACV-0000177103","","0","","Major","Parked","Not Applicable","Not Applicable","Parked","Car","Unknown","1","Not Applicable","Not Applicable"
"CR-0000086582","ACV-0000177099","","0","","Unknown","Driver","Impairment Not Known","South","Proceeding Straight","Panel Truck","Other Violation","1","22350","Speeding"
"CR-0000086591","ACV-0000177116","M","22","","Minor","Driver","Had Not Been Drinking","South","Proceeding Straight","Car","None Apparent","1","Not Applicable","Not Applicable"
"CR-0000086593","ACV-0000177119","M","24","","Unknown","Driver","Impairment Not Known","East","Proceeding Straight","Motorcycle/Moped","None Apparent","1","Not Applicable","Not Applicable"
"CR-0000086570","ACV-0000177073","F","0","","Unknown","Driver","Impairment Not Known","South","Proceeding Straight","Car","Other Violation","1","22350","Speeding"
"CR-0000086580","ACV-0000177096","M","18","","Moderate","Driver","Impairment Not Known","East","Entering Traffic","Car","Inattention","1","21800","Yield Uncontrolled Intersection"
"CR-0000086583","ACV-0000177101","M","30","","Major","Driver","Had Been Drinking - Under Influence","North","Proceeding Straight","Car","Speeding","1","23152","Driving Drunk"
"CR-0000086571","ACV-0000177077","","0","","Minor","Parked","Not Applicable","Not Applicable","Parked","Car","Unknown","1","Not Applicable","Not Applicable"
"CR-0000086584","ACV-0000177104","F","0","","Unknown","Driver","Impairment Not Known","West","Changing Lanes","Car","Other Violation","1","22107","Unsafe Turn Movement"
"CR-0000086571","ACV-0000177075","M","40","","Major","Driver","Had Been Drinking - Under Influence","North","Other Unsafe Turning","Car","Other Violation","1","23152","Driving Drunk"
"CR-0000086592","ACV-0000177117","F","33","","Major","Driver","Had Been Drinking - Under Influence","West","Unknown","Car","Previous Collision","1","23152","Driving Drunk"
"CR-0000086563","ACV-0000177057","","0","","Unknown","Driver","Impairment Not Known","North","Proceeding Straight","Car","Other Violation","1","21703","Follow Too Closely"
"CR-0000086584","ACV-0000177105","M","53","","Minor","Driver","Impairment Not Known","West","Proceeding Straight","Panel Truck","None Apparent","1","Not Applicable","Not Applicable"
"CR-0000086565","ACV-0000177061","","0","","Moderate","Driver","Impairment Not Known","West","Proceeding Straight","Car","Other Violation","1","22350","Speeding"
"CR-0000086589","ACV-0000177112","","0","","Unknown","Driver","Impairment Not Known","West","Proceeding Straight","Car","Other Violation","1","22350","Speeding"
"CR-0000086569","ACV-0000177070","","0","","Moderate","Parked","Not Applicable","Not Applicable","Parked","Panel Truck","Unknown","1","Not Applicable","Not Applicable"
"CR-0000086578","ACV-0000177090","M","18","","Major","Driver","Had Not Been Drinking","South","Proceeding Straight","Car","Other Violation","1","22350","Speeding"
"CR-0000086567","ACV-0000177064","","0","","Moderate","Driver","Impairment Not Known","East","Entering Traffic","Car","Other Violation","1","21804","Yield From Driveway/Curb"