"CrashName","Name","Sex","Age","Speed","VehicleDamage","PartyCategory","Sobriety","VehicleDirection","MovementPrecedingCollision","PartyType","OtherAssociatedFactor","VehicleCount","ViolationCode","ViolationCodeDescription"
"CR-0000086586","ACV-0000177107","","0","","Major","Driver","Impairment Not Known","East","Making Right Turn","Car","Other Violation","1","22107","Unsafe Turn Movement"
"CR-0000086561","ACV-0000177053","M","32","","Not Applicable","Pedestrian","Impairment Not Known","South","Other (Ped)","Pedestrian","None Apparent","1","21954","Pedestrian Yield Car"
"CR-0000086579","ACV-0000177095","","0","","Moderate","Parked","Not Applicable","Not Applicable","Parked","Car","None Apparent","1","Not Applicable","Not Applicable"
"CR-0000086576","ACV-0000177087","M","40","","Major","Driver","Had Been Drinking - Under Influence","North","Proceeding Straight","Car","None Apparent","1","22350","Speeding"
"CR-0000086574","ACV-0000177083","M","62","","Unknown","Driver","Impairment Not Known","North","Slowing/Stopping","Motorcycle/Moped","None Apparent","1","22350","Speeding"
"CR-0000086583","ACV-0000177102","","0","","Major","Driver","Not Applicable","Not Applicable","Parked","Panel Truck","Unknown","1","Not Applicable","Not Applicable"
"CR-0000086566","ACV-0000177063","","0","","Moderate","Parked","Not Applicable","Not Applicable","Parked","Car","None Apparent","1","Not Applicable","Not Applicable"
"CR-0000086588","ACV-0000177111","","0","","Unknown","Driver","Impairment Not Known","South","Other","Panel Truck","Other Violation","1","23109","Speed Contest"
"CR-0000086568","ACV-0000177067","","0","","Major","Driver","Impairment Not Known","East","Proceeding Straight","Car","Other Violation","1","22350","Speeding"
"CR-0000086574","ACV-0000177084","M","35","","Minor","Driver","Had Not Been Drinking","North","Stopped","Car","None Apparent","1","Not Applicable","Not Applicable"
"CR-0000086590","ACV-0000177114","F","55","","Moderate","Driver","Had Not Been Drinking","North","Making Right Turn","Car","Defective Vehicle Equipment","1","22107","Unsafe Turn Movement"
"CR-0000086561","ACV-0000177054","F","21","","Moderate","Driver","Had Not Been Drinking","East","Proceeding Straight","Car","None Apparent","1","Not Applicable","Not Applicable"
"CR-0000086591","ACV-0000177115","M","0","","Minor","Driver","Impairment Not Known","East","Making Right Turn","Car","Other Violation","1","21801","Yield Left Turn"
"CR-0000086573","ACV-0000177081","","0","","Unknown","Driver","Impairment Not Known","West","Proceeding Straight","Panel Truck","Other Violation","1","21750","Passing On Left"
"CR-0000086571","ACV-0000177078","","0","","Moderate","Parked","Not Applicable","Not Applicable","Parked","Car","None Apparent","1","Not Applicable","Not Applicable"
"CR-0000086568","ACV-0000177068","","0","","Major","Parked","Not Applicable","Not Applicable","Parked","Car","None Apparent","1","Not Applicable","Not Applicable"
"CR-0000086573","ACV-0000177082","F","67","","Minor","Driver","Impairment Not Known","West","Making Right Turn","Car","None Apparent","1","Not Applicable","Not Applicable"
"CR-0000086578","ACV-0000177093","","0","","Moderate","Parked","Not Applicable","Not Applicable","Parked","Car","None Apparent","1","Not Applicable","Not Applicable"
"CR-0000086577","ACV-0000177088","M","34","","Major","Driver","Had Been Drinking - Under Influence","East","Proceeding Straight","Car","None Apparent","1","21453","Run Red Light"
"CR-0000086566","ACV-0000177062","M","27","","Moderate","Driver","Had Not Been Drinking","East","Proceeding Straight","Car","None Apparent","1","22350","Speeding"
"CR-0000086580","ACV-0000177097","M","32","","Moderate","Driver","Impairment Not Known","South","Proceeding Straight","Motorcycle/Moped","Unknown","1","Not Applicable","Not Applicable"
"CR-0000086571","ACV-0000177076","","0","","Major","Parked","Not Applicable","Not Applicable","Parked","Car","Unknown","1","Not Applicable","Not Applicable"
"CR-0000086572","ACV-0000177079","M","26","","Moderate","Driver","Had Been Drinking - Under Influence","East","Proceeding Straight","Car","None Apparent","1","23152","Driving Drunk"
"CR-0000086582","ACV-0000177100","M","23","","Major","Driver","Had Not Been Drinking","South","Making Left Turn","Car","None Apparent","1","Not Applicable","Not Applicable"
"CR-0000086569","ACV-0000177071","","0","","Major","Parked","Not Applicable","Not Applicable","Parked","Panel Truck","Unknown","1","Not Applicable","Not Applicable"
"CR-0000086570","ACV-0000177074","M","22","","Minor","Driver","Had Not Been Drinking","South","Stopped","Car","None Apparent","1","Not Applicable","Not Applicable"
"CR-0000086593","ACV-0000177118","F","23","","Moderate","Driver","Impairment Not Known","West","Making Left Turn","Car","None Apparent","1","21801","Yield Left Turn"
"CR-0000086575","ACV-0000177086","M","54","","Minor","Driver","Had Not Been Drinking","Not Applicable","Stopped","Car","None Apparent","1","Not Applicable","Not Applicable"
"CR-0000086563","ACV-0000177058","M","35","","Minor","Driver","Had Not Been Drinking","North","Stopped","Car","None Apparent","1","Not Applicable","Not Applicable"
"CR-0000086577","ACV-0000177089","M","51","","Major","Driver","Impairment Not Known","North","Proceeding Straight","Car","None Apparent","1","Not Applicable","Not Applicable"
"CR-0000086579","ACV-0000177094","","0","","Minor","Driver","Impairment Not Known","South","Making Right Turn","Car","Other Violation","1","22107","Unsafe Turn Movement"
"CR-0000086586","ACV-0000177108","","0","","Major","Parked","Not Applicable","Not Applicable","Parked","Car","Unknown","1","Not Applicable","Not Applicable"
"CR-0000086562","ACV-0000177056","F","44","","Moderate","Driver","Impairment Not Known","South","Changing Lanes","Car","None Apparent","1","Not Applicable","Not Applicable"
"CR-0000086578","ACV-0000177091","M","48","","Minor","Driver","Had Not Been Drinking","South","Stopped","Car","None Apparent","1","Not Applicable","Not Applicable"
"CR-0000086567","ACV-0000177065","M","27","","Moderate","Driver","Had Not Been Drinking","South","Proceeding Straight","Car","None Apparent","1","Not Applicable","Not Applicable"
"CR-0000086587","ACV-0000177109","F","19","","Totaled","Driver","Had Not Been Drinking","East","Proceeding Straight","Car","Inattention","1","22350","Speeding"
"CR-0000086572","ACV-0000177080","","0","","Unknown","Parked","Not Applicable","Not Applicable","Parked","Car","None Apparent","1","Not Applicable","Not Applicable"
"CR-0000086567","ACV-0000177066","","0","","Moderate","Driver","Impairment Not Known","North","Stopped","Panel Truck","Other Violation","1","Not Applicable","Not Applicable"
"CR-0000086569","ACV-0000177072","","0","","Minor","Parked","Not Applicable","Not Applicable","Parked","Car","Unknown","1","Not Applicable","Not Applicable"
"CR-0000086562","ACV-0000177055","","0","","Unknown","Driver","Impairment Not Known","South","Proceeding Straight","Car","Other Violation","1","22350","Speeding"
"CR-0000086585","ACV-0000177106","F","0","","Unknown","Driver","Impairment Not Known","East","Making Left Turn","Car","Other Violation","1","22107","Unsafe Turn Movement"
"CR-0000086575","ACV-0000177085","","0","","Unknown","Driver","Impairment Not Known","West","Proceeding Straight","Car","Other Violation","1","21453","Run Red Light"
"CR-0000086578","ACV-0000177092","F","41","","Minor","Driver","Had Not Been Drinking","South","Stopped","Car","None Apparent","1","Not Applicable","Not Applicable"
"CR-0000086587","ACV-0000177110","","0","","Moderate","Parked","Not Applicable","Not Applicable","Parked","Car","None Apparent","1","Not Applicable","Not Applicable"
"CR-0000086569","ACV-0000177069","F","22","","Totaled","Driver","Had Been Drinking - Under Influence","West","Proceeding Straight","Car","None Apparent","1","22350","Speeding"
"CR-0000086598","ACV-0000177126","","0","","Minor","Parked","Not Applicable","Not Applicable","Parked","Car","None Apparent","1","Not Applicable","Not Applicable"
"CR-0000086599","ACV-0000177127","M","64","","Moderate","Driver","Had Not Been Drinking","West","Making U-Turn","Panel Truck","Uninvolved Vehicle","1","22107","Unsafe Turn Movement"
"CR-0000086596","ACV-0000177121","M","42","","Moderate","Driver","Had Not Been Drinking","North","Proceeding Straight","Car","Unknown","1","21703","Follow Too Closely"
"CR-0000086595","ACV-0000177120","","0","","Moderate","Driver","Impairment Not Known","South","Ran Off Road","Car","Other Violation","1","22350","Speeding"
"CR-0000086597","ACV-0000177124","","0","","Minor","Parked","Not Applicable","Not Applicable","Parked","Other","Unknown","1","Not Applicable","Not Applicable"
"CR-0000086598","ACV-0000177125","M","46","","Minor","Driver","Had Been Drinking - Under Influence","South","Other Unsafe Turning","Car","None Apparent","1","22107","Unsafe Turn Movement"
"CR-0000086597","ACV-0000177123","","0","","Moderate","Driver","Impairment Not Known","East","Proceeding Straight","Car","Other Violation","1","22350","Speeding"
"CR-0000086600","ACV-0000177129","","0","","Minor","Parked","Not Applicable","Not Applicable","Parked","Panel Truck","None Apparent","1","Not Applicable","Not Applicable"
"CR-0000086600","ACV-0000177130","","0","","Minor","Parked","Not Applicable","Not Applicable","Parked","Panel Truck","None Apparent","1","Not Applicable","Not Applicable"
"CR-0000086602","ACV-0000177132","M","21","","Minor","Driver","Had Not Been Drinking","South","Other Unsafe Turning","Car","Other Violation","1","23109","Speed Contest"
"CR-0000086596","ACV-0000177122","M","56","","Unknown","Driver","Had Not Been Drinking","North","Stopped","Car","Unknown","1","Not Applicable","Not Applicable"
"CR-0000086600","ACV-0000177128","","0","","Totaled","Driver","Impairment Not Known","West","Making Left Turn","Car","Other Violation","1","22350","Speeding"
"CR-0000086601","ACV-0000177131","M","59","","Unknown","Driver","Impairment Not Known","West","Making Right Turn","Semi Truck","Other Violation","1","22107","Unsafe Turn Movement"
"CR-0000086603","ACV-0000177134","M","43","","Major","Driver","Impairment Not Known","West","Proceeding Straight","Motorcycle/Moped","None Apparent","1","Not Applicable","Not Applicable"
"CR-0000086604","ACV-0000177136","F","60","","Moderate","Driver","Had Not Been Drinking","West","Proceeding Straight","Panel Truck","None Apparent","1","Not Applicable","Not Applicable"
"CR-0000086604","ACV-0000177135","M","45","","Major","Driver","Had Not Been Drinking","South","Proceeding Straight","Car","None Apparent","1","21453","Run Red Light"
"CR-0000086603","ACV-0000177133","M","28","","None","Driver","Impairment Not Known","East","Parking Maneuver","Other","Other Violation","1","21804","Yield From Driveway/Curb"
"CR-0000086609","ACV-0000177143","M","18","","Major","Driver","Had Not Been Drinking","West","Proceeding Straight","Car","Unknown","1","22350","Speeding"
"CR-0000086609","ACV-0000177146","","0","","Major","Parked","Not Applicable","Not Applicable","Parked","Car","Unknown","1","Not Applicable","Not Applicable"
"CR-0000086605","ACV-0000177137","M","67","","Major","Driver","Impairment Not Known","North","Proceeding Straight","Car","Other Violation","1","22350","Speeding"
"CR-0000086608","ACV-0000177142","M","3","","Not Applicable","Pedestrian","Not Applicable","East","Other (Ped)","Pedestrian","Unknown","1","Not Applicable","Not Applicable"
"CR-0000086609","ACV-0000177144","","0","","Major","Parked","Not Applicable","Not Applicable","Parked","Panel Truck","Unknown","1","Not Applicable","Not Applicable"
"CR-0000086606","ACV-0000177138","F","27","","Moderate","Driver","Had Not Been Drinking","South","Proceeding Straight","Car","Stop And Go Traffic","1","Unknown","Unknown"
"CR-0000086607","ACV-0000177140","F","15","","Major","Driver","Had Not Been Drinking","North","Making Left Turn","Car","Unknown","1","22107","Unsafe Turn Movement"
"CR-0000086608","ACV-0000177141","M","40","","None","Driver","Impairment Not Known","North","Proceeding Straight","Car","Inattention","1","22350","Speeding"
"CR-0000086606","ACV-0000177139","F","42","","Minor","Driver","Impairment Not Known","South","Slowing/Stopping","Car","Stop And Go Traffic","1","Not Applicable","Not Applicable"
"CR-0000086609","ACV-0000177145","","0","","Major","Parked","Not Applicable","Not Applicable","Parked","Car","Unknown","1","Not Applicable","Not Applicable"
"CR-0000086611","ACV-0000177148","","0","","Major","Driver","Impairment Not Known","East","Ran Off Road","Car","Other Violation","1","21755","Pass On Right"
"CR-0000086611","ACV-0000177150","","0","","Major","Parked","Not Applicable","Not Applicable","Parked","Car","Unknown","1","Not Applicable","Not Applicable"
"CR-0000086612","ACV-0000177151","M","68","","Minor","Driver","Had Not Been Drinking","East","Making Right Turn","Car","Unknown","1","00001","Other Improper Driving"
"CR-0000086618","ACV-0000177164","M","58","","Minor","Driver","Impairment Not Known","East","Proceeding Straight","Car","None Apparent","1","Not Applicable","Not Applicable"
"CR-0000086610","ACV-0000177147","","0","","Unknown","Driver","Impairment Not Known","North","Unknown","Unknown","Other Violation","1","22107","Unsafe Turn Movement"
"CR-0000086611","ACV-0000177149","","0","","Major","Parked","Not Applicable","Not Applicable","Parked","Car","Unknown","1","Not Applicable","Not Applicable"
"CR-0000086612","ACV-0000177152","M","63","","Not Applicable","Bicycle","Had Not Been Drinking","East","Proceeding Straight","Bicycle","Unknown","1","Not Applicable","Not Applicable"
"CR-0000086614","ACV-0000177156","M","37","","Minor","Driver","Had Been Drinking - Not Under Influence","South","Making Left Turn","Motorcycle/Moped","Unknown","1","Not Applicable","Not Applicable"
"CR-0000086615","ACV-0000177157","M","24","","Major","Driver","Had Not Been Drinking","South","Proceeding Straight","Car","Speeding","1","21453","Run Red Light"
"CR-0000086613","ACV-0000177153","M","25","","Major","Driver","Impairment Not Known","East","Making Left Turn","Car","Unknown","1","Unknown","Unknown"
"CR-0000086614","ACV-0000177155","F","57","","Minor","Driver","Had Been Drinking - Not Under Influence","North","Proceeding Straight","Car","None Apparent","1","21453","Run Red Light"
"CR-0000086616","ACV-0000177160","","0","","Major","Parked","Not Applicable","Not Applicable","Parked","Panel Truck","None Apparent","1","Not Applicable","Not Applicable"
"CR-0000086615","ACV-0000177158","M","71","","Moderate","Driver","Had Not Been Drinking","East","Proceeding Straight","Car","Unknown","1","Not Applicable","Not Applicable"
"CR-0000086616","ACV-0000177159","M","39","","Moderate","Driver","Had Been Drinking - Not Under Influence","South","Proceeding Straight","Car","Other Violation","1","22350","Speeding"
"CR-0000086613","ACV-0000177154","M","28","","Major","Driver","Impairment Not Known","South","Proceeding Straight","Car","Other Violation","1","Unknown","Unknown"
"CR-0000086616","ACV-0000177161","","0","","Moderate","Parked","Not Applicable","Not Applicable","Parked","Car","None Apparent","1","Not Applicable","Not Applicable"
"CR-0000086617","ACV-0000177163","M","32","","Minor","Driver","Had Not Been Drinking","East","Stopped","Car","Unknown","1","Not Applicable","Not Applicable"
"CR-0000086623","ACV-0000177176","M","46","","Moderate","Driver","Impairment Not Known","East","Proceeding Straight","Car","None Apparent","1","Not Applicable","Not Applicable"
"CR-0000086624","ACV-0000177177","","0","","Moderate","Driver","Impairment Not Known","West","Proceeding Straight","Panel Truck","Other Violation","1","22350","Speeding"
"CR-0000086624","ACV-0000177178","","0","","Minor","Parked","Not Applicable","Not Applicable","Parked","Car","None Apparent","1","Not Applicable","Not Applicable"
"CR-0000086618","ACV-0000177165","M","43","","Not Applicable","Pedestrian","Impairment Not Known","South","Proceeding Straight","Pedestrian","None Apparent","1","21456","Pedestrian Don't Walk"
"CR-0000086619","ACV-0000177167","F","24","","Minor","Driver","Impairment Not Known","West","Slowing/Stopping","Car","None Apparent","1","Not Applicable","Not Applicable"
"CR-0000086617","ACV-0000177162","M","0","","Unknown","Driver","Impairment Not Known","East","Proceeding Straight","Car","Other Violation","1","22350","Speeding"
"CR-0000086619","ACV-0000177166","M","69","","Not Applicable","Bicycle","Impairment Not Known","North","Proceeding Straight","Bicycle","Inattention","1","21804","Yield From Driveway/Curb"
"CR-0000086620","ACV-0000177168","F","21","","Major","Driver","Impairment Physical","North","Ran Off Road","Car","Other","1","Not Applicable","Not Applicable"
"CR-0000086624","ACV-0000177179","","0","","Moderate","Parked","Not Applicable","Not Applicable","Parked","Car","None Apparent","1","Not Applicable","Not Applicable"
"CR-0000086625","ACV-0000177181","M","48","","Moderate","Driver","Had Not Been Drinking","East","Proceeding Straight","Emergency Vehicle","Unknown","1","Not Applicable","Not Applicable"
"CR-0000086620","ACV-0000177169","M","26","","Moderate","Driver","Had Not Been Drinking","North","Stopped","Panel Truck","Unknown","1","Not Applicable","Not Applicable"
"CR-0000086620","ACV-0000177170","M","19","","Minor","Driver","Had Not Been Drinking","North","Stopped","Car","Unknown","1","Not Applicable","Not Applicable"
"CR-0000086621","ACV-0000177171","M","34","","Moderate","Driver","Impairment Not Known","North","Entering Traffic","Car","Vision Obscurement","1","21804","Yield From Driveway/Curb"
"CR-0000086622","ACV-0000177173","M","44","","Moderate","Driver","Had Not Been Drinking","South","Making U-Turn","Car","Other Violation","1","21651","Divided Highway"
"CR-0000086623","ACV-0000177175","M","25","","Moderate","Driver","Impairment Not Known","North","Proceeding Straight","Car","None Apparent","1","21800","Yield Uncontrolled Intersection"
"CR-0000086622","ACV-0000177174","M","53","","Moderate","Driver","Had Not Been Drinking","South","Proceeding Straight","Panel Truck","Unknown","1","Not Applicable","Not Applicable"
"CR-0000086625","ACV-0000177180","M","51","","Minor","Driver","Had Not Been Drinking","East","Changing Lanes","Semi Truck","Unknown","1","21658","Unsafe Lane Change"
"CR-0000086626","ACV-0000177182","","0","","Moderate","Driver","Impairment Not Known","North","Other Unsafe Turning","Car","Other Violation","1","22350","Speeding"
"CR-0000086621","ACV-0000177172","F","53","","Moderate","Driver","Impairment Not Known","East","Proceeding Straight","Car","Unknown","1","Not Applicable","Not Applicable"
"CR-0000086626","ACV-0000177183","M","43","","Totaled","Driver","Had Not Been Drinking","North","Changing Lanes","Panel Truck","Unknown","1","Not Applicable","Not Applicable"
"CR-0000086626","ACV-0000177184","M","19","","Major","Driver","Had Not Been Drinking","South","Proceeding Straight","Car","Unknown","1","Not Applicable","Not Applicable"
"CR-0000086632","ACV-0000177196","F","74","","Minor","Driver","Had Not Been Drinking","West","Stopped","Car","None Apparent","1","Not Applicable","Not Applicable"
"CR-0000086633","ACV-0000177198","F","64","","Not Applicable","Pedestrian","Had Not Been Drinking","South","Proceeding Straight","Pedestrian","None Apparent","1","Not Applicable","Not Applicable"
"CR-0000086627","ACV-0000177186","M","22","","Major","Driver","Had Not Been Drinking","North","Making Left Turn","Car","Unknown","1","Not Applicable","Not Applicable"
"CR-0000086635","ACV-0000177201","M","24","","Major","Driver","Had Not Been Drinking","West","Proceeding Straight","Car","None Apparent","1","23103","Reckless Driving 2"
"CR-0000086636","ACV-0000177208","","0","","Major","Parked","Not Applicable","Not Applicable","Parked","Car","None Apparent","1","Not Applicable","Not Applicable"
"CR-0000086635","ACV-0000177204","F","37","","Minor","Driver","Not Applicable","West","Slowing/Stopping","Car","None Apparent","1","Not Applicable","Not Applicable"
"CR-0000086629","ACV-0000177188","M","62","","Moderate","Driver","Had Not Been Drinking","East","Making U-Turn","Car","Inattention","1","22102","U-Turn Business District"
"CR-0000086637","ACV-0000177211","M","52","","Moderate","Driver","Had Not Been Drinking","East","Stopped","Panel Truck","Unknown","1","Not Applicable","Not Applicable"
"CR-0000086638","ACV-0000177213","M","41","","Minor","Driver","Had Not Been Drinking","East","Proceeding Straight","Car","Unknown","1","Not Applicable","Not Applicable"
"CR-0000086634","ACV-0000177199","M","31","","Moderate","Driver","Had Not Been Drinking","West","Making Left Turn","Car","None Apparent","1","21453","Run Red Light"
"CR-0000086629","ACV-0000177189","M","37","","Moderate","Driver","Had Not Been Drinking","East","Proceeding Straight","Car","Unknown","1","Not Applicable","Not Applicable"
"CR-0000086635","ACV-0000177203","M","22","","Major","Driver","Not Applicable","West","Slowing/Stopping","Panel Truck","None Apparent","1","Not Applicable","Not Applicable"
"CR-0000086637","ACV-0000177210","M","33","","Major","Driver","Had Not Been Drinking","East","Proceeding Straight","Car","Inattention","1","22350","Speeding"
"CR-0000086627","ACV-0000177185","F","62","","Major","Driver","Had Not Been Drinking","East","Proceeding Straight","Car","Inattention","1","21453","Run Red Light"
"CR-0000086636","ACV-0000177206","","0","","Major","Parked","Not Applicable","Not Applicable","Parked","Car","None Apparent","1","Not Applicable","Not Applicable"
"CR-0000086636","ACV-0000177209","","0","","Major","Parked","Not Applicable","Not Applicable","Parked","Panel Truck","None Apparent","1","Not Applicable","Not Applicable"
"CR-0000086635","ACV-0000177202","M","75","","Minor","Driver","Had Not Been Drinking","West","Slowing/Stopping","Car","None Apparent","1","Not Applicable","Not Applicable"
"CR-0000086630","ACV-0000177190","M","30","","Minor","Driver","Had Not Been Drinking","North","Passing Other Vehicles","Car","None Apparent","1","21750","Passing On Left"
"CR-0000086631","ACV-0000177192","","0","","Minor","Driver","Impairment Not Known","West","Proceeding Straight","Car","Other Violation","1","22350","Speeding"
"CR-0000086628","ACV-0000177187","F","23","","Minor","Driver","Had Not Been Drinking","West","Making U-Turn","Car","None Apparent","1","22107","Unsafe Turn Movement"
"CR-0000086636","ACV-0000177205","M","35","","Totaled","Driver","Had Not Been Drinking","North","Proceeding Straight","Car","Other Violation","1","22107","Unsafe Turn Movement"
"CR-0000086634","ACV-0000177200","M","44","","Moderate","Driver","Had Not Been Drinking","East","Proceeding Straight","Car","None Apparent","1","Not Applicable","Not Applicable"
"CR-0000086633","ACV-0000177197","F","28","","None","Driver","Had Not Been Drinking","West","Proceeding Straight","Car","Unknown","1","21950","Yield Pedestrian In Crosswalk"
"CR-0000086639","ACV-0000177215","","0","","Moderate","Parked","Not Applicable","Not Applicable","Parked","Car","Unknown","1","Not Applicable","Not Applicable"
"CR-0000086638","ACV-0000177212","M","72","","Major","Driver","Had Not Been Drinking","North","Making Right Turn","Car","Inattention","1","22107","Unsafe Turn Movement"
"CR-0000086639","ACV-0000177214","M","23","","Moderate","Driver","Had Been Drinking - Not Under Influence","West","Proceeding Straight","Car","Inattention","1","22350","Speeding"
"CR-0000086631","ACV-0000177193","","0","","Minor","Parked","Not Applicable","Not Applicable","Parked","Car","None Apparent","1","Not Applicable","Not Applicable"
"CR-0000086630","ACV-0000177191","M","55","","Minor","Driver","Had Not Been Drinking","North","Making Left Turn","Car","None Apparent","1","Not Applicable","Not Applicable"
"CR-0000086636","ACV-0000177207","","0","","Major","Parked","Not Applicable","Not Applicable","Parked","Car","None Apparent","1","Not Applicable","Not Applicable"
"CR-0000086631","ACV-0000177194","","0","","Minor","Parked","Not Applicable","Not Applicable","Parked","Car","None Apparent","1","Not Applicable","Not Applicable"
"CR-0000086632","ACV-0000177195","F","18","","Minor","Driver","Had Not Been Drinking","West","Proceeding Straight","Car","None Apparent","1","22350","Speeding"
"CR-0000086640","ACV-0000177217","M","45","","Moderate","Driver","Impairment Not Known","West","Proceeding Straight","Car","Unknown","1","Unknown","Unknown"
"CR-0000086640","ACV-0000177216","M","51","","Not Applicable","Pedestrian","Impairment Not Known","North","Proceeding Straight","Pedestrian","Unknown","1","Unknown","Unknown"
"CR-0000086641","ACV-0000177218","M","24","","Moderate","Driver","Had Not Been Drinking","North","Proceeding Straight","Car","None Apparent","1","Unknown","Unknown"
"CR-0000086641","ACV-0000177219","M","77","","Not Applicable","Pedestrian","Impairment Not Known","West","Other (Ped)","Pedestrian","None Apparent","1","Unknown","Unknown"
"CR-0000086642","ACV-0000177220","M","55","","Not Applicable","Pedestrian","Impairment Not Known","West","Other (Ped)","Pedestrian","Violation By Pedestrian","1","Unknown","Unknown"
"CR-0000086642","ACV-0000177221","F","32","","Moderate","Driver","Impairment Not Known","North","Proceeding Straight","Car","None Apparent","1","Unknown","Unknown"
"CR-0000086663","ACV-0000177252","","0","","Major","Driver","Impairment Not Known","West","Proceeding Straight","Car","Other Violation","1","Unknown","Unknown"
"CR-0000086671","ACV-0000177269","","0","","Major","Parked","Not Applicable","Not Applicable","Parked","Panel Truck","None Apparent","1","Not Applicable","Not Applicable"
"CR-0000086648","ACV-0000177225","M","66","","Unknown","Driver","Impairment Not Known","West","Stopped","Car","Unknown","1","Unknown","Unknown"
"CR-0000086666","ACV-0000177256","","0","","Unknown","Driver","Impairment Not Known","East","Unknown","Unknown","Other Violation","1","Unknown","Unknown"
"CR-0000086658","ACV-0000177243","","0","","Moderate","Driver","Not Applicable","Not Applicable","Parked","Panel Truck","Unknown","1","Not Applicable","Not Applicable"
"CR-0000086649","ACV-0000177227","","0","","Major","Parked","Not Applicable","Not Applicable","Parked","Panel Truck","Unknown","1","Not Applicable","Not Applicable"
"CR-0000086667","ACV-0000177259","F","57","","Minor","Driver","Impairment Not Known","East","Stopped","Car","Unknown","1","Not Applicable","Not Applicable"
"CR-0000086672","ACV-0000177270","F","21","","Unknown","Driver","Impairment Not Known","East","Proceeding Straight","Car","Unknown","1","Unknown","Unknown"
"CR-0000086670","ACV-0000177264","","0","","Moderate","Driver","Impairment Not Known","East","Proceeding Straight","Panel Truck","Other Violation","1","22350","Speeding"
"CR-0000086657","ACV-0000177241","","0","","Major","Driver","Impairment Not Known","East","Proceeding Straight","Car","Other Violation","1","22350","Speeding"
"CR-0000086669","ACV-0000177262","M","43","","None","Driver","Had Not Been Drinking","East","Making Right Turn","Car","Inattention","1","22350","Speeding"
"CR-0000086671","ACV-0000177268","","0","","Major","Parked","Not Applicable","Not Applicable","Parked","Car","None Apparent","1","Not Applicable","Not Applicable"
"CR-0000086671","ACV-0000177266","","0","","Major","Driver","Impairment Not Known","West","Proceeding Straight","Car","Other Violation","1","22350","Speeding"
"CR-0000086661","ACV-0000177248","F","30","","Moderate","Driver","Impairment Not Known","East","Proceeding Straight","Car","None Apparent","1","Unknown","Unknown"
"CR-0000086658","ACV-0000177244","","0","","Minor","Parked","Not Applicable","Not Applicable","Parked","Car","Unknown","1","Not Applicable","Not Applicable"
"CR-0000086670","ACV-0000177265","","0","","Moderate","Parked","Not Applicable","Not Applicable","Parked","Panel Truck","Unknown","1","Not Applicable","Not Applicable"
"CR-0000086658","ACV-0000177242","F","29","","Major","Driver","Had Been Drinking - Under Influence","South","Proceeding Straight","Car","Under Influence","1","22350","Speeding"
"CR-0000086659","ACV-0000177246","F","23","","Major","Driver","Had Not Been Drinking","North","Proceeding Straight","Car","None Apparent","1","Not Applicable","Not Applicable"
"CR-0000086655","ACV-0000177237","","0","","Major","Parked","Not Applicable","Not Applicable","Parked","Car","Other Violation","1","Not Applicable","Not Applicable"
"CR-0000086664","ACV-0000177253","F","35","","Major","Driver","Impairment Not Known","South","Making Left Turn","Car","Inattention","1","22350","Speeding"
"CR-0000086661","ACV-0000177249","F","40","","Moderate","Driver","Impairment Not Known","North","Making Left Turn","Car","None Apparent","1","Not Applicable","Not Applicable"
"CR-0000086662","ACV-0000177251","","0","","Moderate","Parked","Not Applicable","Not Applicable","Parked","Car","None Apparent","1","Not Applicable","Not Applicable"
"CR-0000086654","ACV-0000177235","","0","","Minor","Parked","Not Applicable","Not Applicable","Parked","Car","Unknown","1","Not Applicable","Not Applicable"
"CR-0000086667","ACV-0000177258","M","39","","Minor","Driver","Impairment Not Known","East","Proceeding Straight","Car","Unknown","1","22350","Speeding"
"CR-0000086665","ACV-0000177254","","0","","Unknown","Driver","Impairment Not Known","North","Proceeding Straight","Unknown","Other Violation","1","21658","Unsafe Lane Change"
"CR-0000086651","ACV-0000177230","M","51","","Not Applicable","Pedestrian","Had Not Been Drinking","North","Proceeding Straight","Pedestrian","None Apparent","1","Not Applicable","Not Applicable"
"CR-0000086648","ACV-0000177224","M","0","","Unknown","Driver","Impairment Not Known","West","Proceeding Straight","Car","Unknown","1","Unknown","Unknown"
"CR-0000086651","ACV-0000177228","M","61","","None","Driver","Had Not Been Drinking","North","Making Left Turn","Car","None Apparent","1","21950","Yield Pedestrian In Crosswalk"
"CR-0000086653","ACV-0000177233","F","46","","Major","Driver","Had Not Been Drinking","North","Proceeding Straight","Car","Unknown","1","Not Applicable","Not Applicable"
"CR-0000086672","ACV-0000177271","M","0","","Unknown","Driver","Impairment Not Known","East","Changing Lanes","Car","Unknown","1","Unknown","Unknown"
"CR-0000086666","ACV-0000177257","","0","","Moderate","Parked","Not Applicable","Not Applicable","Parked","Car","Unknown","1","Not Applicable","Not Applicable"
"CR-0000086673","ACV-0000177273","F","44","","Minor","Driver","Had Been Drinking - Not Under Influence","West","Making Left Turn","Car","Unknown","1","Not Applicable","Not Applicable"
"CR-0000086659","ACV-0000177245","M","35","","Major","Driver","Had Not Been Drinking","North","Making Left Turn","Car","None Apparent","1","22100","Improper Turn"
"CR-0000086647","ACV-0000177223","F","42","","Unknown","Driver","Impairment Not Known","East","Stopped","Car","Unknown","1","Unknown","Unknown"