"CrashName","Name","Sex","Age","Speed","VehicleDamage","PartyCategory","Sobriety","VehicleDirection","MovementPrecedingCollision","PartyType","OtherAssociatedFactor","VehicleCount","ViolationCode","ViolationCodeDescription"
"CR-0000086668","ACV-0000177260","","0","","Major","Driver","Impairment Not Known","East","Proceeding Straight","Car","Other Violation","1","22350","Speeding"
"CR-0000086671","ACV-0000177267","","0","","Major","Parked","Not Applicable","Not Applicable","Parked","Car","None Apparent","1","Not Applicable","Not Applicable"
"CR-0000086656","ACV-0000177240","M","65","","Minor","Driver","Impairment Not Known","South","Stopped","Panel Truck","None Apparent","1","Not Applicable","Not Applicable"
"CR-0000086673","ACV-0000177272","","0","","Minor","Driver","Impairment Not Known","West","Crossing Into Opposing Lane","Car","Other Violation","1","21651","Divided Highway"
"CR-0000086653","ACV-0000177232","F","21","","Major","Driver","Had Not Been Drinking","East","Making Left Turn","Car","Unknown","1","21453","Run Red Light"
"CR-0000086655","ACV-0000177236","","0","","Unknown","Driver","Impairment Not Known","East","Proceeding Straight","Car","Other Violation","1","22106","Unsafe Backing"
"CR-0000086669","ACV-0000177263","M","30","","Not Applicable","Pedestrian","Had Not Been Drinking","South","Proceeding Straight","Pedestrian","None Apparent","1","Not Applicable","Not Applicable"
"CR-0000086668","ACV-0000177261","","0","","Major","Parked","Not Applicable","Not Applicable","Parked","Car","Unknown","1","Not Applicable","Not Applicable"
"CR-0000086660","ACV-0000177247","","0","","Major","Driver","Impairment Not Known","South","Proceeding Straight","Car","Other Violation","1","21658","Unsafe Lane Change"
"CR-0000086656","ACV-0000177239","","0","","Minor","Driver","Impairment Not Known","West","Making Right Turn","Car","Other Violation","1","22350","Speeding"
"CR-0000086649","ACV-0000177226","M","40","","Major","Driver","Had Been Drinking - Under Influence","East","Proceeding Straight","Car","Unknown","1","23152","Driving Drunk"
"CR-0000086651","ACV-0000177229","F","53","","Not Applicable","Pedestrian","Had Not Been Drinking","North","Proceeding Straight","Pedestrian","None Apparent","1","Not Applicable","Not Applicable"
"CR-0000086652","ACV-0000177231","M","23","","Minor","Driver","Had Not Been Drinking","West","Proceeding Straight","Car","None Apparent","1","22350","Speeding"
"CR-0000086665","ACV-0000177255","","0","","Moderate","Driver","Not Applicable","Not Applicable","Parked","Car","Unknown","1","Not Applicable","Not Applicable"
"CR-0000086647","ACV-0000177222","M","29","","Unknown","Driver","Impairment Not Known","East","Proceeding Straight","Car","Unknown","1","Unknown","Unknown"
"CR-0000086655","ACV-0000177238","","0","","Moderate","Parked","Not Applicable","Not Applicable","Parked","Panel Truck","Unknown","1","Not Applicable","Not Applicable"
"CR-0000086654","ACV-0000177234","M","0","","Unknown","Driver","Impairment Not Known","South","Making Right Turn","Unknown","Other Violation","1","Unknown","Unknown"
"CR-0000086662","ACV-0000177250","","0","","Unknown","Driver","Impairment Not Known","North","Traveling Wrong Way","Car","Other Violation","1","23103","Reckless Driving 2"
"CR-0000086674","ACV-0000177274","M","18","","Major","Driver","Impairment Not Known","North","Proceeding Straight","Car","Speeding","1","21453","Run Red Light"
"CR-0000086674","ACV-0000177275","M","22","","Totaled","Driver","Impairment Not Known","South","Making Left Turn","Car","Unknown","1","Not Applicable","Not Applicable"
"CR-0000086675","ACV-0000177278","M","52","","Minor","Driver","Impairment Not Known","West","Proceeding Straight","Semi Truck","Unknown","1","Not Applicable","Not Applicable"
"CR-0000086679","ACV-0000177285","M","42","","Minor","Driver","Had Not Been Drinking","West","Crossing Into Opposing Lane","Car","None Apparent","1","21703","Follow Too Closely"
"CR-0000086677","ACV-0000177281","M","30","","None","Driver","Impairment Not Known","East","Backing","Panel Truck","None Apparent","1","22106","Unsafe Backing"
"CR-0000086677","ACV-0000177282","F","54","","Unknown","Parked","Not Applicable","Not Applicable","Parked","Car","None Apparent","1","Not Applicable","Not Applicable"
"CR-0000086678","ACV-0000177284","M","26","","Minor","Driver","Impairment Not Known","North","Proceeding Straight","Car","None Apparent","1","Not Applicable","Not Applicable"
"CR-0000086675","ACV-0000177277","M","71","","Major","Driver","Impairment Not Known","East","Proceeding Straight","Car","Unknown","1","Not Applicable","Not Applicable"
"CR-0000086676","ACV-0000177279","M","16","","Minor","Driver","Had Not Been Drinking","North","Proceeding Straight","Car","None Apparent","1","21802","Yield Stop Sign"
"CR-0000086676","ACV-0000177280","M","57","","Minor","Bicycle","Had Not Been Drinking","West","Proceeding Straight","Bicycle","None Apparent","1","Not Applicable","Not Applicable"
"CR-0000086675","ACV-0000177276","M","38","","Major","Driver","Impairment Not Known","North","Proceeding Straight","Car","Unknown","1","21804","Yield From Driveway/Curb"
"CR-0000086678","ACV-0000177283","M","21","","Minor","Driver","Impairment Not Known","North","Changing Lanes","Car","None Apparent","1","21658","Unsafe Lane Change"
"CR-0000086679","ACV-0000177286","M","32","","Minor","Bicycle","Had Not Been Drinking","West","Crossing Into Opposing Lane","Bicycle","Violation By Bike","1","Not Applicable","Not Applicable"
"CR-0000086680","ACV-0000177288","F","62","","Minor","Driver","Impairment Not Known","West","Making Left Turn","Car","None Apparent","1","Not Applicable","Not Applicable"
"CR-0000086680","ACV-0000177287","M","55","","Moderate","Pedestrian","Impairment Not Known","North","Proceeding Straight","Wheelchair","None Apparent","1","21453","Run Red Light"
"CR-0000086681","ACV-0000177289","F","50","","Unknown","Driver","Impairment Not Known","East","Proceeding Straight","Car","Unknown","1","22450","Fail Stop/Sign"
"CR-0000086681","ACV-0000177290","M","69","","Minor","Driver","Impairment Not Known","East","Stopped","Panel Truck","Unknown","1","Not Applicable","Not Applicable"
"CR-0000086683","ACV-0000177291","M","32","","Moderate","Driver","Had Been Drinking - Under Influence","West","Backing","Panel Truck","Under Influence","1","22106","Unsafe Backing"
"CR-0000086683","ACV-0000177294","M","35","","Not Applicable","Pedestrian","Impairment Not Known","Not Applicable","Other (Ped)","Pedestrian","None Apparent","1","Not Applicable","Not Applicable"
"CR-0000086683","ACV-0000177293","M","44","","Not Applicable","Pedestrian","Impairment Not Known","Not Applicable","Other (Ped)","Pedestrian","None Apparent","1","Not Applicable","Not Applicable"
"CR-0000086683","ACV-0000177295","F","35","","Not Applicable","Pedestrian","Impairment Not Known","Not Applicable","Other (Ped)","Pedestrian","None Apparent","1","Not Applicable","Not Applicable"
"CR-0000086686","ACV-0000177299","F","34","","Moderate","Driver","Had Not Been Drinking","South","Proceeding Straight","Car","None Apparent","1","Unknown","Unknown"
"CR-0000086685","ACV-0000177298","M","29","","Major","Driver","Impairment Not Known","West","Ran Off Road","Motorcycle/Moped","Unknown","1","Unknown","Unknown"
"CR-0000086686","ACV-0000177300","F","38","","Not Applicable","Pedestrian","Impairment Not Known","West","Other (Ped)","Pedestrian","None Apparent","1","Unknown","Unknown"
"CR-0000086684","ACV-0000177296","M","20","","Major","Driver","Impairment Not Known","North","Ran Off Road","Car","None Apparent","1","Unknown","Unknown"
"CR-0000086684","ACV-0000177297","M","19","","Major","Driver","Impairment Not Known","North","Ran Off Road","Car","None Apparent","1","Unknown","Unknown"
"CR-0000086688","ACV-0000177307","F","37","","Moderate","Driver","Impairment Not Known","West","Proceeding Straight","Car","None Apparent","1","Not Applicable","Not Applicable"
"CR-0000086687","ACV-0000177301","M","41","","Totaled","Driver","Had Not Been Drinking","East","Proceeding Straight","Panel Truck","None Apparent","1","21453","Run Red Light"
"CR-0000086691","ACV-0000177313","","0","","Moderate","Parked","Not Applicable","Not Applicable","Parked","Panel Truck","Unknown","1","Not Applicable","Not Applicable"
"CR-0000086696","ACV-0000177323","","0","","Minor","Parked","Not Applicable","Not Applicable","Parked","Car","Unknown","1","Not Applicable","Not Applicable"
"CR-0000086689","ACV-0000177308","","0","","Unknown","Driver","Impairment Not Known","Unknown","Unknown","Car","Other Violation","1","22350","Speeding"
"CR-0000086688","ACV-0000177306","F","28","","Major","Driver","Impairment Not Known","East","Making Left Turn","Car","None Apparent","1","21801","Yield Left Turn"
"CR-0000086687","ACV-0000177305","","0","","Minor","Parked","Not Applicable","Not Applicable","Parked","Car","None Apparent","1","Not Applicable","Not Applicable"
"CR-0000086690","ACV-0000177311","M","65","","None","Driver","Impairment Not Known","West","Stopped","Car","None Apparent","1","Not Applicable","Not Applicable"
"CR-0000086693","ACV-0000177317","","0","","Moderate","Driver","Impairment Not Known","South","Ran Off Road","Car","Other Violation","1","22350","Speeding"
"CR-0000086687","ACV-0000177302","M","27","","Major","Driver","Had Not Been Drinking","South","Proceeding Straight","Car","None Apparent","1","Not Applicable","Not Applicable"
"CR-0000086689","ACV-0000177309","","0","","Moderate","Parked","Not Applicable","Not Applicable","Parked","Car","Unknown","1","Not Applicable","Not Applicable"
"CR-0000086694","ACV-0000177318","F","30","","Moderate","Driver","Had Been Drinking - Under Influence","North","Proceeding Straight","Car","Speeding","1","23153","Driving Drunk With Injury"
"CR-0000086692","ACV-0000177316","F","19","","Major","Driver","Had Not Been Drinking","West","Making Left Turn","Car","Unknown","1","Not Applicable","Not Applicable"
"CR-0000086695","ACV-0000177320","","0","","Moderate","Driver","Impairment Not Known","West","Proceeding Straight","Car","Other Violation","1","22350","Speeding"
"CR-0000086691","ACV-0000177312","F","33","","Major","Driver","Had Not Been Drinking","South","Proceeding Straight","Car","Other","1","21755","Pass On Right"
"CR-0000086691","ACV-0000177314","","0","","Major","Parked","Not Applicable","Not Applicable","Parked","Car","Unknown","1","Not Applicable","Not Applicable"
"CR-0000086692","ACV-0000177315","","0","","Unknown","Driver","Impairment Not Known","North","Proceeding Straight","Car","Other Violation","1","22450","Fail Stop/Sign"
"CR-0000086697","ACV-0000177324","M","24","","Major","Driver","Had Been Drinking - Under Influence","East","Proceeding Straight","Car","Other Violation","1","22350","Speeding"
"CR-0000086687","ACV-0000177304","F","35","","Minor","Parked","Not Applicable","Not Applicable","Parked","Car","None Apparent","1","Not Applicable","Not Applicable"
"CR-0000086694","ACV-0000177319","M","48","","Minor","Driver","Had Not Been Drinking","North","Stopped","Car","None Apparent","1","Not Applicable","Not Applicable"
"CR-0000086696","ACV-0000177322","M","37","","Minor","Driver","Impairment Not Known","West","Making Left Turn","Car","Other Violation","1","22107","Unsafe Turn Movement"
"CR-0000086697","ACV-0000177325","M","55","","Moderate","Driver","Not Applicable","North","Making Left Turn","Car","Unknown","1","Not Applicable","Not Applicable"
"CR-0000086690","ACV-0000177310","M","21","","None","Driver","Impairment Not Known","West","Proceeding Straight","Car","None Apparent","1","21802","Yield Stop Sign"
"CR-0000086687","ACV-0000177303","M","34","","Minor","Driver","Had Not Been Drinking","South","Proceeding Straight","Car","None Apparent","1","Not Applicable","Not Applicable"
"CR-0000086695","ACV-0000177321","","0","","Minor","Parked","Not Applicable","Not Applicable","Parked","Car","None Apparent","1","Not Applicable","Not Applicable"
"CR-0000086710","ACV-0000177349","F","19","","Moderate","Driver","Had Not Been Drinking","North","Proceeding Straight","Car","None Apparent","1","Not Applicable","Not Applicable"
"CR-0000086708","ACV-0000177345","F","19","","Unknown","Driver","Impairment Not Known","North","Proceeding Straight","Panel Truck","Unknown","1","Unknown","Unknown"
"CR-0000086705","ACV-0000177339","","0","","Moderate","Parked","Not Applicable","Not Applicable","Parked","Car","None Apparent","1","Not Applicable","Not Applicable"
"CR-0000086700","ACV-0000177328","F","45","","Major","Driver","Impairment Not Known","South","Proceeding Straight","Car","None Apparent","1","21453","Run Red Light"
"CR-0000086703","ACV-0000177335","M","44","","Major","Bicycle","Had Not Been Drinking","East","Proceeding Straight","Bicycle","None Apparent","1","Not Applicable","Not Applicable"
"CR-0000086698","ACV-0000177326","F","22","","Minor","Driver","Had Not Been Drinking","South","Changing Lanes","Car","None Apparent","1","22107","Unsafe Turn Movement"
"CR-0000086701","ACV-0000177331","M","68","","Not Applicable","Pedestrian","Impairment Not Known","East","Other (Ped)","Pedestrian","None Apparent","1","21955","Crossing Controlled Intersection/Jaywalking"
"CR-0000086709","ACV-0000177347","F","50","","Moderate","Driver","Had Not Been Drinking","West","Proceeding Straight","Car","None Apparent","1","Not Applicable","Not Applicable"
"CR-0000086716","ACV-0000177362","F","42","","Moderate","Driver","Had Not Been Drinking","East","Proceeding Straight","Car","Unknown","1","Not Applicable","Not Applicable"
"CR-0000086713","ACV-0000177356","F","20","","Major","Driver","Impairment Not Known","North","Making Left Turn","Car","Entering/Leaving Ramp","1","Not Applicable","Not Applicable"
"CR-0000086704","ACV-0000177337","M","53","","None","Driver","Had Not Been Drinking","South","Making Left Turn","Car","None Apparent","1","Unknown","Unknown"
"CR-0000086706","ACV-0000177341","M","0","","Major","Driver","Impairment Not Known","South","Crossing Into Opposing Lane","Car","Other Violation","1","21651","Divided Highway"
"CR-0000086712","ACV-0000177353","F","40","","Major","Driver","Had Not Been Drinking","South","Proceeding Straight","Car","Inattention","1","21453","Run Red Light"
"CR-0000086711","ACV-0000177350","","0","","Major","Driver","Impairment Not Known","East","Proceeding Straight","Panel Truck","Other Violation","1","22350","Speeding"
"CR-0000086704","ACV-0000177336","M","28","","Minor","Driver","Had Not Been Drinking","South","Passing Other Vehicles","Emergency Vehicle","None Apparent","1","Unknown","Unknown"
"CR-0000086705","ACV-0000177340","","0","","Minor","Parked","Not Applicable","Not Applicable","Parked","Car","None Apparent","1","Not Applicable","Not Applicable"
"CR-0000086705","ACV-0000177338","","0","","Major","Driver","Impairment Not Known","East","Proceeding Straight","Car","Other Violation","1","22100","Improper Turn"
"CR-0000086716","ACV-0000177361","F","49","","None","Driver","Had Not Been Drinking","East","Making Left Turn","Car","Unknown","1","22100","Improper Turn"
"CR-0000086707","ACV-0000177342","M","34","","Moderate","Driver","Impairment Not Known","West","Traveling Wrong Way","Car","None Apparent","1","21651","Divided Highway"
"CR-0000086708","ACV-0000177344","M","0","","Unknown","Driver","Impairment Not Known","North","Changing Lanes","Car","Unknown","1","Unknown","Unknown"
"CR-0000086702","ACV-0000177333","F","26","","Minor","Driver","Had Not Been Drinking","East","Proceeding Straight","Car","Unknown","1","Not Applicable","Not Applicable"
"CR-0000086715","ACV-0000177359","M","62","","Not Applicable","Pedestrian","Impairment Not Known","West","Entering Traffic","Pedestrian","Inattention","1","21954","Pedestrian Yield Car"
"CR-0000086713","ACV-0000177355","M","64","","Moderate","Driver","Impairment Not Known","West","Making Left Turn","Car","Stop And Go Traffic","1","21802","Yield Stop Sign"
"CR-0000086711","ACV-0000177352","","0","","Minor","Parked","Not Applicable","Not Applicable","Parked","Car","Unknown","1","Not Applicable","Not Applicable"
"CR-0000086712","ACV-0000177354","M","19","","Moderate","Driver","Had Not Been Drinking","West","Proceeding Straight","Car","None Apparent","1","Not Applicable","Not Applicable"
"CR-0000086710","ACV-0000177348","F","20","","Moderate","Driver","Had Not Been Drinking","South","Making Left Turn","Car","None Apparent","1","21658","Unsafe Lane Change"
"CR-0000086714","ACV-0000177358","F","42","","Minor","Driver","Had Not Been Drinking","East","Proceeding Straight","Car","None Apparent","1","Not Applicable","Not Applicable"
"CR-0000086701","ACV-0000177330","F","17","","Minor","Driver","Impairment Not Known","South","Proceeding Straight","Car","Other Violation","1","Not Applicable","Not Applicable"
"CR-0000086700","ACV-0000177329","F","39","","Minor","Driver","Impairment Not Known","West","Proceeding Straight","Car","None Apparent","1","Not Applicable","Not Applicable"
"CR-0000086707","ACV-0000177343","F","66","","Major","Driver","Impairment Not Known","East","Proceeding Straight","Car","None Apparent","1","Not Applicable","Not Applicable"
"CR-0000086702","ACV-0000177332","F","13","","Minor","Driver","Had Not Been Drinking","South","Proceeding Straight","Motorcycle/Moped","Defective Vehicle Equipment","1","22450","Fail Stop/Sign"
"CR-0000086714","ACV-0000177357","F","46","","Minor","Driver","Had Not Been Drinking","East","Proceeding Straight","Car","None Apparent","1","21703","Follow Too Closely"
"CR-0000086711","ACV-0000177351","","0","","Major","Parked","Not Applicable","Not Applicable","Parked","Car","Unknown","1","Not Applicable","Not Applicable"
"CR-0000086709","ACV-0000177346","F","39","","Moderate","Driver","Had Not Been Drinking","West","Parking Maneuver","Car","None Apparent","1","21804","Yield From Driveway/Curb"
"CR-0000086703","ACV-0000177334","M","58","","Minor","Driver","Had Not Been Drinking","South","Proceeding Straight","Train","None Apparent","1","21950","Yield Pedestrian In Crosswalk"
"CR-0000086715","ACV-0000177360","M","39","","Moderate","Driver","Had Not Been Drinking","North","Proceeding Straight","Motorcycle/Moped","None Apparent","1","Not Applicable","Not Applicable"
"CR-0000086699","ACV-0000177327","M","0","","Major","Driver","Had Been Drinking - Under Influence","East","Proceeding Straight","Car","Other Violation","1","22350","Speeding"
"CR-0000086755","ACV-0000177451","M","33","","Moderate","Driver","Impairment Not Known","West","Proceeding Straight","Panel Truck","Unknown","1","22350","Speeding"
"CR-0000086724","ACV-0000177378","M","56","","Minor","Driver","Had Not Been Drinking","North","Stopped","Car","Unknown","1","Not Applicable","Not Applicable"
"CR-0000086751","ACV-0000177443","F","58","","None","Driver","Impairment Not Known","North","Stopped","Car","None Apparent","1","Not Applicable","Not Applicable"
"CR-0000086760","ACV-0000177462","M","47","","Minor","Driver","Had Not Been Drinking","North","Proceeding Straight","Car","None Apparent","1","Not Applicable","Not Applicable"
"CR-0000086738","ACV-0000177409","","0","","Moderate","Parked","Not Applicable","Not Applicable","Parked","Car","Unknown","1","Not Applicable","Not Applicable"
"CR-0000086728","ACV-0000177384","M","34","","Moderate","Driver","Impairment Not Known","North","Proceeding Straight","Car","Other Violation","1","22350","Speeding"
"CR-0000086718","ACV-0000177367","M","35","","Minor","Driver","Had Not Been Drinking","North","Making Left Turn","Car","None Apparent","1","Not Applicable","Not Applicable"
"CR-0000086759","ACV-0000177459","M","33","","Major","Driver","Had Been Drinking - Under Influence","East","Proceeding Straight","Car","Other Violation","1","22350","Speeding"
"CR-0000086741","ACV-0000177414","F","0","","Unknown","Driver","Impairment Not Known","West","Making Left Turn","Car","Other Violation","1","22107","Unsafe Turn Movement"
"CR-0000086763","ACV-0000177466","","0","","Unknown","Driver","Impairment Not Known","East","Making Right Turn","Car","Other Violation","1","22107","Unsafe Turn Movement"
"CR-0000086746","ACV-0000177426","","0","","Major","Parked","Not Applicable","Not Applicable","Parked","Other","Unknown","1","Unknown","Unknown"
"CR-0000086731","ACV-0000177390","F","20","","Moderate","Driver","Had Not Been Drinking","East","Making Left Turn","Car","None Apparent","1","21801","Yield Left Turn"
"CR-0000086722","ACV-0000177373","M","53","","Major","Driver","Impairment Not Known","East","Making Right Turn","Car","Unknown","1","22107","Unsafe Turn Movement"
"CR-0000086744","ACV-0000177422","","0","","Major","Parked","Not Applicable","Not Applicable","Parked","Car","Unknown","1","Not Applicable","Not Applicable"
"CR-0000086736","ACV-0000177403","F","52","","Not Applicable","Pedestrian","Impairment Not Known","South","Proceeding Straight","Pedestrian","Inattention","1","Not Applicable","Not Applicable"
"CR-0000086735","ACV-0000177401","F","68","","Major","Driver","Had Been Drinking - Not Under Influence","East","Making Left Turn","Car","None Apparent","1","Not Applicable","Not Applicable"
"CR-0000086746","ACV-0000177427","","0","","Minor","Parked","Not Applicable","Not Applicable","Parked","Car","Unknown","1","Unknown","Unknown"
"CR-0000086750","ACV-0000177441","M","24","","Moderate","Driver","Impairment Not Known","West","Stopped","Car","Unknown","1","Not Applicable","Not Applicable"
"CR-0000086748","ACV-0000177430","F","22","","Major","Driver","Had Been Drinking - Under Influence","West","Making Left Turn","Car","Under Influence","1","22107","Unsafe Turn Movement"
"CR-0000086719","ACV-0000177369","","0","","Major","Parked","Not Applicable","Not Applicable","Parked","Car","Unknown","1","Not Applicable","Not Applicable"
"CR-0000086723","ACV-0000177376","M","80","","Major","Driver","Had Not Been Drinking","West","Making Right Turn","Car","Unknown","1","Not Applicable","Not Applicable"
"CR-0000086754","ACV-0000177449","M","17","","Major","Driver","Had Not Been Drinking","South","Making Right Turn","Car","None Apparent","1","22350","Speeding"
"CR-0000086725","ACV-0000177380","M","18","","Minor","Driver","Impairment Not Known","South","Proceeding Straight","Car","None Apparent","1","Not Applicable","Not Applicable"
"CR-0000086717","ACV-0000177365","F","27","","Minor","Driver","Had Not Been Drinking","West","Proceeding Straight","Car","None Apparent","1","Not Applicable","Not Applicable"
"CR-0000086741","ACV-0000177415","M","37","","Moderate","Bicycle","Impairment Not Known","East","Proceeding Straight","Bicycle","None Apparent","1","Not Applicable","Not Applicable"
"CR-0000086740","ACV-0000177412","F","38","","Minor","Driver","Had Not Been Drinking","East","Proceeding Straight","Car","Unknown","1","21453","Run Red Light"
"CR-0000086757","ACV-0000177455","F","27","","Major","Driver","Had Not Been Drinking","North","Making Left Turn","Car","None Apparent","1","21801","Yield Left Turn"
"CR-0000086718","ACV-0000177366","F","36","","Minor","Driver","Had Not Been Drinking","North","Backing","Car","None Apparent","1","22106","Unsafe Backing"
"CR-0000086747","ACV-0000177429","F","82","","Moderate","Driver","Impairment Not Known","North","Stopped","Car","Unknown","1","Not Applicable","Not Applicable"
"CR-0000086732","ACV-0000177392","F","32","","Major","Driver","Had Been Drinking - Impairment Unknown","South","Proceeding Straight","Car","None Apparent","1","21453","Run Red Light"
"CR-0000086751","ACV-0000177444","F","48","","Minor","Driver","Impairment Not Known","North","Stopped","Car","None Apparent","1","Not Applicable","Not Applicable"
"CR-0000086733","ACV-0000177394","M","41","","Major","Driver","Had Not Been Drinking","North","Proceeding Straight","Panel Truck","Defective Vehicle Equipment","1","Not Applicable","Not Applicable"
"CR-0000086750","ACV-0000177437","M","0","","Major","Driver","Impairment Not Known","West","Stopped","Car","Unknown","1","Not Applicable","Not Applicable"
"CR-0000086729","ACV-0000177387","F","45","","Minor","Driver","Impairment Not Known","South","Making Left Turn","Car","Unknown","1","Not Applicable","Not Applicable"
"CR-0000086753","ACV-0000177448","F","18","","Major","Driver","Impairment Not Known","North","Proceeding Straight","Car","Unknown","1","Not Applicable","Not Applicable"
"CR-0000086717","ACV-0000177363","F","22","","Major","Driver","Had Not Been Drinking","South","Proceeding Straight","Car","Inattention","1","21453","Run Red Light"
"CR-0000086742","ACV-0000177416","M","36","","Unknown","Driver","Had Been Drinking - Under Influence","West","Backing","Car","Other Violation","1","22106","Unsafe Backing"
"CR-0000086733","ACV-0000177395","M","29","","Major","Driver","Had Not Been Drinking","North","Proceeding Straight","Car","None Apparent","1","Not Applicable","Not Applicable"
"CR-0000086750","ACV-0000177438","M","49","","Major","Driver","Impairment Not Known","West","Stopped","Car","Unknown","1","Not Applicable","Not Applicable"
"CR-0000086762","ACV-0000177464","M","49","","Major","Driver","Had Not Been Drinking","West","Proceeding Straight","Car","None Apparent","1","Not Applicable","Not Applicable"
"CR-0000086756","ACV-0000177453","M","42","","Minor","Driver","Had Been Drinking - Not Under Influence","South","Backing","Panel Truck","Other Violation","1","22106","Unsafe Backing"
"CR-0000086743","ACV-0000177420","M","17","","Minor","Driver","Had Not Been Drinking","North","Making Left Turn","Car","None Apparent","1","22350","Speeding"
"CR-0000086726","ACV-0000177382","M","45","","Moderate","Driver","Had Not Been Drinking","South","Making Left Turn","Car","None Apparent","1","Not Applicable","Not Applicable"
"CR-0000086742","ACV-0000177418","","0","","Unknown","Parked","Not Applicable","Not Applicable","Parked","Car","None Apparent","1","Not Applicable","Not Applicable"
"CR-0000086763","ACV-0000177467","M","50","","Minor","Driver","Impairment Not Known","North","Stopped","Car","None Apparent","1","Not Applicable","Not Applicable"
"CR-0000086750","ACV-0000177436","F","29","","Major","Driver","Impairment Not Known","North","Proceeding Straight","Panel Truck","Unknown","1","Not Applicable","Not Applicable"
"CR-0000086742","ACV-0000177417","","0","","Unknown","Parked","Not Applicable","Not Applicable","Parked","Car","None Apparent","1","Not Applicable","Not Applicable"
"CR-0000086735","ACV-0000177400","M","14","","Major","Driver","Had Been Drinking - Not Under Influence","East","Proceeding Straight","Motorcycle/Moped","Other Violation","1","21460","Driving Over Centerline"
"CR-0000086752","ACV-0000177445","F","34","","Moderate","Driver","Had Not Been Drinking","North","Proceeding Straight","Car","Inattention","1","22350","Speeding"
"CR-0000086730","ACV-0000177389","F","39","","Minor","Driver","Impairment Not Known","South","Proceeding Straight","Car","Unknown","1","Not Applicable","Not Applicable"
"CR-0000086734","ACV-0000177399","F","22","","Unknown","Driver","Had Not Been Drinking","East","Slowing/Stopping","Car","Unknown","1","Not Applicable","Not Applicable"
"CR-0000086748","ACV-0000177432","","0","","Major","Parked","Not Applicable","Not Applicable","Parked","Car","Unknown","1","Not Applicable","Not Applicable"
"CR-0000086728","ACV-0000177385","M","57","","Minor","Driver","Impairment Not Known","North","Making Right Turn","Panel Truck","None Apparent","1","Not Applicable","Not Applicable"
"CR-0000086719","ACV-0000177368","M","26","","Major","Driver","Had Not Been Drinking","North","Ran Off Road","Car","Other","1","22350","Speeding"
"CR-0000086739","ACV-0000177410","M","47","","Moderate","Driver","Had Not Been Drinking","South","Slowing/Stopping","Car","Other Violation","1","21703","Follow Too Closely"
"CR-0000086752","ACV-0000177446","M","39","","Minor","Driver","Had Not Been Drinking","North","Slowing/Stopping","Panel Truck","Unknown","1","Not Applicable","Not Applicable"
"CR-0000086729","ACV-0000177386","M","0","","Unknown","Driver","Impairment Not Known","South","Other Unsafe Turning","Panel Truck","Other Violation","1","22107","Unsafe Turn Movement"
"CR-0000086758","ACV-0000177457","M","50","","Moderate","Driver","Impairment Not Known","North","Proceeding Straight","Car","Unknown","1","Unknown","Unknown"
"CR-0000086731","ACV-0000177391","F","30","","Moderate","Driver","Had Not Been Drinking","West","Proceeding Straight","Panel Truck","None Apparent","1","Not Applicable","Not Applicable"
"CR-0000086750","ACV-0000177435","M","25","","Major","Driver","Impairment Not Known","East","Proceeding Straight","Car","Other Violation","1","21453","Run Red Light"
"CR-0000086720","ACV-0000177370","M","21","","Moderate","Driver","Had Not Been Drinking","West","Making Right Turn","Car","Other Violation","1","22107","Unsafe Turn Movement"
"CR-0000086727","ACV-0000177383","","0","","Unknown","Driver","Impairment Not Known","South","Proceeding Straight","Other","Other Violation","1","22350","Speeding"
"CR-0000086733","ACV-0000177397","M","0","","Minor","Driver","Had Not Been Drinking","North","Proceeding Straight","Car","None Apparent","1","Not Applicable","Not Applicable"
"CR-0000086738","ACV-0000177408","M","0","","Moderate","Driver","Impairment Not Known","North","Proceeding Straight","Car","Other Violation","1","22350","Speeding"
"CR-0000086751","ACV-0000177442","F","73","","Minor","Driver","Impairment Not Known","North","Proceeding Straight","Car","None Apparent","1","21453","Run Red Light"
"CR-0000086760","ACV-0000177461","M","38","","Not Applicable","Bicycle","Had Not Been Drinking","East","Proceeding Straight","Bicycle","Other Violation","1","21456","Pedestrian Don't Walk"
"CR-0000086762","ACV-0000177463","F","34","","Moderate","Driver","Had Not Been Drinking","East","Making Left Turn","Car","None Apparent","1","22107","Unsafe Turn Movement"
"CR-0000086744","ACV-0000177423","","0","","Minor","Parked","Not Applicable","Not Applicable","Parked","Car","Unknown","1","Not Applicable","Not Applicable"
"CR-0000086744","ACV-0000177421","M","0","","Major","Driver","Impairment Not Known","West","Other Unsafe Turning","Panel Truck","Other Violation","1","22350","Speeding"
"CR-0000086722","ACV-0000177374","","0","","Major","Parked","Not Applicable","Not Applicable","Parked","Car","Unknown","1","Not Applicable","Not Applicable"
"CR-0000086749","ACV-0000177434","F","36","","Major","Driver","Had Not Been Drinking","West","Proceeding Straight","Car","Unknown","1","Not Applicable","Not Applicable"
"CR-0000086737","ACV-0000177406","","0","","Moderate","Parked","Not Applicable","Not Applicable","Parked","Car","Unknown","1","Not Applicable","Not Applicable"
"CR-0000086733","ACV-0000177396","M","23","","Major","Driver","Had Not Been Drinking","North","Proceeding Straight","Car","None Apparent","1","Not Applicable","Not Applicable"