"CrashName","Name","Sex","Age","Speed","VehicleDamage","PartyCategory","Sobriety","VehicleDirection","MovementPrecedingCollision","PartyType","OtherAssociatedFactor","VehicleCount","ViolationCode","ViolationCodeDescription"
"CR-0000086726","ACV-0000177381","","0","","Unknown","Driver","Impairment Not Known","West","Proceeding Straight","Car","Other Violation","1","21453","Run Red Light"
"CR-0000086756","ACV-0000177454","M","66","","Minor","Driver","Had Been Drinking - Not Under Influence","South","Stopped","Car","Unknown","1","Not Applicable","Not Applicable"
"CR-0000086758","ACV-0000177458","F","25","","Moderate","Driver","Impairment Not Known","East","Proceeding Straight","Car","Unknown","1","Unknown","Unknown"
"CR-0000086721","ACV-0000177372","F","43","","Moderate","Driver","Had Not Been Drinking","North","Making Left Turn","Car","None Apparent","1","Not Applicable","Not Applicable"
"CR-0000086753","ACV-0000177447","F","36","","Moderate","Driver","Impairment Not Known","East","Proceeding Straight","Car","Vision Obscurement","1","22106","Unsafe Backing"
"CR-0000086737","ACV-0000177407","","0","","Moderate","Parked","Not Applicable","Not Applicable","Parked","Car","Unknown","1","Not Applicable","Not Applicable"
"CR-0000086730","ACV-0000177388","M","55","","Minor","Driver","Impairment Not Known","South","Passing Other Vehicles","Car","Other Violation","1","21750","Passing On Left"
"CR-0000086734","ACV-0000177398","M","23","","Unknown","Driver","Had Not Been Drinking","East","Proceeding Straight","Car","Inattention","1","21703","Follow Too Closely"
"CR-0000086736","ACV-0000177402","F","53","","None","Driver","Impairment Not Known","East","Proceeding Straight","Car","Inattention","1","21950","Yield Pedestrian In Crosswalk"
"CR-0000086762","ACV-0000177465","","0","","Minor","Parked","Not Applicable","Not Applicable","Parked","Car","None Apparent","1","Not Applicable","Not Applicable"
"CR-0000086739","ACV-0000177411","M","52","","Moderate","Driver","Had Not Been Drinking","South","Stopped","Car","None Apparent","1","Not Applicable","Not Applicable"
"CR-0000086725","ACV-0000177379","M","71","","Major","Driver","Impairment Not Known","West","Proceeding Straight","Car","Inattention","1","21453","Run Red Light"
"CR-0000086723","ACV-0000177375","M","18","","Major","Driver","Had Not Been Drinking","North","Proceeding Straight","Car","Unknown","1","22350","Speeding"
"CR-0000086750","ACV-0000177439","M","41","","Minor","Driver","Impairment Not Known","West","Stopped","Car","Unknown","1","Not Applicable","Not Applicable"
"CR-0000086747","ACV-0000177428","","0","","Unknown","Driver","Impairment Not Known","North","Proceeding Straight","Car","Other Violation","1","21703","Follow Too Closely"
"CR-0000086754","ACV-0000177450","","0","","Minor","Parked","Not Applicable","Not Applicable","Parked","Other","None Apparent","1","Not Applicable","Not Applicable"
"CR-0000086732","ACV-0000177393","F","45","","Major","Driver","Had Not Been Drinking","East","Proceeding Straight","Car","None Apparent","1","Not Applicable","Not Applicable"
"CR-0000086745","ACV-0000177424","","0","","Major","Driver","Impairment Not Known","South","Ran Off Road","Panel Truck","Other Violation","1","22107","Unsafe Turn Movement"
"CR-0000086717","ACV-0000177364","F","29","","Moderate","Driver","Had Not Been Drinking","West","Proceeding Straight","Car","None Apparent","1","Not Applicable","Not Applicable"
"CR-0000086759","ACV-0000177460","M","44","","Minor","Driver","Had Not Been Drinking","East","Stopped","Car","Unknown","1","Not Applicable","Not Applicable"
"CR-0000086740","ACV-0000177413","F","21","","Minor","Driver","Had Not Been Drinking","North","Proceeding Straight","Car","Unknown","1","Not Applicable","Not Applicable"
"CR-0000086757","ACV-0000177456","F","18","","Moderate","Driver","Had Not Been Drinking","East","Proceeding Straight","Car","None Apparent","1","Not Applicable","Not Applicable"
"CR-0000086742","ACV-0000177419","","0","","Unknown","Parked","Not Applicable","Not Applicable","Parked","Panel Truck","Unknown","1","Not Applicable","Not Applicable"
"CR-0000086724","ACV-0000177377","F","40","","None","Driver","Had Not Been Drinking","North","Slowing/Stopping","Car","Unknown","1","22350","Speeding"
"CR-0000086737","ACV-0000177404","M","27","","Major","Driver","Had Been Drinking - Not Under Influence","South","Proceeding Straight","Car","Other Violation","1","21755","Pass On Right"
"CR-0000086749","ACV-0000177433","M","52","","Major","Driver","Had Not Been Drinking","West","Proceeding Straight","Car","Unknown","1","22350","Speeding"
"CR-0000086737","ACV-0000177405","","0","","Moderate","Parked","Not Applicable","Not Applicable","Parked","Car","Unknown","1","Not Applicable","Not Applicable"
"CR-0000086750","ACV-0000177440","M","47","","Minor","Driver","Impairment Not Known","West","Stopped","Bus - Other","Unknown","1","Not Applicable","Not Applicable"
"CR-0000086721","ACV-0000177371","M","31","","Minor","Driver","Had Not Been Drinking","South","Proceeding Straight","Car","None Apparent","1","21453","Run Red Light"
"CR-0000086748","ACV-0000177431","","0","","Major","Parked","Not Applicable","Not Applicable","Parked","Car","Unknown","1","Not Applicable","Not Applicable"
"CR-0000086755","ACV-0000177452","M","71","","Moderate","Driver","Impairment Not Known","West","Proceeding Straight","Car","None Apparent","1","Not Applicable","Not Applicable"
"CR-0000086746","ACV-0000177425","","0","","Major","Driver","Impairment Not Known","West","Unknown","Car","Other Violation","1","Unknown","Unknown"
"CR-0000086778","ACV-0000177482","","0","","Unknown","Driver","Impairment Not Known","West","Making Right Turn","Car","Other Violation","1","22107","Unsafe Turn Movement"
"CR-0000086784","ACV-0000177494","","0","","Unknown","Driver","Impairment Not Known","West","Ran Off Road","Panel Truck","Other Violation","1","21658","Unsafe Lane Change"
"CR-0000086780","ACV-0000177487","","0","","Major","Parked","Not Applicable","Not Applicable","Parked","Car","None Apparent","1","Not Applicable","Not Applicable"
"CR-0000086780","ACV-0000177488","","0","","Minor","Parked","Not Applicable","Not Applicable","Parked","Car","None Apparent","1","Not Applicable","Not Applicable"
"CR-0000086785","ACV-0000177498","M","27","","Major","Driver","Had Not Been Drinking","South","Proceeding Straight","Car","None Apparent","1","Not Applicable","Not Applicable"
"CR-0000086786","ACV-0000177501","M","65","","Not Applicable","Pedestrian","Impairment Not Known","Not Applicable","Other","Pedestrian","None Apparent","1","Not Applicable","Not Applicable"
"CR-0000086778","ACV-0000177484","","0","","Unknown","Parked","Not Applicable","Not Applicable","Parked","Car","None Apparent","1","Not Applicable","Not Applicable"
"CR-0000086782","ACV-0000177491","F","42","","Major","Driver","Had Not Been Drinking","West","Proceeding Straight","Car","None Apparent","1","Not Applicable","Not Applicable"
"CR-0000086768","ACV-0000177476","","0","","Unknown","Driver","Impairment Not Known","South","Proceeding Straight","Car","Other Violation","1","22350","Speeding"
"CR-0000086789","ACV-0000177507","F","30","","Moderate","Driver","Had Not Been Drinking","East","Proceeding Straight","Car","None Apparent","1","Not Applicable","Not Applicable"
"CR-0000086766","ACV-0000177472","M","39","","Moderate","Driver","Had Not Been Drinking","South","Proceeding Straight","Car","None Apparent","1","22107","Unsafe Turn Movement"
"CR-0000086770","ACV-0000177480","M","0","","Unknown","Driver","Impairment Not Known","South","Changing Lanes","Car","Other Violation","1","22350","Speeding"
"CR-0000086783","ACV-0000177493","M","61","","Moderate","Driver","Impairment Not Known","South","Making Left Turn","Car","None Apparent","1","Not Applicable","Not Applicable"
"CR-0000086790","ACV-0000177508","F","20","","Minor","Driver","Had Not Been Drinking","South","Proceeding Straight","Car","None Apparent","1","21804","Yield From Driveway/Curb"
"CR-0000086789","ACV-0000177506","F","31","","Moderate","Driver","Had Not Been Drinking","North","Proceeding Straight","Car","None Apparent","1","21453","Run Red Light"
"CR-0000086780","ACV-0000177486","F","0","","Totaled","Driver","Had Been Drinking - Under Influence","East","Traveling Wrong Way","Car","Other Violation","1","21651","Divided Highway"
"CR-0000086769","ACV-0000177478","F","32","","Not Applicable","Pedestrian","Had Not Been Drinking","East","Proceeding Straight","Pedestrian","None Apparent","1","21954","Pedestrian Yield Car"
"CR-0000086791","ACV-0000177510","M","40","","Minor","Driver","Had Been Drinking - Under Influence","East","Proceeding Straight","Panel Truck","Other Violation","1","23152","Driving Drunk"
"CR-0000086784","ACV-0000177495","F","0","","Moderate","Parked","Not Applicable","Not Applicable","Parked","Car","None Apparent","1","Not Applicable","Not Applicable"
"CR-0000086788","ACV-0000177504","","0","","Moderate","Parked","Not Applicable","Not Applicable","Parked","Car","None Apparent","1","Not Applicable","Not Applicable"
"CR-0000086768","ACV-0000177477","M","35","","Minor","Driver","Had Not Been Drinking","South","Proceeding Straight","Car","None Apparent","1","Not Applicable","Not Applicable"
"CR-0000086791","ACV-0000177511","M","62","","Minor","Parked","Not Applicable","Not Applicable","Parked","Car","Unknown","1","Not Applicable","Not Applicable"
"CR-0000086767","ACV-0000177474","F","41","","Moderate","Driver","Had Not Been Drinking","North","Making Left Turn","Car","None Apparent","1","Not Applicable","Not Applicable"
"CR-0000086782","ACV-0000177490","M","54","","Major","Driver","Had Not Been Drinking","South","Making Left Turn","Car","Other Violation","1","12500","Unlicensed Driver"
"CR-0000086788","ACV-0000177505","","0","","Minor","Parked","Not Applicable","Not Applicable","Parked","Car","None Apparent","1","Not Applicable","Not Applicable"
"CR-0000086786","ACV-0000177502","M","44","","Minor","Parked","Not Applicable","Not Applicable","Parked","Car","None Apparent","1","Not Applicable","Not Applicable"
"CR-0000086770","ACV-0000177481","M","22","","Unknown","Driver","Had Not Been Drinking","South","Proceeding Straight","Car","None Apparent","1","Not Applicable","Not Applicable"
"CR-0000086790","ACV-0000177509","M","0","","Minor","Driver","Had Not Been Drinking","South","Merging","Car","None Apparent","1","Not Applicable","Not Applicable"
"CR-0000086781","ACV-0000177489","F","0","","Major","Driver","Had Not Been Drinking","North","Making Right Turn","Car","None Apparent","1","22350","Speeding"
"CR-0000086786","ACV-0000177500","M","59","","Minor","Driver","Had Been Drinking - Under Influence","South","Proceeding Straight","Car","Other Violation","1","21658","Unsafe Lane Change"
"CR-0000086766","ACV-0000177475","F","42","","Moderate","Driver","Had Not Been Drinking","South","Proceeding Straight","Car","None Apparent","1","Not Applicable","Not Applicable"
"CR-0000086785","ACV-0000177499","F","31","","Major","Driver","Had Not Been Drinking","South","Slowing/Stopping","Car","None Apparent","1","Not Applicable","Not Applicable"
"CR-0000086785","ACV-0000177497","M","29","","Minor","Driver","Had Not Been Drinking","South","Changing Lanes","Car","None Apparent","1","21703","Follow Too Closely"
"CR-0000086783","ACV-0000177492","F","37","","Moderate","Driver","Impairment Not Known","South","Passing Other Vehicles","Car","None Apparent","1","21751","Passing"
"CR-0000086767","ACV-0000177473","","0","","Unknown","Driver","Impairment Not Known","North","Passing Other Vehicles","Car","Other Violation","1","22107","Unsafe Turn Movement"
"CR-0000086779","ACV-0000177485","M","23","","Major","Driver","Impairment Not Known","North","Making Right Turn","Car","Entering/Leaving Ramp","1","22350","Speeding"
"CR-0000086765","ACV-0000177471","M","21","","Moderate","Driver","Impairment Not Known","North","Ran Off Road","Car","Other Violation","1","22350","Speeding"
"CR-0000086784","ACV-0000177496","F","0","","Moderate","Parked","Not Applicable","Not Applicable","Parked","Car","None Apparent","1","Not Applicable","Not Applicable"
"CR-0000086788","ACV-0000177503","M","17","","Moderate","Driver","Impairment Not Known","East","Making Left Turn","Car","None Apparent","1","22107","Unsafe Turn Movement"
"CR-0000086778","ACV-0000177483","","0","","Unknown","Parked","Not Applicable","Not Applicable","Parked","Car","None Apparent","1","Not Applicable","Not Applicable"
"CR-0000086769","ACV-0000177479","F","33","","Minor","Driver","Had Not Been Drinking","South","Proceeding Straight","Car","None Apparent","1","Not Applicable","Not Applicable"
"CR-0000086829","ACV-0000177587","F","31","","Moderate","Driver","Had Been Drinking - Under Influence","West","Proceeding Straight","Car","Under Influence","1","Unknown","Unknown"
"CR-0000086818","ACV-0000177566","M","35","","Moderate","Driver","Had Not Been Drinking","South","Proceeding Straight","Car","Unknown","1","Not Applicable","Not Applicable"
"CR-0000086802","ACV-0000177533","F","57","","Minor","Driver","Had Not Been Drinking","North","Making Left Turn","Car","Other Violation","1","22107","Unsafe Turn Movement"
"CR-0000086795","ACV-0000177519","","0","","Moderate","Parked","Not Applicable","Not Applicable","Parked","Panel Truck","None Apparent","1","Not Applicable","Not Applicable"
"CR-0000086809","ACV-0000177548","F","40","","Major","Driver","Impairment Not Known","West","Proceeding Straight","Car","None Apparent","1","Unknown","Unknown"
"CR-0000086807","ACV-0000177544","M","17","","Moderate","Driver","Had Not Been Drinking","South","Making Left Turn","Car","None Apparent","1","Not Applicable","Not Applicable"
"CR-0000086818","ACV-0000177565","M","54","","Moderate","Driver","Had Been Drinking - Under Influence","East","Making Left Turn","Car","Other Violation","1","22350","Speeding"
"CR-0000086836","ACV-0000177599","M","57","","Major","Driver","Impairment Not Known","South","Ran Off Road","Car","Uninvolved Vehicle","1","Unknown","Unknown"
"CR-0000086816","ACV-0000177562","F","40","","Unknown","Driver","Impairment Not Known","West","Proceeding Straight","Car","Unknown","1","Not Applicable","Not Applicable"
"CR-0000086813","ACV-0000177557","M","45","","Minor","Driver","Had Not Been Drinking","South","Proceeding Straight","Car","Unknown","1","Not Applicable","Not Applicable"
"CR-0000086792","ACV-0000177512","M","0","","Minor","Driver","Had Not Been Drinking","East","Backing","Emergency Vehicle","None Apparent","1","Unknown","Unknown"
"CR-0000086793","ACV-0000177515","","0","","Unknown","Parked","Not Applicable","Not Applicable","Parked","Unknown","Unknown","1","Not Applicable","Not Applicable"
"CR-0000086810","ACV-0000177551","F","4","","Not Applicable","Pedestrian","Not Applicable","North","Proceeding Straight","Pedestrian","Unknown","1","Not Applicable","Not Applicable"
"CR-0000086821","ACV-0000177571","M","39","","Moderate","Driver","Impairment Not Known","West","Proceeding Straight","Car","None Apparent","1","22350","Speeding"
"CR-0000086796","ACV-0000177521","F","68","","Major","Driver","Impairment Not Known","South","Making Left Turn","Car","None Apparent","1","21453","Run Red Light"
"CR-0000086806","ACV-0000177542","F","66","","Moderate","Driver","Had Not Been Drinking","South","Making Left Turn","Car","Unknown","1","Not Applicable","Not Applicable"
"CR-0000086832","ACV-0000177592","M","40","","Major","Driver","Had Been Drinking - Under Influence","South","Proceeding Straight","Car","Under Influence","1","21658","Unsafe Lane Change"
"CR-0000086834","ACV-0000177596","","26","","Moderate","Driver","Had Been Drinking - Under Influence","North","Proceeding Straight","Car","Other Violation","1","23152","Driving Drunk"
"CR-0000086808","ACV-0000177546","M","59","","Unknown","Driver","Had Not Been Drinking","South","Stopped","Panel Truck","None Apparent","1","Not Applicable","Not Applicable"
"CR-0000086799","ACV-0000177527","F","23","","Major","Driver","Had Not Been Drinking","East","Making Left Turn","Car","Inattention","1","21451","Failure To Go On Green/Arrow"
"CR-0000086810","ACV-0000177549","M","59","","Moderate","Driver","Impairment Not Known","South","Proceeding Straight","Car","Unknown","1","22350","Speeding"
"CR-0000086833","ACV-0000177595","M","34","","Minor","Driver","Impairment Not Known","South","Stopped","Car","None Apparent","1","Not Applicable","Not Applicable"
"CR-0000086808","ACV-0000177545","M","37","","Minor","Driver","Had Not Been Drinking","South","Proceeding Straight","Car","None Apparent","1","22350","Speeding"
"CR-0000086826","ACV-0000177581","M","54","","Minor","Driver","Had Not Been Drinking","North","Making Right Turn","Car","None Apparent","1","22107","Unsafe Turn Movement"
"CR-0000086794","ACV-0000177516","M","26","","Major","Driver","Impairment Not Known","West","Making Left Turn","Car","Other Violation","1","23103","Reckless Driving 2"
"CR-0000086820","ACV-0000177569","F","60","","Minor","Driver","Had Not Been Drinking","North","Making Right Turn","Car","None Apparent","1","22107","Unsafe Turn Movement"
"CR-0000086824","ACV-0000177577","F","42","","Minor","Driver","Had Not Been Drinking","East","Making Left Turn","Car","None Apparent","1","21703","Follow Too Closely"
"CR-0000086814","ACV-0000177559","F","19","","Moderate","Driver","Had Not Been Drinking","East","Proceeding Straight","Car","None Apparent","1","Not Applicable","Not Applicable"
"CR-0000086815","ACV-0000177560","F","27","","Major","Driver","Had Been Drinking - Under Influence","East","Making Left Turn","Car","Other Violation","1","23152","Driving Drunk"
"CR-0000086828","ACV-0000177585","M","21","","Minor","Driver","Had Not Been Drinking","North","Making Left Turn","Car","Unknown","1","Unknown","Unknown"
"CR-0000086812","ACV-0000177555","M","38","","None","Driver","Had Not Been Drinking","South","Making Right Turn","Panel Truck","None Apparent","1","Not Applicable","Not Applicable"
"CR-0000086826","ACV-0000177582","M","57","","Minor","Bicycle","Had Not Been Drinking","East","Proceeding Straight","Bicycle","None Apparent","1","Not Applicable","Not Applicable"
"CR-0000086801","ACV-0000177531","","0","","Unknown","Driver","Impairment Not Known","South","Making Left Turn","Unknown","Other Violation","1","Unknown","Unknown"
"CR-0000086830","ACV-0000177589","F","29","","Moderate","Driver","Impairment Not Known","North","Proceeding Straight","Panel Truck","None Apparent","1","22350","Speeding"
"CR-0000086811","ACV-0000177552","F","64","","Major","Driver","Had Not Been Drinking","North","Other Unsafe Turning","Car","Unknown","1","21658","Unsafe Lane Change"
"CR-0000086799","ACV-0000177528","M","54","","Moderate","Driver","Had Not Been Drinking","West","Proceeding Straight","Panel Truck","Unknown","1","Not Applicable","Not Applicable"
"CR-0000086813","ACV-0000177556","M","49","","Minor","Pedestrian","Had Been Drinking - Under Influence","West","Proceeding Straight","Pedestrian","None Apparent","1","21955","Crossing Controlled Intersection/Jaywalking"
"CR-0000086797","ACV-0000177524","M","75","","Moderate","Driver","Impairment Not Known","South","Proceeding Straight","Car","None Apparent","1","Not Applicable","Not Applicable"
"CR-0000086798","ACV-0000177526","M","31","","None","Driver","Had Not Been Drinking","West","Proceeding Straight","Car","Other Violation","1","Not Applicable","Not Applicable"
"CR-0000086822","ACV-0000177573","M","18","","Minor","Driver","Had Not Been Drinking","West","Making Right Turn","Car","None Apparent","1","21800","Yield Uncontrolled Intersection"
"CR-0000086812","ACV-0000177554","F","62","","Not Applicable","Pedestrian","Had Not Been Drinking","East","Proceeding Straight","Pedestrian","Inattention","1","21461","Obey Traffic Control"
"CR-0000086804","ACV-0000177537","","0","","Unknown","Driver","Impairment Not Known","South","Proceeding Straight","Car","Other Violation","1","22350","Speeding"
"CR-0000086829","ACV-0000177588","F","49","","Moderate","Driver","Had Been Drinking - Under Influence","North","Making Left Turn","Car","Under Influence","1","Unknown","Unknown"
"CR-0000086805","ACV-0000177540","M","47","","Major","Driver","Had Not Been Drinking","South","Proceeding Straight","Car","None Apparent","1","Not Applicable","Not Applicable"
"CR-0000086831","ACV-0000177590","M","52","","Minor","Driver","Had Not Been Drinking","North","Making Right Turn","Car","Unknown","1","22107","Unsafe Turn Movement"
"CR-0000086827","ACV-0000177584","M","26","","Minor","Driver","Had Been Drinking - Not Under Influence","South","Proceeding Straight","Car","Other Violation","1","Not Applicable","Not Applicable"
"CR-0000086828","ACV-0000177586","M","42","","Not Applicable","Bicycle","Impairment Not Known","East","Proceeding Straight","Bicycle","Unfamiliar With Road","1","Unknown","Unknown"
"CR-0000086814","ACV-0000177558","F","57","","Moderate","Driver","Had Not Been Drinking","East","Changing Lanes","Panel Truck","None Apparent","1","22107","Unsafe Turn Movement"
"CR-0000086796","ACV-0000177522","F","46","","Moderate","Driver","Impairment Not Known","North","Proceeding Straight","Car","None Apparent","1","Not Applicable","Not Applicable"
"CR-0000086825","ACV-0000177579","F","88","","Minor","Driver","Had Not Been Drinking","West","Changing Lanes","Car","None Apparent","1","22107","Unsafe Turn Movement"
"CR-0000086800","ACV-0000177529","M","0","","Minor","Driver","Had Not Been Drinking","South","Making Left Turn","Emergency Vehicle","None Apparent","1","21801","Yield Left Turn"
"CR-0000086804","ACV-0000177538","F","35","","Minor","Driver","Not Applicable","South","Stopped","Car","None Apparent","1","Not Applicable","Not Applicable"
"CR-0000086803","ACV-0000177536","","0","","Moderate","Parked","Not Applicable","Not Applicable","Parked","Car","Unknown","1","Not Applicable","Not Applicable"
"CR-0000086817","ACV-0000177563","F","0","","Unknown","Driver","Impairment Not Known","South","Other Unsafe Turning","Car","Other Violation","1","22107","Unsafe Turn Movement"
"CR-0000086798","ACV-0000177525","M","9","","Not Applicable","Bicycle","Had Not Been Drinking","South","Entering Traffic","Bicycle","None Apparent","1","21804","Yield From Driveway/Curb"
"CR-0000086802","ACV-0000177534","M","24","","Minor","Driver","Had Not Been Drinking","North","Making Left Turn","Car","Unknown","1","Not Applicable","Not Applicable"
"CR-0000086831","ACV-0000177591","F","60","","Moderate","Driver","Had Not Been Drinking","East","Proceeding Straight","Car","Unknown","1","Not Applicable","Not Applicable"
"CR-0000086816","ACV-0000177561","","31","","Unknown","Driver","Under Drug Influence","North","Making Left Turn","Car","Unknown","1","22107","Unsafe Turn Movement"
"CR-0000086832","ACV-0000177593","","0","","Major","Parked","Not Applicable","Not Applicable","Parked","Car","Unknown","1","Not Applicable","Not Applicable"
"CR-0000086807","ACV-0000177543","F","30","","Moderate","Driver","Had Not Been Drinking","North","Proceeding Straight","Car","None Apparent","1","21453","Run Red Light"
"CR-0000086825","ACV-0000177580","F","53","","Minor","Driver","Had Not Been Drinking","West","Stopped","Car","None Apparent","1","Not Applicable","Not Applicable"
"CR-0000086801","ACV-0000177532","M","59","","Moderate","Driver","Had Not Been Drinking","North","Proceeding Straight","Car","Inattention","1","Unknown","Unknown"
"CR-0000086820","ACV-0000177570","M","0","","Minor","Driver","Had Not Been Drinking","East","Proceeding Straight","Car","None Apparent","1","Not Applicable","Not Applicable"
"CR-0000086792","ACV-0000177513","","0","","None","Parked","Not Applicable","Not Applicable","Parked","Other","Unknown","1","Unknown","Unknown"
"CR-0000086795","ACV-0000177520","","0","","Minor","Parked","Not Applicable","Not Applicable","Parked","Panel Truck","None Apparent","1","Not Applicable","Not Applicable"
"CR-0000086805","ACV-0000177539","M","35","","Major","Driver","Had Not Been Drinking","East","Proceeding Straight","Car","None Apparent","1","21453","Run Red Light"
"CR-0000086803","ACV-0000177535","","0","","Major","Driver","Impairment Not Known","South","Proceeding Straight","Panel Truck","Unknown","1","22107","Unsafe Turn Movement"
"CR-0000086810","ACV-0000177550","F","36","","Not Applicable","Pedestrian","Impairment Not Known","North","Proceeding Straight","Pedestrian","Unknown","1","Not Applicable","Not Applicable"
"CR-0000086800","ACV-0000177530","M","35","","Moderate","Driver","Had Not Been Drinking","North","Proceeding Straight","Car","None Apparent","1","Not Applicable","Not Applicable"
"CR-0000086793","ACV-0000177514","","0","","Unknown","Driver","Impairment Not Known","West","Proceeding Straight","Unknown","Other Violation","1","22107","Unsafe Turn Movement"
"CR-0000086835","ACV-0000177598","F","25","","Major","Driver","Had Been Drinking - Under Influence","South","Proceeding Straight","Car","Under Influence","1","22100","Improper Turn"
"CR-0000086833","ACV-0000177594","M","0","","Minor","Driver","Impairment Not Known","South","Making Right Turn","Emergency Vehicle","None Apparent","1","Unknown","Unknown"
"CR-0000086818","ACV-0000177567","","0","","Minor","Parked","Not Applicable","Not Applicable","Parked","Car","Unknown","1","Not Applicable","Not Applicable"
"CR-0000086824","ACV-0000177578","F","18","","Moderate","Driver","Had Not Been Drinking","East","Proceeding Straight","Car","None Apparent","1","Not Applicable","Not Applicable"
"CR-0000086795","ACV-0000177518","","0","","Major","Parked","Not Applicable","Not Applicable","Parked","Car","None Apparent","1","Not Applicable","Not Applicable"
"CR-0000086806","ACV-0000177541","F","30","","Moderate","Driver","Had Not Been Drinking","North","Proceeding Straight","Car","Speeding","1","21451","Failure To Go On Green/Arrow"
"CR-0000086811","ACV-0000177553","","0","","Major","Parked","Not Applicable","Not Applicable","Parked","Car","Unknown","1","Not Applicable","Not Applicable"
"CR-0000086834","ACV-0000177597","M","23","","Moderate","Driver","Had Not Been Drinking","North","Stopped","Car","Unknown","1","Not Applicable","Not Applicable"
"CR-0000086797","ACV-0000177523","M","51","","Minor","Driver","Impairment Not Known","West","Making Left Turn","Car","None Apparent","1","21804","Yield From Driveway/Curb"
"CR-0000086809","ACV-0000177547","M","37","","Major","Driver","Impairment Not Known","West","Merging","Car","None Apparent","1","Unknown","Unknown"
"CR-0000086821","ACV-0000177572","F","51","","Moderate","Driver","Impairment Not Known","West","Stopped","Car","None Apparent","1","Not Applicable","Not Applicable"
"CR-0000086822","ACV-0000177574","F","37","","Minor","Driver","Had Not Been Drinking","North","Proceeding Straight","Car","None Apparent","1","Not Applicable","Not Applicable"
"CR-0000086823","ACV-0000177575","M","35","","Not Applicable","Pedestrian","Had Been Drinking - Impairment Unknown","South","Other Unsafe Turning","Skateboard","Unknown","1","21956","Pedestrian On Roadway"
"CR-0000086795","ACV-0000177517","","0","","Major","Driver","Impairment Not Known","West","Proceeding Straight","Car","Other Violation","1","22350","Speeding"
"CR-0000086827","ACV-0000177583","M","12","","Not Applicable","Pedestrian","Not Applicable","East","Entering Traffic","Scooter Non-Motorized","None Apparent","1","21954","Pedestrian Yield Car"
"CR-0000086817","ACV-0000177564","M","31","","Minor","Driver","Had Been Drinking - Not Under Influence","North","Proceeding Straight","Car","None Apparent","1","Not Applicable","Not Applicable"
"CR-0000086819","ACV-0000177568","F","52","","Not Applicable","Driver","Had Been Drinking - Under Influence","East","Making Left Turn","Car","None Apparent","1","23152","Driving Drunk"
"CR-0000086823","ACV-0000177576","M","28","","Minor","Driver","Had Not Been Drinking","South","Proceeding Straight","Panel Truck","Unknown","1","Not Applicable","Not Applicable"
"CR-0000086838","ACV-0000177602","M","20","","Unknown","Driver","Impairment Not Known","Unknown","Proceeding Straight","Car","Unknown","1","Unknown","Unknown"
"CR-0000086838","ACV-0000177603","","0","","Unknown","Driver","Impairment Not Known","Unknown","Passing Other Vehicles","Car","Unknown","1","Unknown","Unknown"
"CR-0000086839","ACV-0000177604","M","29","","Unknown","Driver","Impairment Not Known","North","Stopped","Car","Unknown","1","Unknown","Unknown"
"CR-0000086837","ACV-0000177600","M","69","","Unknown","Driver","Impairment Not Known","South","Changing Lanes","Car","Unknown","1","Unknown","Unknown"
"CR-0000086840","ACV-0000177607","M","32","","Moderate","Driver","Impairment Not Known","East","Proceeding Straight","Car","None Apparent","1","Not Applicable","Not Applicable"
"CR-0000086841","ACV-0000177609","M","34","","None","Driver","Impairment Not Known","South","Stopped","Car","None Apparent","1","Not Applicable","Not Applicable"
"CR-0000086837","ACV-0000177601","M","0","","Unknown","Driver","Impairment Not Known","South","Proceeding Straight","Car","Unknown","1","Unknown","Unknown"
"CR-0000086840","ACV-0000177606","M","53","","Major","Driver","Impairment Not Known","East","Changing Lanes","Car","None Apparent","1","22107","Unsafe Turn Movement"
"CR-0000086839","ACV-0000177605","M","28","","Unknown","Driver","Impairment Not Known","North","Proceeding Straight","Car","Unknown","1","Unknown","Unknown"
"CR-0000086841","ACV-0000177608","M","26","","Moderate","Driver","Impairment Not Known","South","Proceeding Straight","Car","None Apparent","1","22350","Speeding"
"CR-0000086860","ACV-0000177651","M","29","","Moderate","Driver","Had Not Been Drinking","East","Stopped","Car","None Apparent","1","Not Applicable","Not Applicable"
"CR-0000086842","ACV-0000177610","","0","","Minor","Driver","Impairment Not Known","North","Backing","Car","Other Violation","1","22106","Unsafe Backing"
"CR-0000086861","ACV-0000177654","","0","","Minor","Parked","Not Applicable","Not Applicable","Parked","Car","None Apparent","1","Not Applicable","Not Applicable"
"CR-0000086847","ACV-0000177625","","0","","Minor","Parked","Not Applicable","Not Applicable","Parked","Other","Unknown","1","Not Applicable","Not Applicable"
"CR-0000086842","ACV-0000177613","","0","","Unknown","Parked","Not Applicable","Not Applicable","Parked","Panel Truck","Unknown","1","Not Applicable","Not Applicable"
"CR-0000086861","ACV-0000177653","M","24","","Major","Driver","Had Not Been Drinking","East","Stopped","Car","None Apparent","1","Not Applicable","Not Applicable"
"CR-0000086848","ACV-0000177627","F","38","","None","Driver","Had Not Been Drinking","South","Making Right Turn","Car","None Apparent","1","Not Applicable","Not Applicable"
"CR-0000086860","ACV-0000177650","M","42","","Moderate","Driver","Had Been Drinking - Under Influence","East","Proceeding Straight","Car","Other Violation","1","22107","Unsafe Turn Movement"