"CrashName","Name","Sex","Age","Speed","VehicleDamage","PartyCategory","Sobriety","VehicleDirection","MovementPrecedingCollision","PartyType","OtherAssociatedFactor","VehicleCount","ViolationCode","ViolationCodeDescription"
"CR-0000086849","ACV-0000177628","","0","","Unknown","Driver","Impairment Not Known","South","Proceeding Straight","Car","Other Violation","1","21658","Unsafe Lane Change"
"CR-0000086842","ACV-0000177614","","0","","Unknown","Parked","Not Applicable","Not Applicable","Parked","Car","Unknown","1","Not Applicable","Not Applicable"
"CR-0000086857","ACV-0000177645","M","46","","Moderate","Driver","Had Not Been Drinking","East","Proceeding Straight","Car","None Apparent","1","Not Applicable","Not Applicable"
"CR-0000086842","ACV-0000177611","M","0","","Not Applicable","Pedestrian","Impairment Not Known","Not Applicable","Other (Ped)","Pedestrian","Unknown","1","Not Applicable","Not Applicable"
"CR-0000086853","ACV-0000177635","M","24","","Moderate","Driver","Had Been Drinking - Under Influence","West","Proceeding Straight","Car","None Apparent","1","23152","Driving Drunk"
"CR-0000086858","ACV-0000177647","M","17","","Major","Driver","Had Not Been Drinking","East","Entering Traffic","Car","None Apparent","1","Not Applicable","Not Applicable"
"CR-0000086842","ACV-0000177612","","0","","Unknown","Parked","Not Applicable","Not Applicable","Parked","Car","Unknown","1","Not Applicable","Not Applicable"
"CR-0000086859","ACV-0000177648","","0","","Unknown","Driver","Impairment Not Known","South","Making Right Turn","Panel Truck","Other Violation","1","22350","Speeding"
"CR-0000086843","ACV-0000177616","F","46","","Not Applicable","Pedestrian","Impairment Not Known","South","Proceeding Straight","Pedestrian","None Apparent","1","Not Applicable","Not Applicable"
"CR-0000086854","ACV-0000177638","","0","","Unknown","Driver","Impairment Not Known","North","Making Left Turn","Unknown","Other Violation","1","21658","Unsafe Lane Change"
"CR-0000086862","ACV-0000177656","","0","","Unknown","Driver","Impairment Not Known","West","Proceeding Straight","Car","Other Violation","1","22350","Speeding"
"CR-0000086861","ACV-0000177652","F","40","","Moderate","Driver","Had Not Been Drinking","East","Proceeding Straight","Car","Other Violation","1","22350","Speeding"
"CR-0000086859","ACV-0000177649","F","31","","Minor","Driver","Had Not Been Drinking","South","Making Right Turn","Car","None Apparent","1","Not Applicable","Not Applicable"
"CR-0000086853","ACV-0000177637","","0","","Moderate","Parked","Not Applicable","Not Applicable","Parked","Car","None Apparent","1","Not Applicable","Not Applicable"
"CR-0000086856","ACV-0000177643","M","49","","Moderate","Driver","Impairment Not Known","West","Stopped","Car","None Apparent","1","Not Applicable","Not Applicable"
"CR-0000086845","ACV-0000177620","F","49","","Moderate","Driver","Had Not Been Drinking","South","Stopped","Car","Unknown","1","Not Applicable","Not Applicable"
"CR-0000086847","ACV-0000177624","","0","","Minor","Driver","Impairment Not Known","South","Backing","Car","Unknown","1","22106","Unsafe Backing"
"CR-0000086854","ACV-0000177639","F","28","","Moderate","Driver","Impairment Not Known","North","Making Left Turn","Car","None Apparent","1","Not Applicable","Not Applicable"
"CR-0000086845","ACV-0000177621","F","39","","Minor","Driver","Had Not Been Drinking","South","Stopped","Emergency Vehicle","Unknown","1","Not Applicable","Not Applicable"
"CR-0000086861","ACV-0000177655","","0","","Moderate","Parked","Not Applicable","Not Applicable","Parked","Panel Truck","None Apparent","1","Not Applicable","Not Applicable"
"CR-0000086846","ACV-0000177623","F","52","","Minor","Driver","Had Not Been Drinking","East","Stopped","Car","None Apparent","1","Not Applicable","Not Applicable"
"CR-0000086857","ACV-0000177644","F","0","","Unknown","Driver","Impairment Not Known","North","Entering Traffic","Car","Other Violation","1","21804","Yield From Driveway/Curb"
"CR-0000086844","ACV-0000177617","","0","","Unknown","Driver","Impairment Not Known","North","Backing","Panel Truck","Other Violation","1","22106","Unsafe Backing"
"CR-0000086852","ACV-0000177633","","0","","Unknown","Driver","Impairment Not Known","North","Making Left Turn","Car","Other Violation","1","21801","Yield Left Turn"
"CR-0000086848","ACV-0000177626","M","50","","Not Applicable","Bicycle","Had Not Been Drinking","East","Traveling Wrong Way","Bicycle","Inattention","1","21950","Yield Pedestrian In Crosswalk"
"CR-0000086855","ACV-0000177640","M","18","","Major","Driver","Had Been Drinking - Not Under Influence","West","Proceeding Straight","Car","None Apparent","1","22107","Unsafe Turn Movement"
"CR-0000086843","ACV-0000177615","","0","","Unknown","Driver","Impairment Not Known","North","Making Left Turn","Car","Other Violation","1","21950","Yield Pedestrian In Crosswalk"
"CR-0000086855","ACV-0000177641","","0","","Minor","Parked","Not Applicable","Not Applicable","Parked","Car","None Apparent","1","Not Applicable","Not Applicable"
"CR-0000086846","ACV-0000177622","","0","","Unknown","Driver","Impairment Not Known","East","Proceeding Straight","Car","Other Violation","1","22106","Unsafe Backing"
"CR-0000086852","ACV-0000177634","F","46","","Minor","Driver","Impairment Not Known","South","Proceeding Straight","Car","None Apparent","1","Not Applicable","Not Applicable"
"CR-0000086849","ACV-0000177629","F","57","","Minor","Parked","Not Applicable","Not Applicable","Parked","Car","Unknown","1","Not Applicable","Not Applicable"
"CR-0000086851","ACV-0000177631","M","41","","Unknown","Driver","Impairment Not Known","North","Backing","Car","Other Violation","1","22106","Unsafe Backing"
"CR-0000086856","ACV-0000177642","M","28","","Major","Driver","Had Been Drinking - Under Influence","West","Proceeding Straight","Car","None Apparent","1","22350","Speeding"
"CR-0000086844","ACV-0000177618","M","41","","Minor","Driver","Had Not Been Drinking","South","Proceeding Straight","Car","None Apparent","1","Not Applicable","Not Applicable"
"CR-0000086858","ACV-0000177646","M","20","","Major","Driver","Had Not Been Drinking","North","Proceeding Straight","Car","None Apparent","1","22350","Speeding"
"CR-0000086850","ACV-0000177630","M","26","","Unknown","Driver","Had Been Drinking - Not Under Influence","North","Proceeding Straight","Car","Other Violation","1","22350","Speeding"
"CR-0000086863","ACV-0000177659","M","0","","Not Applicable","Bicycle","Had Not Been Drinking","North","Proceeding Straight","Bicycle","None Apparent","1","Not Applicable","Not Applicable"
"CR-0000086853","ACV-0000177636","","0","","Moderate","Parked","Not Applicable","Not Applicable","Parked","Car","None Apparent","1","Not Applicable","Not Applicable"
"CR-0000086845","ACV-0000177619","M","29","","Minor","Driver","Had Not Been Drinking","South","Proceeding Straight","Panel Truck","Inattention","1","22106","Unsafe Backing"
"CR-0000086862","ACV-0000177657","M","34","","Moderate","Driver","Had Not Been Drinking","North","Proceeding Straight","Car","None Apparent","1","Not Applicable","Not Applicable"
"CR-0000086851","ACV-0000177632","M","57","","Not Applicable","Pedestrian","Had Not Been Drinking","East","Proceeding Straight","Pedestrian","None Apparent","1","Not Applicable","Not Applicable"
"CR-0000086863","ACV-0000177658","M","82","","Minor","Driver","Had Not Been Drinking","South","Making Left Turn","Car","None Apparent","1","21950","Yield Pedestrian In Crosswalk"
"CR-0000086881","ACV-0000177689","","0","","Moderate","Parked","Not Applicable","Not Applicable","Parked","Car","None Apparent","1","Not Applicable","Not Applicable"
"CR-0000086874","ACV-0000177675","M","0","","Minor","Driver","Impairment Not Known","South","Making Left Turn","Car","Vision Obscurement","1","22107","Unsafe Turn Movement"
"CR-0000086867","ACV-0000177665","M","76","","Minor","Driver","Had Been Drinking - Under Influence","East","Proceeding Straight","Panel Truck","Other Violation","1","22350","Speeding"
"CR-0000086877","ACV-0000177682","M","32","","Moderate","Driver","Had Been Drinking - Under Influence","South","Ran Off Road","Car","Other Violation","1","23152","Driving Drunk"
"CR-0000086875","ACV-0000177678","F","33","","Moderate","Driver","Not Applicable","East","Stopped","Car","None Apparent","1","Not Applicable","Not Applicable"
"CR-0000086880","ACV-0000177686","M","0","","Major","Driver","Impairment Not Known","South","Other","Car","None Apparent","1","22350","Speeding"
"CR-0000086875","ACV-0000177677","F","24","","Moderate","Driver","Impairment Not Known","South","Proceeding Straight","Car","None Apparent","1","22350","Speeding"
"CR-0000086865","ACV-0000177662","M","44","","Moderate","Driver","Impairment Not Known","West","Proceeding Straight","Car","None Apparent","1","Not Applicable","Not Applicable"
"CR-0000086867","ACV-0000177666","M","41","","Minor","Driver","Impairment Not Known","East","Stopped","Emergency Vehicle","None Apparent","1","Not Applicable","Not Applicable"
"CR-0000086878","ACV-0000177684","F","21","","Unknown","Driver","Impairment Not Known","South","Making Left Turn","Car","None Apparent","1","Not Applicable","Not Applicable"
"CR-0000086876","ACV-0000177680","M","32","","Not Applicable","Bicycle","Had Been Drinking - Impairment Unknown","South","Making Left Turn","Bicycle","None Apparent","1","21453","Run Red Light"
"CR-0000086875","ACV-0000177679","","0","","Minor","Parked","Not Applicable","Not Applicable","Parked","Car","None Apparent","1","Not Applicable","Not Applicable"
"CR-0000086876","ACV-0000177681","","73","","Minor","Driver","Had Not Been Drinking","East","Proceeding Straight","Car","None Apparent","1","Not Applicable","Not Applicable"
"CR-0000086878","ACV-0000177683","","0","","Unknown","Driver","Impairment Not Known","South","Making Left Turn","Unknown","Other Violation","1","22100","Improper Turn"
"CR-0000086866","ACV-0000177663","M","67","","Major","Driver","Had Not Been Drinking","South","Making Left Turn","Car","None Apparent","1","22107","Unsafe Turn Movement"
"CR-0000086882","ACV-0000177690","F","44","","Moderate","Driver","Had Been Drinking - Under Influence","South","Making Right Turn","Car","Other Violation","1","21453","Run Red Light"
"CR-0000086882","ACV-0000177691","F","19","","Major","Driver","Had Not Been Drinking","West","Proceeding Straight","Car","None Apparent","1","Not Applicable","Not Applicable"
"CR-0000086866","ACV-0000177664","M","29","","Moderate","Driver","Had Not Been Drinking","North","Proceeding Straight","Car","None Apparent","1","Not Applicable","Not Applicable"
"CR-0000086871","ACV-0000177670","","0","","Major","Driver","Impairment Not Known","North","Proceeding Straight","Car","Other Violation","1","22350","Speeding"
"CR-0000086864","ACV-0000177660","M","0","","Unknown","Driver","Impairment Not Known","South","Proceeding Straight","Car","Inattention","1","20002","Leave Accident Scene"
"CR-0000086872","ACV-0000177671","M","25","","Moderate","Driver","Had Not Been Drinking","South","Proceeding Straight","Car","None Apparent","1","21453","Run Red Light"
"CR-0000086873","ACV-0000177673","M","51","","Moderate","Driver","Impairment Not Known","North","Making Left Turn","Car","Vision Obscurement","1","22107","Unsafe Turn Movement"
"CR-0000086865","ACV-0000177661","F","18","","Major","Driver","Impairment Not Known","South","Proceeding Straight","Car","None Apparent","1","22450","Fail Stop/Sign"
"CR-0000086873","ACV-0000177674","M","60","","Moderate","Driver","Impairment Not Known","East","Proceeding Straight","Car","Vision Obscurement","1","22107","Unsafe Turn Movement"
"CR-0000086869","ACV-0000177667","M","45","","Minor","Driver","Had Not Been Drinking","South","Proceeding Straight","Car","None Apparent","1","Not Applicable","Not Applicable"
"CR-0000086881","ACV-0000177688","M","69","","Minor","Driver","Impairment Not Known","West","Proceeding Straight","Car","None Apparent","1","21658","Unsafe Lane Change"
"CR-0000086880","ACV-0000177687","F","48","","Major","Driver","Had Not Been Drinking","South","Stopped","Car","None Apparent","1","Not Applicable","Not Applicable"
"CR-0000086874","ACV-0000177676","F","31","","Unknown","Driver","Impairment Not Known","West","Proceeding Straight","Car","Vision Obscurement","1","Not Applicable","Not Applicable"
"CR-0000086872","ACV-0000177672","F","78","","Moderate","Driver","Had Not Been Drinking","East","Proceeding Straight","Car","None Apparent","1","21453","Run Red Light"
"CR-0000086870","ACV-0000177668","M","56","","Minor","Driver","Sleepy/Fatigued","West","Proceeding Straight","Car","None Apparent","1","21703","Follow Too Closely"
"CR-0000086882","ACV-0000177692","M","43","","Moderate","Driver","Had Not Been Drinking","East","Slowing/Stopping","Car","None Apparent","1","Not Applicable","Not Applicable"
"CR-0000086879","ACV-0000177685","F","62","","None","Driver","Impairment Not Known","North","Backing","Car","None Apparent","1","22106","Unsafe Backing"
"CR-0000086870","ACV-0000177669","F","55","","Minor","Driver","Had Not Been Drinking","West","Stopped","Car","None Apparent","1","Not Applicable","Not Applicable"
"CR-0000086884","ACV-0000177695","M","34","","Moderate","Driver","Impairment Not Known","South","Changing Lanes","Car","Other Violation","1","22107","Unsafe Turn Movement"
"CR-0000086887","ACV-0000177701","","0","","Unknown","Driver","Impairment Not Known","North","Proceeding Straight","Car","Other Violation","1","22350","Speeding"
"CR-0000086888","ACV-0000177703","F","0","","Unknown","Driver","Impairment Not Known","West","Proceeding Straight","Car","Other Violation","1","22450","Fail Stop/Sign"
"CR-0000086894","ACV-0000177715","F","45","","Moderate","Driver","Had Not Been Drinking","East","Stopped","Car","None Apparent","1","Not Applicable","Not Applicable"
"CR-0000086895","ACV-0000177717","F","30","","Minor","Driver","Had Not Been Drinking","North","Stopped","Car","None Apparent","1","Not Applicable","Not Applicable"
"CR-0000086894","ACV-0000177714","M","61","","Moderate","Driver","Had Not Been Drinking","West","Proceeding Straight","Car","None Apparent","1","Not Applicable","Not Applicable"
"CR-0000086896","ACV-0000177720","F","35","","Major","Driver","Had Not Been Drinking","North","Proceeding Straight","Car","None Apparent","1","Not Applicable","Not Applicable"
"CR-0000086886","ACV-0000177699","F","22","","Major","Driver","Had Not Been Drinking","South","Proceeding Straight","Car","None Apparent","1","21453","Run Red Light"
"CR-0000086895","ACV-0000177718","F","21","","Minor","Driver","Had Not Been Drinking","North","Stopped","Car","None Apparent","1","Not Applicable","Not Applicable"
"CR-0000086886","ACV-0000177700","M","60","","Unknown","Driver","Had Not Been Drinking","East","Proceeding Straight","Car","None Apparent","1","Not Applicable","Not Applicable"
"CR-0000086894","ACV-0000177713","F","66","","Moderate","Driver","Had Not Been Drinking","South","Proceeding Straight","Car","None Apparent","1","21453","Run Red Light"
"CR-0000086893","ACV-0000177711","F","37","","Unknown","Driver","Impairment Not Known","West","Proceeding Straight","Car","None Apparent","1","21755","Pass On Right"
"CR-0000086885","ACV-0000177698","F","22","","Unknown","Driver","Impairment Not Known","Unknown","Unknown","Panel Truck","None Apparent","1","Not Applicable","Not Applicable"
"CR-0000086885","ACV-0000177697","F","22","","Unknown","Driver","Impairment Not Known","Unknown","Unknown","Car","None Apparent","1","Not Applicable","Not Applicable"
"CR-0000086892","ACV-0000177709","M","28","","Moderate","Driver","Had Been Drinking - Not Under Influence","South","Proceeding Straight","Car","Defective Vehicle Equipment","1","21453","Run Red Light"
"CR-0000086889","ACV-0000177706","M","52","","Minor","Driver","Had Not Been Drinking","West","Proceeding Straight","Car","None Apparent","1","Not Applicable","Not Applicable"
"CR-0000086887","ACV-0000177702","M","27","","Minor","Driver","Had Not Been Drinking","North","Stopped","Car","None Apparent","1","Not Applicable","Not Applicable"
"CR-0000086883","ACV-0000177693","M","24","","None","Driver","Had Not Been Drinking","East","Proceeding Straight","Car","Other Violation","1","21703","Follow Too Closely"
"CR-0000086892","ACV-0000177710","F","51","","Minor","Driver","Had Been Drinking - Not Under Influence","West","Proceeding Straight","Bus - School","None Apparent","1","Not Applicable","Not Applicable"
"CR-0000086888","ACV-0000177704","F","43","","Moderate","Driver","Had Not Been Drinking","South","Proceeding Straight","Car","None Apparent","1","Not Applicable","Not Applicable"
"CR-0000086890","ACV-0000177707","M","30","","Major","Driver","Impairment Not Known","East","Proceeding Straight","Car","Other Violation","1","22350","Speeding"
"CR-0000086896","ACV-0000177719","F","17","","Major","Driver","Had Not Been Drinking","West","Proceeding Straight","Car","None Apparent","1","21453","Run Red Light"
"CR-0000086884","ACV-0000177696","M","50","","Minor","Driver","Had Not Been Drinking","South","Proceeding Straight","Car","None Apparent","1","Not Applicable","Not Applicable"
"CR-0000086889","ACV-0000177705","M","20","","Moderate","Driver","Had Not Been Drinking","South","Making Right Turn","Car","Other Violation","1","21804","Yield From Driveway/Curb"
"CR-0000086895","ACV-0000177716","F","28","","Minor","Driver","Had Not Been Drinking","North","Proceeding Straight","Car","None Apparent","1","22350","Speeding"
"CR-0000086891","ACV-0000177708","","0","","Major","Driver","Impairment Not Known","North","Making Right Turn","Car","Other Violation","1","20002","Leave Accident Scene"
"CR-0000086893","ACV-0000177712","F","58","","Minor","Driver","Impairment Not Known","West","Making Right Turn","Car","None Apparent","1","Not Applicable","Not Applicable"
"CR-0000086883","ACV-0000177694","M","43","","None","Driver","Had Not Been Drinking","East","Stopped","Car","None Apparent","1","Not Applicable","Not Applicable"
"CR-0000086899","ACV-0000177725","M","48","","Minor","Driver","Impairment Not Known","West","Backing","Emergency Vehicle","None Apparent","1","Unknown","Unknown"
"CR-0000086897","ACV-0000177722","F","38","","Moderate","Driver","Had Not Been Drinking","East","Proceeding Straight","Car","Unknown","1","Not Applicable","Not Applicable"
"CR-0000086898","ACV-0000177723","M","33","","Minor","Driver","Had Not Been Drinking","South","Backing","Car","Other Violation","1","22106","Unsafe Backing"
"CR-0000086901","ACV-0000177729","","0","","Unknown","Driver","Impairment Not Known","North","Proceeding Straight","Unknown","Other Violation","1","22350","Speeding"
"CR-0000086897","ACV-0000177721","F","24","","Moderate","Driver","Had Not Been Drinking","West","Making Left Turn","Car","Unknown","1","21801","Yield Left Turn"
"CR-0000086898","ACV-0000177724","M","32","","Minor","Driver","Had Not Been Drinking","North","Stopped","Car","Unknown","1","Not Applicable","Not Applicable"
"CR-0000086901","ACV-0000177730","F","46","","Minor","Driver","Had Not Been Drinking","North","Stopped","Car","None Apparent","1","Not Applicable","Not Applicable"
"CR-0000086900","ACV-0000177727","F","61","","Not Applicable","Bicycle","Had Not Been Drinking","North","Making Left Turn","Bicycle","Unknown","1","22108","Duration/Signal"
"CR-0000086900","ACV-0000177728","M","52","","Minor","Driver","Had Not Been Drinking","North","Proceeding Straight","Car","Unknown","1","Not Applicable","Not Applicable"
"CR-0000086902","ACV-0000177733","M","20","","Minor","Driver","Impairment Not Known","West","Proceeding Straight","Car","None Apparent","1","Not Applicable","Not Applicable"
"CR-0000086901","ACV-0000177731","M","70","","Minor","Driver","Had Not Been Drinking","North","Stopped","Car","None Apparent","1","Not Applicable","Not Applicable"
"CR-0000086905","ACV-0000177736","F","48","","Not Applicable","Bicycle","Impairment Not Known","East","Traveling Wrong Way","Bicycle","Unknown","1","21650","Driving Wrong Side"
"CR-0000086899","ACV-0000177726","","0","","Minor","Parked","Not Applicable","Not Applicable","Parked","Car","Unknown","1","Unknown","Unknown"
"CR-0000086904","ACV-0000177735","F","38","","Minor","Driver","Impairment Not Known","East","Stopped","Car","None Apparent","1","Not Applicable","Not Applicable"
"CR-0000086905","ACV-0000177737","F","35","","Minor","Driver","Had Not Been Drinking","South","Making Right Turn","Car","Unknown","1","Not Applicable","Not Applicable"
"CR-0000086902","ACV-0000177732","M","34","","Major","Driver","Impairment Not Known","East","Making Left Turn","Car","Inattention","1","21801","Yield Left Turn"
"CR-0000086904","ACV-0000177734","F","56","","Minor","Driver","Impairment Not Known","East","Proceeding Straight","Car","None Apparent","1","22350","Speeding"
"CR-0000086906","ACV-0000177738","","0","","Unknown","Driver","Impairment Not Known","South","Proceeding Straight","Car","Other Violation","1","22350","Speeding"
"CR-0000086906","ACV-0000177739","M","62","","Moderate","Driver","Had Not Been Drinking","South","Stopped","Car","None Apparent","1","Not Applicable","Not Applicable"
"CR-0000086906","ACV-0000177740","M","45","","Minor","Driver","Had Not Been Drinking","South","Stopped","Car","Unknown","1","Not Applicable","Not Applicable"
"CR-0000086907","ACV-0000177741","F","0","","Unknown","Driver","Impairment Not Known","North","Proceeding Straight","Car","Other Violation","1","22450","Fail Stop/Sign"
"CR-0000086907","ACV-0000177742","M","41","","Moderate","Driver","Had Not Been Drinking","East","Proceeding Straight","Car","None Apparent","1","Not Applicable","Not Applicable"
"CR-0000086908","ACV-0000177743","M","42","","Major","Driver","Impairment Not Known","South","Proceeding Straight","Motorcycle/Moped","None Apparent","1","22350","Speeding"
"CR-0000086909","ACV-0000177745","M","47","","Unknown","Driver","Impairment Not Known","Unknown","Stopped","Car","Unknown","1","Unknown","Unknown"
"CR-0000086908","ACV-0000177744","","0","","Minor","Parked","Not Applicable","Not Applicable","Parked","Car","None Apparent","1","Not Applicable","Not Applicable"
"CR-0000086909","ACV-0000177746","M","69","","Unknown","Driver","Impairment Not Known","Unknown","Proceeding Straight","Car","Unknown","1","Unknown","Unknown"
"CR-0000086929","ACV-0000177785","","0","","Unknown","Driver","Impairment Not Known","North","Making Left Turn","Car","Unknown","1","Unknown","Unknown"
"CR-0000086917","ACV-0000177761","","0","","Unknown","Driver","Impairment Not Known","Unknown","Changing Lanes","Car","Unknown","1","Unknown","Unknown"
"CR-0000086910","ACV-0000177747","F","0","","Unknown","Driver","Impairment Not Known","North","Changing Lanes","Car","Unknown","1","Unknown","Unknown"
"CR-0000086937","ACV-0000177801","","0","","Unknown","Driver","Impairment Not Known","West","Making Right Turn","Panel Truck","Unknown","1","Unknown","Unknown"
"CR-0000086951","ACV-0000177829","F","0","","Unknown","Driver","Impairment Not Known","South","Changing Lanes","Car","Other Violation","1","22107","Unsafe Turn Movement"
"CR-0000086930","ACV-0000177787","M","29","","Moderate","Driver","Had Not Been Drinking","South","Proceeding Straight","Car","Other Violation","1","22350","Speeding"
"CR-0000086915","ACV-0000177758","F","21","","Unknown","Driver","Impairment Not Known","Unknown","Proceeding Straight","Car","Unknown","1","Unknown","Unknown"
"CR-0000086913","ACV-0000177753","M","0","","Unknown","Driver","Impairment Not Known","South","Changing Lanes","Car","Unknown","1","Unknown","Unknown"
"CR-0000086956","ACV-0000177838","M","50","","Totaled","Driver","Had Not Been Drinking","South","Making Right Turn","Car","None Apparent","1","22107","Unsafe Turn Movement"
"CR-0000086932","ACV-0000177792","F","21","","Unknown","Driver","Impairment Not Known","West","Proceeding Straight","Car","Unknown","1","Unknown","Unknown"
"CR-0000086953","ACV-0000177834","F","32","","Minor","Driver","Had Not Been Drinking","West","Making Left Turn","Car","None Apparent","1","Not Applicable","Not Applicable"
"CR-0000086954","ACV-0000177836","M","32","","Moderate","Driver","Had Not Been Drinking","South","Stopped","Car","None Apparent","1","Not Applicable","Not Applicable"
"CR-0000086939","ACV-0000177807","M","45","","Minor","Driver","Had Not Been Drinking","South","Stopped","Semi Truck","None Apparent","1","Not Applicable","Not Applicable"
"CR-0000086948","ACV-0000177823","M","31","","Moderate","Driver","Had Not Been Drinking","North","Proceeding Straight","Car","None Apparent","1","Not Applicable","Not Applicable"
"CR-0000086926","ACV-0000177779","","0","","Unknown","Driver","Impairment Not Known","Unknown","Proceeding Straight","Car","Unknown","1","Unknown","Unknown"
"CR-0000086928","ACV-0000177783","","0","","Unknown","Driver","Impairment Not Known","Unknown","Unknown","Car","Unknown","1","Unknown","Unknown"
"CR-0000086939","ACV-0000177808","M","26","","Major","Driver","Had Not Been Drinking","South","Making Right Turn","Panel Truck","None Apparent","1","Not Applicable","Not Applicable"
"CR-0000086954","ACV-0000177835","","0","","Unknown","Driver","Impairment Not Known","South","Making U-Turn","Car","Other Violation","1","22107","Unsafe Turn Movement"
"CR-0000086930","ACV-0000177788","F","50","","Moderate","Driver","Had Not Been Drinking","West","Proceeding Straight","Car","None Apparent","1","Not Applicable","Not Applicable"
"CR-0000086939","ACV-0000177806","M","34","","Major","Driver","Had Not Been Drinking","North","Making Left Turn","Car","None Apparent","1","Not Applicable","Not Applicable"
"CR-0000086933","ACV-0000177794","M","41","","Minor","Driver","Impairment Not Known","West","Proceeding Straight","Car","Unknown","1","Not Applicable","Not Applicable"
"CR-0000086944","ACV-0000177817","M","40","","Moderate","Driver","Had Not Been Drinking","South","Making Left Turn","Car","None Apparent","1","Not Applicable","Not Applicable"
"CR-0000086927","ACV-0000177781","","0","","Unknown","Driver","Impairment Not Known","Unknown","Proceeding Straight","Panel Truck","Unknown","1","Unknown","Unknown"
"CR-0000086924","ACV-0000177776","M","59","","Unknown","Driver","Impairment Not Known","West","Proceeding Straight","Car","Unknown","1","Unknown","Unknown"
"CR-0000086952","ACV-0000177832","M","0","","Not Applicable","Pedestrian","Impairment Not Known","North","Proceeding Straight","Pedestrian","None Apparent","1","Not Applicable","Not Applicable"
"CR-0000086922","ACV-0000177772","M","39","","Unknown","Driver","Impairment Not Known","South","Slowing/Stopping","Car","Unknown","1","Unknown","Unknown"
"CR-0000086912","ACV-0000177751","","0","","Unknown","Driver","Impairment Not Known","East","Proceeding Straight","Car","Unknown","1","Unknown","Unknown"
"CR-0000086910","ACV-0000177748","F","19","","Unknown","Driver","Impairment Not Known","North","Proceeding Straight","Car","Unknown","1","Unknown","Unknown"
"CR-0000086920","ACV-0000177768","M","49","","Unknown","Driver","Impairment Not Known","Unknown","Stopped","Car","Unknown","1","Unknown","Unknown"
"CR-0000086938","ACV-0000177804","M","55","","Not Applicable","Pedestrian","Impairment Not Known","East","Other (Ped)","Pedestrian","None Apparent","1","Not Applicable","Not Applicable"
"CR-0000086918","ACV-0000177763","M","49","","Unknown","Driver","Impairment Not Known","South","Backing","Car","Unknown","1","Unknown","Unknown"
"CR-0000086913","ACV-0000177754","F","23","","Unknown","Driver","Impairment Not Known","South","Stopped","Car","Unknown","1","Unknown","Unknown"
"CR-0000086940","ACV-0000177810","F","32","","Not Applicable","Pedestrian","Had Not Been Drinking","South","Proceeding Straight","Pedestrian","None Apparent","1","Not Applicable","Not Applicable"
"CR-0000086931","ACV-0000177790","M","20","","Unknown","Driver","Impairment Not Known","South","Proceeding Straight","Car","Unknown","1","Unknown","Unknown"
"CR-0000086939","ACV-0000177805","F","35","","Major","Driver","Had Not Been Drinking","North","Proceeding Straight","Car","Inattention","1","22350","Speeding"
"CR-0000086937","ACV-0000177802","","0","","Unknown","Parked","Not Applicable","Not Applicable","Parked","Car","Unknown","1","Unknown","Unknown"
"CR-0000086916","ACV-0000177760","F","63","","Unknown","Driver","Impairment Not Known","Unknown","Proceeding Straight","Car","Unknown","1","Unknown","Unknown"
"CR-0000086950","ACV-0000177827","","0","","Unknown","Driver","Impairment Not Known","West","Backing","Panel Truck","None Apparent","1","22106","Unsafe Backing"
"CR-0000086946","ACV-0000177819","M","20","","Major","Driver","Had Not Been Drinking","West","Proceeding Straight","Car","None Apparent","1","22107","Unsafe Turn Movement"
"CR-0000086923","ACV-0000177774","M","46","","Unknown","Driver","Impairment Not Known","North","Proceeding Straight","Car","Unknown","1","Unknown","Unknown"
"CR-0000086934","ACV-0000177796","F","66","","Unknown","Driver","Impairment Not Known","Unknown","Slowing/Stopping","Car","Unknown","1","Unknown","Unknown"
"CR-0000086951","ACV-0000177830","M","21","","Minor","Driver","Had Not Been Drinking","South","Stopped","Car","None Apparent","1","Not Applicable","Not Applicable"
"CR-0000086914","ACV-0000177755","","0","","Unknown","Driver","Impairment Not Known","Unknown","Proceeding Straight","Car","Unknown","1","Unknown","Unknown"
"CR-0000086915","ACV-0000177757","","0","","Unknown","Driver","Impairment Not Known","Unknown","Making Left Turn","Car","Unknown","1","Unknown","Unknown"
"CR-0000086928","ACV-0000177784","F","44","","Unknown","Driver","Impairment Not Known","North","Backing","Car","Unknown","1","Unknown","Unknown"
"CR-0000086947","ACV-0000177821","","58","","Major","Parked","Not Applicable","Not Applicable","Parked","Car","None Apparent","1","Not Applicable","Not Applicable"
"CR-0000086936","ACV-0000177799","F","21","","Moderate","Driver","Had Not Been Drinking","West","Making Right Turn","Car","None Apparent","1","21804","Yield From Driveway/Curb"
"CR-0000086942","ACV-0000177813","M","28","","Minor","Driver","Had Not Been Drinking","South","Proceeding Straight","Panel Truck","None Apparent","1","21950","Yield Pedestrian In Crosswalk"
"CR-0000086931","ACV-0000177789","M","34","","Unknown","Driver","Impairment Not Known","East","Making Right Turn","Car","Unknown","1","Unknown","Unknown"
"CR-0000086925","ACV-0000177777","","0","","Unknown","Driver","Impairment Not Known","Unknown","Making Right Turn","Car","Unknown","1","Unknown","Unknown"
"CR-0000086914","ACV-0000177756","F","33","","Unknown","Driver","Impairment Not Known","Unknown","Changing Lanes","Car","Unknown","1","Unknown","Unknown"
"CR-0000086924","ACV-0000177775","","0","","Unknown","Driver","Impairment Not Known","West","Proceeding Straight","Car","Unknown","1","Unknown","Unknown"