"CrashName","Name","Sex","Age","Speed","VehicleDamage","PartyCategory","Sobriety","VehicleDirection","MovementPrecedingCollision","PartyType","OtherAssociatedFactor","VehicleCount","ViolationCode","ViolationCodeDescription"
"CR-0000087028","ACV-0000177983","","0","","Minor","Parked","Not Applicable","Not Applicable","Parked","Panel Truck","None Apparent","1","Not Applicable","Not Applicable"
"CR-0000087034","ACV-0000177996","","0","","Major","Parked","Not Applicable","Not Applicable","Parked","Car","None Apparent","1","Not Applicable","Not Applicable"
"CR-0000087032","ACV-0000177990","F","26","","Major","Driver","Had Not Been Drinking","South","Proceeding Straight","Car","None Apparent","1","Unknown","Unknown"
"CR-0000087027","ACV-0000177979","M","31","","Moderate","Driver","Had Not Been Drinking","North","Slowing/Stopping","Car","None Apparent","1","Not Applicable","Not Applicable"
"CR-0000087038","ACV-0000178005","","0","","Minor","Parked","Not Applicable","Not Applicable","Parked","Car","Unknown","1","Not Applicable","Not Applicable"
"CR-0000087031","ACV-0000177989","F","18","","Unknown","Driver","Impairment Not Known","East","Stopped","Car","Unknown","1","Unknown","Unknown"
"CR-0000087033","ACV-0000177993","","0","","Unknown","Parked","Not Applicable","Not Applicable","Parked","Car","Unknown","1","Unknown","Unknown"
"CR-0000087028","ACV-0000177981","","0","","Unknown","Driver","Impairment Not Known","East","Making Left Turn","Panel Truck","Other Violation","1","22450","Fail Stop/Sign"
"CR-0000087042","ACV-0000178013","F","27","","Unknown","Driver","Had Not Been Drinking","South","Proceeding Straight","Car","Unknown","1","Not Applicable","Not Applicable"
"CR-0000087036","ACV-0000177999","","0","","Unknown","Driver","Impairment Not Known","West","Unknown","Car","Other Violation","1","Not Applicable","Not Applicable"
"CR-0000087032","ACV-0000177991","F","81","","Major","Driver","Had Not Been Drinking","West","Proceeding Straight","Car","None Apparent","1","Unknown","Unknown"
"CR-0000087041","ACV-0000178011","M","51","","Minor","Driver","Had Not Been Drinking","West","Stopped","Panel Truck","None Apparent","1","Not Applicable","Not Applicable"
"CR-0000087038","ACV-0000178003","","0","","Major","Parked","Not Applicable","Not Applicable","Parked","Car","Unknown","1","Not Applicable","Not Applicable"
"CR-0000087027","ACV-0000177980","","0","","Moderate","Parked","Not Applicable","Not Applicable","Parked","Car","None Apparent","1","Not Applicable","Not Applicable"
"CR-0000087030","ACV-0000177986","M","21","","Major","Driver","Had Not Been Drinking","South","Making Left Turn","Car","None Apparent","1","22350","Speeding"
"CR-0000087034","ACV-0000177995","","0","","Major","Parked","Not Applicable","Not Applicable","Parked","Car","None Apparent","1","Not Applicable","Not Applicable"
"CR-0000087039","ACV-0000178007","F","25","","Moderate","Driver","Had Not Been Drinking","West","Making Right Turn","Car","None Apparent","1","22450","Fail Stop/Sign"
"CR-0000087027","ACV-0000177977","","0","","Moderate","Driver","Impairment Not Known","North","Proceeding Straight","Car","Other Violation","1","22350","Speeding"
"CR-0000087037","ACV-0000178001","","0","","Moderate","Parked","Not Applicable","Not Applicable","Parked","Car","Unknown","1","Not Applicable","Not Applicable"
"CR-0000087038","ACV-0000178004","","0","","Major","Parked","Not Applicable","Not Applicable","Parked","Car","Unknown","1","Not Applicable","Not Applicable"
"CR-0000087027","ACV-0000177978","F","39","","Moderate","Driver","Had Not Been Drinking","North","Slowing/Stopping","Car","None Apparent","1","Not Applicable","Not Applicable"
"CR-0000087030","ACV-0000177987","","0","","Minor","Parked","Not Applicable","Not Applicable","Parked","Car","None Apparent","1","Not Applicable","Not Applicable"
"CR-0000087031","ACV-0000177988","M","0","","Unknown","Driver","Impairment Not Known","East","Passing Other Vehicles","Car","Unknown","1","Unknown","Unknown"
"CR-0000087035","ACV-0000177997","","0","","Major","Driver","Impairment Not Known","West","Proceeding Straight","Car","Other Violation","1","22350","Speeding"
"CR-0000087028","ACV-0000177982","M","29","","Minor","Driver","Had Not Been Drinking","North","Proceeding Straight","Car","None Apparent","1","Not Applicable","Not Applicable"
"CR-0000087038","ACV-0000178002","","0","","Major","Driver","Impairment Not Known","North","Ran Off Road","Car","Other Violation","1","22107","Unsafe Turn Movement"
"CR-0000087029","ACV-0000177984","","0","","Unknown","Driver","Impairment Not Known","West","Backing","Panel Truck","Other Violation","1","22106","Unsafe Backing"
"CR-0000087036","ACV-0000177998","","0","","Major","Driver","Impairment Not Known","West","Proceeding Straight","Car","Other Violation","1","22350","Speeding"
"CR-0000087039","ACV-0000178008","M","82","","Minor","Driver","Had Not Been Drinking","North","Proceeding Straight","Car","None Apparent","1","Not Applicable","Not Applicable"
"CR-0000087029","ACV-0000177985","","0","","Moderate","Parked","Not Applicable","Not Applicable","Parked","Car","Unknown","1","Not Applicable","Not Applicable"
"CR-0000087033","ACV-0000177992","","0","","Unknown","Driver","Impairment Not Known","Unknown","Other Unsafe Turning","Car","Unknown","1","Unknown","Unknown"
"CR-0000087034","ACV-0000177994","F","26","","Major","Driver","Impairment Not Known","South","Proceeding Straight","Car","None Apparent","1","21651","Divided Highway"
"CR-0000087041","ACV-0000178010","","0","","Unknown","Driver","Impairment Not Known","West","Proceeding Straight","Car","Other Violation","1","22350","Speeding"
"CR-0000087043","ACV-0000178015","","0","","Minor","Parked","Not Applicable","Not Applicable","Parked","Panel Truck","None Apparent","1","Not Applicable","Not Applicable"
"CR-0000087044","ACV-0000178017","M","44","","Moderate","Driver","Had Been Drinking - Not Under Influence","South","Proceeding Straight","Car","None Apparent","1","Unknown","Unknown"
"CR-0000087044","ACV-0000178018","M","51","","Not Applicable","Pedestrian","Impairment Not Known","Not Applicable","Other (Ped)","Pedestrian","None Apparent","1","Unknown","Unknown"
"CR-0000087045","ACV-0000178020","F","38","","Major","Driver","Had Been Drinking - Under Influence","West","Making Right Turn","Car","Under Influence","1","22350","Speeding"
"CR-0000087045","ACV-0000178022","","0","","Moderate","Parked","Not Applicable","Not Applicable","Parked","Car","Unknown","1","Not Applicable","Not Applicable"
"CR-0000087052","ACV-0000178036","","0","","Major","Driver","Impairment Not Known","East","Proceeding Straight","Panel Truck","Other Violation","1","22450","Fail Stop/Sign"
"CR-0000087048","ACV-0000178027","M","23","","Major","Driver","Had Been Drinking - Not Under Influence","South","Proceeding Straight","Car","None Apparent","1","22350","Speeding"
"CR-0000087051","ACV-0000178034","F","24","","None","Driver","Impairment Not Known","North","Proceeding Straight","Car","None Apparent","1","21802","Yield Stop Sign"
"CR-0000087051","ACV-0000178035","F","55","","None","Driver","Impairment Not Known","East","Proceeding Straight","Car","None Apparent","1","Not Applicable","Not Applicable"
"CR-0000087049","ACV-0000178031","F","21","","Moderate","Driver","Had Not Been Drinking","North","Making Left Turn","Car","Unknown","1","Not Applicable","Not Applicable"
"CR-0000087043","ACV-0000178016","","0","","Minor","Parked","Not Applicable","Not Applicable","Parked","Car","None Apparent","1","Not Applicable","Not Applicable"
"CR-0000087057","ACV-0000178044","F","79","","Totaled","Driver","Impairment Not Known","South","Traveling Wrong Way","Car","Unknown","1","22107","Unsafe Turn Movement"
"CR-0000087044","ACV-0000178019","","0","","Moderate","Parked","Not Applicable","Not Applicable","Parked","Car","Unknown","1","Unknown","Unknown"
"CR-0000087076","ACV-0000178083","M","45","","Minor","Driver","Had Not Been Drinking","South","Making Left Turn","Car","None Apparent","1","Not Applicable","Not Applicable"
"CR-0000087046","ACV-0000178024","","0","","Moderate","Parked","Not Applicable","Not Applicable","Parked","Car","Unknown","1","Not Applicable","Not Applicable"
"CR-0000087049","ACV-0000178030","F","33","","Major","Driver","Had Not Been Drinking","East","Proceeding Straight","Car","Unknown","1","21453","Run Red Light"
"CR-0000087053","ACV-0000178039","M","53","","Minor","Driver","Had Not Been Drinking","South","Making U-Turn","Car","None Apparent","1","Not Applicable","Not Applicable"
"CR-0000087062","ACV-0000178056","F","19","","Major","Driver","Had Not Been Drinking","North","Proceeding Straight","Car","None Apparent","1","Not Applicable","Not Applicable"
"CR-0000087048","ACV-0000178029","M","35","","Minor","Driver","Had Been Drinking - Not Under Influence","West","Stopped","Car","None Apparent","1","Not Applicable","Not Applicable"
"CR-0000087053","ACV-0000178038","F","41","","Minor","Driver","Had Not Been Drinking","South","Proceeding Straight","Car","None Apparent","1","22350","Speeding"
"CR-0000087060","ACV-0000178057","","0","","Moderate","Parked","Not Applicable","Not Applicable","Parked","Car","None Apparent","1","Not Applicable","Not Applicable"
"CR-0000087057","ACV-0000178045","M","29","","Totaled","Driver","Impairment Not Known","North","Proceeding Straight","Car","Unknown","1","Not Applicable","Not Applicable"
"CR-0000087059","ACV-0000178048","M","45","","Major","Driver","Had Not Been Drinking","East","Proceeding Straight","Panel Truck","Other Violation","1","22350","Speeding"
"CR-0000087061","ACV-0000178051","M","18","","None","Driver","Had Not Been Drinking","West","Other Unsafe Turning","Car","Other Violation","1","22107","Unsafe Turn Movement"
"CR-0000087059","ACV-0000178049","M","22","","Moderate","Driver","Had Not Been Drinking","East","Stopped","Car","None Apparent","1","Not Applicable","Not Applicable"
"CR-0000087046","ACV-0000178023","M","20","","Unknown","Driver","Impairment Not Known","West","Making Right Turn","Car","Other Violation","1","22350","Speeding"
"CR-0000087047","ACV-0000178025","M","29","","Moderate","Driver","Had Been Drinking - Under Influence","South","Proceeding Straight","Car","Other Violation","1","22350","Speeding"
"CR-0000087060","ACV-0000178050","M","35","","Moderate","Driver","Had Been Drinking - Under Influence","North","Proceeding Straight","Panel Truck","Other Violation","1","22107","Unsafe Turn Movement"
"CR-0000087068","ACV-0000178068","M","18","","Major","Driver","Had Not Been Drinking","West","Making Left Turn","Car","Inattention","1","22350","Speeding"
"CR-0000087048","ACV-0000178028","M","41","","Major","Driver","Had Been Drinking - Not Under Influence","West","Stopped","Car","None Apparent","1","Not Applicable","Not Applicable"
"CR-0000087052","ACV-0000178037","M","39","","Major","Driver","Had Not Been Drinking","North","Proceeding Straight","Car","None Apparent","1","Not Applicable","Not Applicable"
"CR-0000087054","ACV-0000178040","M","37","","Major","Driver","Had Been Drinking - Not Under Influence","West","Ran Off Road","Car","None Apparent","1","22350","Speeding"
"CR-0000087055","ACV-0000178041","F","45","","Major","Driver","Sleepy/Fatigued","North","Proceeding Straight","Car","Other Violation","1","Not Applicable","Not Applicable"
"CR-0000087056","ACV-0000178042","F","59","","Not Applicable","Pedestrian","Had Been Drinking - Under Influence","Not Applicable","Entering Traffic","Pedestrian","None Apparent","1","Unknown","Unknown"
"CR-0000087071","ACV-0000178074","F","41","","Unknown","Driver","Had Not Been Drinking","South","Making Left Turn","Car","None Apparent","1","Not Applicable","Not Applicable"
"CR-0000087075","ACV-0000178081","M","47","","Minor","Driver","Impairment Not Known","East","Proceeding Straight","Car","None Apparent","1","Not Applicable","Not Applicable"
"CR-0000087050","ACV-0000178032","","0","","Unknown","Driver","Impairment Not Known","South","Proceeding Straight","Car","Other Violation","1","22450","Fail Stop/Sign"
"CR-0000087043","ACV-0000178014","","0","","Major","Driver","Impairment Not Known","South","Proceeding Straight","Car","Other Violation","1","21658","Unsafe Lane Change"
"CR-0000087045","ACV-0000178021","","0","","Moderate","Parked","Not Applicable","Not Applicable","Parked","Car","Unknown","1","Not Applicable","Not Applicable"
"CR-0000087058","ACV-0000178047","M","53","","Moderate","Driver","Had Not Been Drinking","South","Proceeding Straight","Car","Unknown","1","Unknown","Unknown"
"CR-0000087063","ACV-0000178058","M","36","","Moderate","Driver","Impairment Not Known","South","Making Left Turn","Car","Other Violation","1","22107","Unsafe Turn Movement"
"CR-0000087064","ACV-0000178060","F","26","","Moderate","Driver","Had Not Been Drinking","South","Making Right Turn","Car","None Apparent","1","22350","Speeding"
"CR-0000087067","ACV-0000178066","M","30","","Major","Driver","Had Not Been Drinking","North","Making Left Turn","Car","Other Violation","1","21801","Yield Left Turn"
"CR-0000087074","ACV-0000178079","M","50","","None","Driver","Had Not Been Drinking","East","Making Left Turn","Motorcycle/Moped","None Apparent","1","Not Applicable","Not Applicable"
"CR-0000087060","ACV-0000178053","","0","","Minor","Parked","Not Applicable","Not Applicable","Parked","Car","None Apparent","1","Not Applicable","Not Applicable"
"CR-0000087050","ACV-0000178033","","50","","Minor","Driver","Impairment Not Known","West","Proceeding Straight","Car","None Apparent","1","Not Applicable","Not Applicable"
"CR-0000087058","ACV-0000178046","F","34","","Moderate","Driver","Had Not Been Drinking","West","Proceeding Straight","Car","Unknown","1","Unknown","Unknown"
"CR-0000087063","ACV-0000178059","","0","","Moderate","Parked","Not Applicable","Not Applicable","Parked","Panel Truck","Unknown","1","Not Applicable","Not Applicable"
"CR-0000087069","ACV-0000178069","F","51","","Minor","Driver","Impairment Not Known","North","Making Right Turn","Car","None Apparent","1","22107","Unsafe Turn Movement"
"CR-0000087067","ACV-0000178067","M","43","","Major","Driver","Had Not Been Drinking","West","Proceeding Straight","Car","None Apparent","1","Not Applicable","Not Applicable"
"CR-0000087071","ACV-0000178073","M","20","","Major","Driver","Had Not Been Drinking","West","Proceeding Straight","Car","None Apparent","1","21453","Run Red Light"
"CR-0000087066","ACV-0000178065","F","71","","Moderate","Driver","Had Not Been Drinking","West","Making Right Turn","Car","Unknown","1","Not Applicable","Not Applicable"
"CR-0000087073","ACV-0000178076","M","42","","Moderate","Driver","Had Not Been Drinking","North","Proceeding Straight","Car","None Apparent","1","21453","Run Red Light"
"CR-0000087072","ACV-0000178075","M","31","","Moderate","Driver","Had Not Been Drinking","Unknown","Other Unsafe Turning","Car","None Apparent","1","22107","Unsafe Turn Movement"
"CR-0000087076","ACV-0000178082","M","62","","Minor","Driver","Had Not Been Drinking","West","Making Left Turn","Car","None Apparent","1","21801","Yield Left Turn"
"CR-0000087047","ACV-0000178026","","0","","Moderate","Parked","Not Applicable","Not Applicable","Parked","Car","None Apparent","1","Not Applicable","Not Applicable"
"CR-0000087062","ACV-0000178055","F","44","","Major","Driver","Had Not Been Drinking","South","Making Left Turn","Car","None Apparent","1","21453","Run Red Light"
"CR-0000087065","ACV-0000178063","M","30","","Not Applicable","Bicycle","Had Not Been Drinking","East","Proceeding Straight","Bicycle","Inattention","1","Unknown","Unknown"
"CR-0000087066","ACV-0000178064","M","0","","Minor","Driver","Impairment Not Known","West","Proceeding Straight","Car","Other Violation","1","22350","Speeding"
"CR-0000087077","ACV-0000178084","M","51","","Major","Driver","Had Not Been Drinking","West","Making U-Turn","Car","None Apparent","1","00001","Other Improper Driving"
"CR-0000087069","ACV-0000178070","F","20","","Not Applicable","Pedestrian","Impairment Not Known","North","Other (Ped)","Pedestrian","None Apparent","1","Not Applicable","Not Applicable"
"CR-0000087056","ACV-0000178043","M","51","","None","Driver","Had Not Been Drinking","East","Proceeding Straight","Bus - Other","None Apparent","1","Unknown","Unknown"
"CR-0000087061","ACV-0000178052","F","52","","Minor","Driver","Had Not Been Drinking","West","Proceeding Straight","Car","None Apparent","1","Not Applicable","Not Applicable"
"CR-0000087064","ACV-0000178061","M","22","","Moderate","Driver","Had Not Been Drinking","South","Making Right Turn","Car","None Apparent","1","Not Applicable","Not Applicable"
"CR-0000087077","ACV-0000178085","M","48","","Moderate","Driver","Had Not Been Drinking","West","Proceeding Straight","Bus - Other","None Apparent","1","Not Applicable","Not Applicable"
"CR-0000087079","ACV-0000178087","F","67","","Unknown","Driver","Impairment Not Known","South","Stopped","Car","None Apparent","1","Not Applicable","Not Applicable"
"CR-0000087065","ACV-0000178062","M","58","","Minor","Driver","Had Not Been Drinking","East","Making Right Turn","Panel Truck","Inattention","1","Unknown","Unknown"
"CR-0000087070","ACV-0000178071","M","31","","Major","Driver","Had Not Been Drinking","South","Proceeding Straight","Car","None Apparent","1","21453","Run Red Light"
"CR-0000087078","ACV-0000178086","M","22","","Moderate","Driver","Sleepy/Fatigued","North","Proceeding Straight","Car","None Apparent","1","22350","Speeding"
"CR-0000087079","ACV-0000178088","F","23","","Not Applicable","Driver","Impairment Not Known","South","Proceeding Straight","Car","None Apparent","1","Not Applicable","Not Applicable"
"CR-0000087060","ACV-0000178054","","0","","Minor","Parked","Not Applicable","Not Applicable","Parked","Car","None Apparent","1","Not Applicable","Not Applicable"
"CR-0000087070","ACV-0000178072","F","22","","Major","Driver","Had Not Been Drinking","East","Proceeding Straight","Car","None Apparent","1","Not Applicable","Not Applicable"
"CR-0000087073","ACV-0000178077","F","42","","Major","Driver","Had Not Been Drinking","South","Making Left Turn","Car","None Apparent","1","Not Applicable","Not Applicable"
"CR-0000087074","ACV-0000178078","F","37","","Minor","Driver","Had Not Been Drinking","North","Making U-Turn","Emergency Vehicle","Inattention","1","22103","Unsafe U-Turn"
"CR-0000087075","ACV-0000178080","M","59","","Minor","Driver","Impairment Not Known","South","Proceeding Straight","Car","None Apparent","1","21453","Run Red Light"
"CR-0000087080","ACV-0000178089","M","36","","Minor","Driver","Impairment Not Known","West","Proceeding Straight","Motorcycle/Moped","None Apparent","1","Unknown","Unknown"
"CR-0000087082","ACV-0000178093","M","24","","Major","Driver","Impairment Not Known","West","Proceeding Straight","Car","None Apparent","1","Unknown","Unknown"
"CR-0000087082","ACV-0000178094","","0","","Minor","Parked","Not Applicable","Not Applicable","Parked","Car","Unknown","1","Unknown","Unknown"
"CR-0000087081","ACV-0000178090","M","79","","Not Applicable","Pedestrian","Had Not Been Drinking","North","Stopped","Pedestrian","Unknown","1","Unknown","Unknown"
"CR-0000087081","ACV-0000178091","M","30","","Minor","Driver","Impairment Not Known","East","Proceeding Straight","Car","Unknown","1","Unknown","Unknown"
"CR-0000087082","ACV-0000178092","","0","","Major","Driver","Impairment Not Known","North","Proceeding Straight","Car","None Apparent","1","Unknown","Unknown"
"CR-0000087085","ACV-0000178095","F","24","","Moderate","Driver","Had Not Been Drinking","South","Passing Other Vehicles","Car","None Apparent","1","21460","Driving Over Centerline"
"CR-0000087092","ACV-0000178108","M","53","","Moderate","Driver","Had Not Been Drinking","East","Stopped","Panel Truck","None Apparent","1","Not Applicable","Not Applicable"
"CR-0000087088","ACV-0000178100","","0","","Unknown","Driver","Impairment Not Known","Unknown","Unknown","Unknown","Other Violation","1","Unknown","Unknown"
"CR-0000087088","ACV-0000178101","","0","","Unknown","Parked","Not Applicable","Not Applicable","Parked","Car","Unknown","1","Unknown","Unknown"
"CR-0000087089","ACV-0000178102","","0","","Unknown","Driver","Impairment Not Known","South","Unknown","Car","Unknown","1","Unknown","Unknown"
"CR-0000087085","ACV-0000178096","F","44","","Moderate","Driver","Had Not Been Drinking","South","Making Left Turn","Car","None Apparent","1","Not Applicable","Not Applicable"
"CR-0000087086","ACV-0000178098","F","19","","Unknown","Driver","Impairment Not Known","East","Proceeding Straight","Car","Unknown","1","Unknown","Unknown"
"CR-0000087086","ACV-0000178097","M","54","","Unknown","Driver","Impairment Not Known","North","Proceeding Straight","Car","Unknown","1","Unknown","Unknown"
"CR-0000087087","ACV-0000178099","M","39","","Minor","Driver","Impairment Not Known","North","Proceeding Straight","Panel Truck","Unknown","1","Unknown","Unknown"
"CR-0000087090","ACV-0000178104","M","40","","Unknown","Driver","Had Not Been Drinking","East","Proceeding Straight","Car","Unknown","1","21651","Divided Highway"
"CR-0000087098","ACV-0000178118","","0","","Unknown","Parked","Not Applicable","Not Applicable","Parked","Panel Truck","Unknown","1","Unknown","Unknown"
"CR-0000087099","ACV-0000178119","M","0","","Unknown","Driver","Impairment Not Known","East","Backing","Car","Unknown","1","Unknown","Unknown"
"CR-0000087100","ACV-0000178121","","0","","Unknown","Driver","Impairment Not Known","North","Making Right Turn","Car","Unknown","1","Unknown","Unknown"
"CR-0000087089","ACV-0000178103","","0","","Unknown","Parked","Not Applicable","Not Applicable","Parked","Car","Unknown","1","Unknown","Unknown"
"CR-0000087093","ACV-0000178110","F","21","","Unknown","Driver","Impairment Not Known","Unknown","Proceeding Straight","Car","Unknown","1","Unknown","Unknown"
"CR-0000087094","ACV-0000178111","M","0","","Unknown","Driver","Impairment Not Known","North","Proceeding Straight","Car","Unknown","1","Unknown","Unknown"
"CR-0000087091","ACV-0000178105","M","45","","Unknown","Driver","Impairment Not Known","Unknown","Proceeding Straight","Panel Truck","Unknown","1","Unknown","Unknown"
"CR-0000087092","ACV-0000178107","M","37","","Moderate","Driver","Had Not Been Drinking","East","Proceeding Straight","Car","None Apparent","1","22350","Speeding"
"CR-0000087096","ACV-0000178114","","0","","Unknown","Parked","Not Applicable","Not Applicable","Parked","Car","Unknown","1","Unknown","Unknown"
"CR-0000087091","ACV-0000178106","F","36","","Unknown","Pedestrian","Impairment Not Known","Unknown","Other (Ped)","Pedestrian","Unknown","1","Unknown","Unknown"
"CR-0000087093","ACV-0000178109","M","0","","Unknown","Driver","Impairment Not Known","Unknown","Other Unsafe Turning","Car","Unknown","1","Unknown","Unknown"
"CR-0000087097","ACV-0000178115","F","0","","Unknown","Driver","Impairment Not Known","West","Making Right Turn","Car","Other Violation","1","22107","Unsafe Turn Movement"
"CR-0000087108","ACV-0000178137","","0","","Unknown","Driver","Impairment Not Known","North","Proceeding Straight","Car","Unknown","1","Unknown","Unknown"
"CR-0000087109","ACV-0000178139","M","64","","Unknown","Driver","Impairment Not Known","South","Making Right Turn","Car","Unknown","1","Unknown","Unknown"
"CR-0000087109","ACV-0000178140","F","46","","Unknown","Pedestrian","Impairment Not Known","East","Other (Ped)","Pedestrian","Unknown","1","Unknown","Unknown"
"CR-0000087094","ACV-0000178112","M","69","","Unknown","Driver","Impairment Not Known","West","Making Right Turn","Car","Unknown","1","Unknown","Unknown"
"CR-0000087096","ACV-0000178113","","0","","Unknown","Driver","Impairment Not Known","North","Unknown","Car","Unknown","1","Unknown","Unknown"
"CR-0000087103","ACV-0000178127","M","0","","Unknown","Driver","Impairment Not Known","South","Proceeding Straight","Car","Unknown","1","Unknown","Unknown"
"CR-0000087097","ACV-0000178116","F","76","","Unknown","Driver","Had Not Been Drinking","West","Stopped","Car","None Apparent","1","Not Applicable","Not Applicable"
"CR-0000087099","ACV-0000178120","","0","","Unknown","Parked","Not Applicable","Not Applicable","Parked","Car","Unknown","1","Unknown","Unknown"
"CR-0000087101","ACV-0000178123","","0","","Unknown","Driver","Impairment Not Known","Unknown","Unknown","Unknown","Unknown","1","Unknown","Unknown"
"CR-0000087098","ACV-0000178117","","0","","Unknown","Driver","Impairment Not Known","Unknown","Unknown","Unknown","Unknown","1","Unknown","Unknown"
"CR-0000087100","ACV-0000178122","F","20","","Unknown","Driver","Impairment Not Known","North","Proceeding Straight","Car","Unknown","1","Unknown","Unknown"
"CR-0000087101","ACV-0000178124","","0","","Unknown","Parked","Not Applicable","Not Applicable","Parked","Car","Unknown","1","Unknown","Unknown"
"CR-0000087111","ACV-0000178143","","0","","Unknown","Driver","Impairment Not Known","West","Making Right Turn","Car","Unknown","1","Unknown","Unknown"
"CR-0000087111","ACV-0000178144","F","13","","Not Applicable","Bicycle","Impairment Not Known","West","Other (Bike)","Bicycle","Unknown","1","Unknown","Unknown"
"CR-0000087112","ACV-0000178145","","0","","Unknown","Driver","Impairment Not Known","East","Proceeding Straight","Unknown","Unknown","1","22350","Speeding"
"CR-0000087103","ACV-0000178128","M","67","","Unknown","Driver","Impairment Not Known","South","Stopped","Car","Unknown","1","Unknown","Unknown"
"CR-0000087104","ACV-0000178129","F","17","","Unknown","Driver","Impairment Not Known","East","Proceeding Straight","Car","Unknown","1","Unknown","Unknown"
"CR-0000087104","ACV-0000178130","F","26","","Unknown","Driver","Impairment Not Known","East","Stopped","Car","Unknown","1","Unknown","Unknown"
"CR-0000087102","ACV-0000178125","","0","","Unknown","Driver","Impairment Not Known","North","Making Right Turn","Car","Unknown","1","Unknown","Unknown"
"CR-0000087102","ACV-0000178126","M","26","","Unknown","Driver","Impairment Not Known","North","Making Right Turn","Car","Unknown","1","Unknown","Unknown"
"CR-0000087105","ACV-0000178132","F","36","","Unknown","Driver","Impairment Not Known","Unknown","Stopped","Car","Unknown","1","Unknown","Unknown"
"CR-0000087105","ACV-0000178131","F","0","","Unknown","Driver","Impairment Not Known","Unknown","Proceeding Straight","Car","Unknown","1","Unknown","Unknown"
"CR-0000087106","ACV-0000178133","","0","","Unknown","Driver","Impairment Not Known","West","Unknown","Unknown","Unknown","1","Unknown","Unknown"
"CR-0000087107","ACV-0000178135","M","78","","Unknown","Driver","Impairment Not Known","East","Merging","Car","Unknown","1","Unknown","Unknown"
"CR-0000087114","ACV-0000178150","","0","","Unknown","Parked","Not Applicable","Not Applicable","Parked","Car","Unknown","1","Unknown","Unknown"
"CR-0000087118","ACV-0000178159","M","40","","Unknown","Driver","Impairment Not Known","East","Stopped","Car","Unknown","1","Unknown","Unknown"
"CR-0000087122","ACV-0000178166","F","23","","Unknown","Driver","Impairment Not Known","East","Making Right Turn","Car","Unknown","1","Unknown","Unknown"
"CR-0000087115","ACV-0000178151","M","51","","Unknown","Driver","Impairment Not Known","Unknown","Proceeding Straight","Car","Unknown","1","Unknown","Unknown"
"CR-0000087115","ACV-0000178153","F","11","","Not Applicable","Pedestrian","Not Applicable","Unknown","Proceeding Straight","Pedestrian","Unknown","1","Unknown","Unknown"
"CR-0000087115","ACV-0000178152","F","30","","Unknown","Pedestrian","Impairment Not Known","Not Applicable","Proceeding Straight","Pedestrian","Unknown","1","Unknown","Unknown"
"CR-0000087106","ACV-0000178134","","0","","Unknown","Parked","Not Applicable","Not Applicable","Parked","Car","Unknown","1","Unknown","Unknown"
"CR-0000087107","ACV-0000178136","F","55","","Unknown","Driver","Impairment Not Known","East","Proceeding Straight","Car","Unknown","1","Unknown","Unknown"
"CR-0000087108","ACV-0000178138","","0","","Unknown","Parked","Not Applicable","Not Applicable","Parked","Car","Unknown","1","Unknown","Unknown"
"CR-0000087110","ACV-0000178142","F","0","","Unknown","Driver","Impairment Not Known","Unknown","Proceeding Straight","Car","Unknown","1","Unknown","Unknown"
"CR-0000087113","ACV-0000178148","F","42","","Unknown","Driver","Impairment Not Known","North","Proceeding Straight","Panel Truck","Unknown","1","Unknown","Unknown"
"CR-0000087116","ACV-0000178154","","0","","Unknown","Driver","Impairment Not Known","Unknown","Unknown","Unknown","Unknown","1","Unknown","Unknown"
"CR-0000087122","ACV-0000178167","F","36","","Unknown","Driver","Impairment Not Known","East","Stopped","Car","Unknown","1","Unknown","Unknown"
"CR-0000087123","ACV-0000178168","M","50","","Unknown","Driver","Impairment Not Known","East","Proceeding Straight","Car","Unknown","1","Unknown","Unknown"
"CR-0000087123","ACV-0000178169","F","0","","Unknown","Driver","Impairment Not Known","East","Stopped","Car","Unknown","1","Unknown","Unknown"
"CR-0000087119","ACV-0000178161","","0","","Unknown","Parked","Not Applicable","Not Applicable","Parked","Car","Unknown","1","Unknown","Unknown"
"CR-0000087121","ACV-0000178164","","0","","Unknown","Driver","Impairment Not Known","South","Proceeding Straight","Unknown","Unknown","1","Unknown","Unknown"
"CR-0000087126","ACV-0000178174","M","29","","Minor","Driver","Impairment Not Known","North","Making Left Turn","Car","None Apparent","1","Not Applicable","Not Applicable"
"CR-0000087110","ACV-0000178141","M","68","","Unknown","Driver","Impairment Not Known","Unknown","Proceeding Straight","Car","Unknown","1","Unknown","Unknown"
"CR-0000087112","ACV-0000178146","","0","","Unknown","Parked","Not Applicable","Not Applicable","Parked","Car","Unknown","1","Not Applicable","Not Applicable"
"CR-0000087113","ACV-0000178147","F","78","","Unknown","Driver","Impairment Not Known","West","Backing","Car","Unknown","1","Unknown","Unknown"
"CR-0000087116","ACV-0000178155","","0","","Unknown","Parked","Not Applicable","Not Applicable","Parked","Car","Unknown","1","Unknown","Unknown"
"CR-0000087117","ACV-0000178157","F","22","","Unknown","Driver","Impairment Not Known","East","Stopped","Car","Unknown","1","Unknown","Unknown"
"CR-0000087119","ACV-0000178160","","0","","Unknown","Driver","Impairment Not Known","Unknown","Unknown","Unknown","Unknown","1","Unknown","Unknown"
"CR-0000087128","ACV-0000178177","M","37","","Major","Driver","Impairment Not Known","West","Making Right Turn","Car","None Apparent","1","22107","Unsafe Turn Movement"
"CR-0000087131","ACV-0000178182","M","42","","Major","Parked","Not Applicable","Not Applicable","Parked","Car","None Apparent","1","Not Applicable","Not Applicable"