"CrashName","Name","Sex","Age","Speed","VehicleDamage","PartyCategory","Sobriety","VehicleDirection","MovementPrecedingCollision","PartyType","OtherAssociatedFactor","VehicleCount","ViolationCode","ViolationCodeDescription"
"CR-0000087131","ACV-0000178183","M","38","","Minor","Parked","Not Applicable","Not Applicable","Parked","Car","None Apparent","1","Not Applicable","Not Applicable"
"CR-0000087127","ACV-0000178175","M","60","","Moderate","Driver","Had Not Been Drinking","East","Proceeding Straight","Car","None Apparent","1","22107","Unsafe Turn Movement"
"CR-0000087135","ACV-0000178190","","0","","Major","Parked","Not Applicable","Not Applicable","Parked","Panel Truck","None Apparent","1","Not Applicable","Not Applicable"
"CR-0000087136","ACV-0000178192","M","37","","Major","Driver","Had Not Been Drinking","East","Proceeding Straight","Car","None Apparent","1","Not Applicable","Not Applicable"
"CR-0000087114","ACV-0000178149","M","37","","Unknown","Driver","Impairment Not Known","North","Other","Car","Unknown","1","Unknown","Unknown"
"CR-0000087117","ACV-0000178156","F","0","","Unknown","Driver","Impairment Not Known","East","Changing Lanes","Car","Unknown","1","Unknown","Unknown"
"CR-0000087118","ACV-0000178158","","0","","Unknown","Driver","Impairment Not Known","West","Other","Car","Unknown","1","Unknown","Unknown"
"CR-0000087120","ACV-0000178163","M","0","","Unknown","Driver","Impairment Not Known","North","Making U-Turn","Car","Unknown","1","Unknown","Unknown"
"CR-0000087121","ACV-0000178165","","0","","Unknown","Parked","Not Applicable","Not Applicable","Parked","Car","Unknown","1","Unknown","Unknown"
"CR-0000087124","ACV-0000178170","M","39","","Major","Driver","Sleepy/Fatigued","North","Proceeding Straight","Car","Vision Obscurement","1","22350","Speeding"
"CR-0000087132","ACV-0000178184","","0","","Moderate","Driver","Had Been Drinking - Impairment Unknown","West","Making Right Turn","Car","None Apparent","1","22350","Speeding"
"CR-0000087137","ACV-0000178193","","0","","Moderate","Driver","Impairment Not Known","North","Proceeding Straight","Unknown","Other Violation","1","22350","Speeding"
"CR-0000087140","ACV-0000178199","M","5","","Not Applicable","Pedestrian","Not Applicable","South","Other (Ped)","Pedestrian","None Apparent","1","Not Applicable","Not Applicable"
"CR-0000087125","ACV-0000178172","F","45","","Major","Driver","Had Not Been Drinking","South","Proceeding Straight","Car","None Apparent","1","Not Applicable","Not Applicable"
"CR-0000087127","ACV-0000178176","M","70","","Moderate","Driver","Had Not Been Drinking","West","Proceeding Straight","Car","None Apparent","1","Not Applicable","Not Applicable"
"CR-0000087136","ACV-0000178191","","0","","Unknown","Driver","Impairment Not Known","West","Traveling Wrong Way","Unknown","Other Violation","1","21460","Driving Over Centerline"
"CR-0000087139","ACV-0000178197","F","37","","Major","Driver","Had Not Been Drinking","East","Proceeding Straight","Car","None Apparent","1","22350","Speeding"
"CR-0000087140","ACV-0000178198","F","43","","None","Driver","Had Not Been Drinking","West","Proceeding Straight","Car","None Apparent","1","22350","Speeding"
"CR-0000087120","ACV-0000178162","","0","","Unknown","Driver","Impairment Not Known","North","Other Unsafe Turning","Unknown","Unknown","1","Unknown","Unknown"
"CR-0000087125","ACV-0000178171","F","34","","Major","Driver","Had Not Been Drinking","West","Entering Traffic","Car","Inattention","1","21802","Yield Stop Sign"
"CR-0000087126","ACV-0000178173","F","48","","Minor","Driver","Impairment Not Known","North","Proceeding Straight","Car","Vision Obscurement","1","Not Applicable","Not Applicable"
"CR-0000087141","ACV-0000178200","M","32","","Major","Driver","Had Been Drinking - Under Influence","West","Proceeding Straight","Car","Other Violation","1","22107","Unsafe Turn Movement"
"CR-0000087144","ACV-0000178205","F","30","","Moderate","Driver","Impairment Not Known","North","Proceeding Straight","Car","None Apparent","1","Not Applicable","Not Applicable"
"CR-0000087129","ACV-0000178179","M","56","","None","Driver","Impairment Not Known","South","Proceeding Straight","Car","None Apparent","1","Not Applicable","Not Applicable"
"CR-0000087131","ACV-0000178181","M","28","","Major","Driver","Had Been Drinking - Under Influence","West","Proceeding Straight","Panel Truck","None Apparent","1","22107","Unsafe Turn Movement"
"CR-0000087129","ACV-0000178178","M","51","","Not Applicable","Pedestrian","Had Not Been Drinking","East","Proceeding Straight","Pedestrian","None Apparent","1","21955","Crossing Controlled Intersection/Jaywalking"
"CR-0000087130","ACV-0000178180","M","32","","Major","Driver","Had Been Drinking - Under Influence","North","Ran Off Road","Car","None Apparent","1","22107","Unsafe Turn Movement"
"CR-0000087145","ACV-0000178207","M","30","","Major","Parked","Not Applicable","Not Applicable","Parked","Car","None Apparent","1","Not Applicable","Not Applicable"
"CR-0000087146","ACV-0000178208","M","0","","Unknown","Driver","Impairment Not Known","North","Backing","Car","Other Violation","1","22106","Unsafe Backing"
"CR-0000087145","ACV-0000178206","M","26","","Unknown","Driver","Impairment Not Known","East","Backing","Car","Other Violation","1","22106","Unsafe Backing"
"CR-0000087146","ACV-0000178209","F","36","","Minor","Parked","Not Applicable","Not Applicable","Parked","Car","None Apparent","1","Not Applicable","Not Applicable"
"CR-0000087133","ACV-0000178186","","0","","Unknown","Driver","Impairment Not Known","North","Proceeding Straight","Panel Truck","Other Violation","1","22350","Speeding"
"CR-0000087134","ACV-0000178188","M","50","","Major","Driver","Had Been Drinking - Impairment Unknown","North","Ran Off Road","Car","None Apparent","1","22350","Speeding"
"CR-0000087137","ACV-0000178194","F","21","","Moderate","Driver","Had Not Been Drinking","North","Stopped","Car","None Apparent","1","Not Applicable","Not Applicable"
"CR-0000087132","ACV-0000178185","","0","","Moderate","Parked","Not Applicable","Not Applicable","Parked","Car","Not Applicable","1","Not Applicable","Not Applicable"
"CR-0000087133","ACV-0000178187","M","60","","Not Applicable","Bicycle","Had Not Been Drinking","East","Other (Bike)","Bicycle","None Apparent","1","Not Applicable","Not Applicable"
"CR-0000087135","ACV-0000178189","","0","","Major","Driver","Impairment Not Known","North","Ran Off Road","Unknown","Other Violation","1","20002","Leave Accident Scene"
"CR-0000087138","ACV-0000178195","","0","","Unknown","Driver","Impairment Not Known","Unknown","Proceeding Straight","Car","None Apparent","1","Not Applicable","Not Applicable"
"CR-0000087141","ACV-0000178201","","0","","Moderate","Parked","Not Applicable","Not Applicable","Parked","Car","None Apparent","1","Not Applicable","Not Applicable"
"CR-0000087144","ACV-0000178204","M","50","","Moderate","Driver","Impairment Not Known","West","Making Left Turn","Car","Other Violation","1","21801","Yield Left Turn"
"CR-0000087138","ACV-0000178196","F","0","","Unknown","Parked","Not Applicable","Not Applicable","Parked","Car","None Apparent","1","Not Applicable","Not Applicable"
"CR-0000087142","ACV-0000178202","F","0","","Major","Driver","Had Not Been Drinking","North","Proceeding Straight","Car","Other Violation","1","22350","Speeding"
"CR-0000087143","ACV-0000178203","M","24","","Minor","Driver","Impairment Not Known","West","Making Right Turn","Car","None Apparent","1","22107","Unsafe Turn Movement"
"CR-0000087152","ACV-0000178221","F","48","","Major","Driver","Had Not Been Drinking","North","Proceeding Straight","Car","None Apparent","1","21460","Driving Over Centerline"
"CR-0000087162","ACV-0000178241","M","69","","Minor","Driver","Had Not Been Drinking","East","Proceeding Straight","Car","None Apparent","1","22350","Speeding"
"CR-0000087162","ACV-0000178242","M","0","","Minor","Driver","Had Not Been Drinking","East","Stopped","Car","None Apparent","1","Not Applicable","Not Applicable"
"CR-0000087156","ACV-0000178231","","0","","Moderate","Parked","Not Applicable","Not Applicable","Parked","Car","None Apparent","1","Not Applicable","Not Applicable"
"CR-0000087160","ACV-0000178239","F","20","","Minor","Driver","Had Not Been Drinking","East","Stopped","Car","None Apparent","1","Not Applicable","Not Applicable"
"CR-0000087170","ACV-0000178256","F","27","","Moderate","Driver","Had Not Been Drinking","West","Stopped","Car","None Apparent","1","Not Applicable","Not Applicable"
"CR-0000087151","ACV-0000178220","M","0","","Moderate","Driver","Had Not Been Drinking","South","Proceeding Straight","Car","None Apparent","1","Not Applicable","Not Applicable"
"CR-0000087152","ACV-0000178222","M","26","","Major","Driver","Had Not Been Drinking","West","Making Left Turn","Car","None Apparent","1","Not Applicable","Not Applicable"
"CR-0000087155","ACV-0000178228","M","19","","Unknown","Driver","Had Not Been Drinking","East","Proceeding Straight","Car","None Apparent","1","Not Applicable","Not Applicable"
"CR-0000087150","ACV-0000178217","F","0","","Unknown","Driver","Impairment Not Known","North","Proceeding Straight","Car","Unknown","1","Unknown","Unknown"
"CR-0000087151","ACV-0000178219","M","21","","Moderate","Driver","Had Not Been Drinking","North","Making Left Turn","Panel Truck","None Apparent","1","22107","Unsafe Turn Movement"
"CR-0000087153","ACV-0000178224","F","0","","Major","Driver","Had Not Been Drinking","South","Proceeding Straight","Car","None Apparent","1","Not Applicable","Not Applicable"
"CR-0000087159","ACV-0000178236","","0","","Unknown","Unknown","Impairment Not Known","North","Crossing Into Opposing Lane","Unknown","Other Violation","1","Not Applicable","Not Applicable"
"CR-0000087167","ACV-0000178251","F","33","","Unknown","Driver","Impairment Not Known","West","Proceeding Straight","Car","Unknown","1","Not Applicable","Not Applicable"
"CR-0000087147","ACV-0000178210","M","20","","Major","Driver","Impairment Not Known","North","Making Left Turn","Panel Truck","Unknown","1","21801","Yield Left Turn"
"CR-0000087154","ACV-0000178226","M","31","","Not Applicable","Bicycle","Impairment Not Known","North","Proceeding Straight","Bicycle","None Apparent","1","Not Applicable","Not Applicable"
"CR-0000087149","ACV-0000178214","M","41","","Major","Driver","Had Not Been Drinking","South","Making Left Turn","Car","None Apparent","1","22107","Unsafe Turn Movement"
"CR-0000087149","ACV-0000178215","M","32","","Major","Driver","Had Not Been Drinking","North","Proceeding Straight","Panel Truck","None Apparent","1","Not Applicable","Not Applicable"
"CR-0000087159","ACV-0000178237","","0","","Moderate","Parked","Not Applicable","Not Applicable","Parked","Car","None Apparent","1","Not Applicable","Not Applicable"
"CR-0000087160","ACV-0000178238","M","0","","None","Driver","Had Not Been Drinking","West","Backing","Car","None Apparent","1","22106","Unsafe Backing"
"CR-0000087173","ACV-0000178261","F","0","","Major","Driver","Impairment Not Known","North","Proceeding Straight","Car","Other Violation","1","22350","Speeding"
"CR-0000087173","ACV-0000178262","M","36","","None","Driver","Had Not Been Drinking","North","Making U-Turn","Semi Truck","None Apparent","1","Not Applicable","Not Applicable"
"CR-0000087158","ACV-0000178235","F","45","","Major","Driver","Had Not Been Drinking","North","Making Left Turn","Car","None Apparent","1","Not Applicable","Not Applicable"
"CR-0000087172","ACV-0000178260","M","29","","Not Applicable","Bicycle","Had Not Been Drinking","North","Proceeding Straight","Bicycle","None Apparent","1","Not Applicable","Not Applicable"
"CR-0000087164","ACV-0000178246","","0","","Major","Parked","Not Applicable","Not Applicable","Parked","Car","None Apparent","1","Not Applicable","Not Applicable"
"CR-0000087170","ACV-0000178255","","0","","Unknown","Driver","Impairment Not Known","West","Proceeding Straight","Car","None Apparent","1","22350","Speeding"
"CR-0000087176","ACV-0000178267","F","21","","Major","Driver","Impairment Not Known","South","Proceeding Straight","Car","Other Violation","1","22350","Speeding"
"CR-0000087161","ACV-0000178240","","0","","Moderate","Driver","Impairment Not Known","North","Proceeding Straight","Car","Other Violation","1","20002","Leave Accident Scene"
"CR-0000087166","ACV-0000178249","","0","","Totaled","Driver","Impairment Not Known","South","Ran Off Road","Car","Other Violation","1","22350","Speeding"
"CR-0000087167","ACV-0000178250","","0","","Unknown","Driver","Impairment Not Known","South","Other Unsafe Turning","Car","Unknown","1","Unknown","Unknown"
"CR-0000087156","ACV-0000178230","F","36","","Moderate","Bicycle","Had Not Been Drinking","South","Proceeding Straight","Car","None Apparent","1","Not Applicable","Not Applicable"
"CR-0000087163","ACV-0000178243","M","41","","Major","Driver","Had Not Been Drinking","East","Stopped","Panel Truck","Inattention","1","22107","Unsafe Turn Movement"
"CR-0000087164","ACV-0000178244","","0","","Major","Driver","Impairment Not Known","East","Proceeding Straight","Unknown","Other Violation","1","22350","Speeding"
"CR-0000087174","ACV-0000178263","F","33","","Major","Driver","Impairment Not Known","North","Proceeding Straight","Car","Other Violation","1","22350","Speeding"
"CR-0000087149","ACV-0000178216","M","53","","Moderate","Driver","Had Not Been Drinking","North","Proceeding Straight","Car","None Apparent","1","Not Applicable","Not Applicable"
"CR-0000087158","ACV-0000178234","M","47","","Moderate","Driver","Had Not Been Drinking","West","Proceeding Straight","Car","Other Violation","1","21453","Run Red Light"
"CR-0000087148","ACV-0000178212","F","29","","Unknown","Driver","Had Not Been Drinking","West","Making U-Turn","Car","Other Violation","1","21801","Yield Left Turn"
"CR-0000087148","ACV-0000178213","M","23","","Moderate","Driver","Had Not Been Drinking","East","Proceeding Straight","Car","None Apparent","1","Not Applicable","Not Applicable"
"CR-0000087147","ACV-0000178211","F","23","","Major","Driver","Impairment Not Known","West","Proceeding Straight","Car","Unknown","1","Not Applicable","Not Applicable"
"CR-0000087172","ACV-0000178259","F","73","","None","Driver","Had Not Been Drinking","North","Making Right Turn","Car","None Apparent","1","00001","Other Improper Driving"
"CR-0000087168","ACV-0000178252","M","30","","Moderate","Driver","Had Not Been Drinking","South","Making U-Turn","Car","None Apparent","1","22100","Improper Turn"
"CR-0000087156","ACV-0000178229","M","25","","Moderate","Driver","Had Not Been Drinking","West","Making Left Turn","Car","None Apparent","1","21800","Yield Uncontrolled Intersection"
"CR-0000087177","ACV-0000178269","F","28","","Moderate","Driver","Had Not Been Drinking","West","Making Right Turn","Car","Vision Obscurement","1","21658","Unsafe Lane Change"
"CR-0000087169","ACV-0000178254","F","54","","Moderate","Driver","Had Not Been Drinking","South","Proceeding Straight","Car","Other Violation","1","21658","Unsafe Lane Change"
"CR-0000087176","ACV-0000178268","F","29","","Minor","Driver","Had Not Been Drinking","South","Proceeding Straight","Car","None Apparent","1","Not Applicable","Not Applicable"
"CR-0000087168","ACV-0000178253","M","20","","Moderate","Driver","Had Not Been Drinking","South","Proceeding Straight","Car","None Apparent","1","Not Applicable","Not Applicable"
"CR-0000087175","ACV-0000178265","","0","","Unknown","Driver","Impairment Not Known","North","Proceeding Straight","Unknown","Other Violation","1","22350","Speeding"
"CR-0000087174","ACV-0000178264","M","21","","Minor","Driver","Impairment Not Known","North","Stopped","Car","None Apparent","1","Not Applicable","Not Applicable"
"CR-0000087157","ACV-0000178233","M","31","","Totaled","Driver","Impairment Not Known","North","Proceeding Straight","Panel Truck","None Apparent","1","Not Applicable","Not Applicable"
"CR-0000087165","ACV-0000178248","M","45","","Unknown","Bicycle","Had Not Been Drinking","East","Proceeding Straight","Bicycle","None Apparent","1","Not Applicable","Not Applicable"
"CR-0000087177","ACV-0000178270","M","0","","Moderate","Parked","Had Not Been Drinking","Not Applicable","Unknown","Emergency Vehicle","None Apparent","1","Not Applicable","Not Applicable"
"CR-0000087171","ACV-0000178258","F","36","","Major","Driver","Had Not Been Drinking","North","Proceeding Straight","Car","None Apparent","1","Not Applicable","Not Applicable"
"CR-0000087155","ACV-0000178227","F","90","","Moderate","Driver","Had Not Been Drinking","North","Entering Traffic","Car","None Apparent","1","21804","Yield From Driveway/Curb"
"CR-0000087150","ACV-0000178218","F","33","","Unknown","Driver","Impairment Not Known","North","Stopped","Car","Unknown","1","Unknown","Unknown"
"CR-0000087153","ACV-0000178223","F","41","","Major","Driver","Had Not Been Drinking","North","Making Left Turn","Car","None Apparent","1","21453","Run Red Light"
"CR-0000087165","ACV-0000178247","F","52","","Minor","Driver","Had Not Been Drinking","East","Making Right Turn","Car","None Apparent","1","22107","Unsafe Turn Movement"
"CR-0000087171","ACV-0000178257","M","39","","Major","Driver","Had Not Been Drinking","West","Proceeding Straight","Car","None Apparent","1","21453","Run Red Light"
"CR-0000087175","ACV-0000178266","F","72","","Minor","Driver","Had Not Been Drinking","North","Stopped","Car","None Apparent","1","Not Applicable","Not Applicable"
"CR-0000087154","ACV-0000178225","M","30","","Minor","Driver","Impairment Not Known","West","Proceeding Straight","Car","None Apparent","1","21453","Run Red Light"
"CR-0000087157","ACV-0000178232","F","40","","Major","Driver","Impairment Not Known","West","Proceeding Straight","Car","None Apparent","1","21453","Run Red Light"
"CR-0000087164","ACV-0000178245","","0","","Major","Parked","Not Applicable","Not Applicable","Parked","Car","None Apparent","1","Not Applicable","Not Applicable"
"CR-0000087191","ACV-0000178300","M","34","","Moderate","Driver","Had Not Been Drinking","East","Stopped","Car","None Apparent","1","Not Applicable","Not Applicable"
"CR-0000087187","ACV-0000178290","","0","","Moderate","Parked","Not Applicable","Not Applicable","Parked","Car","Unknown","1","Not Applicable","Not Applicable"
"CR-0000087181","ACV-0000178277","","0","","Unknown","Driver","Impairment Not Known","South","Proceeding Straight","Car","Unknown","1","Unknown","Unknown"
"CR-0000087190","ACV-0000178297","","0","","Unknown","Driver","Impairment Not Known","East","Proceeding Straight","Unknown","Other Violation","1","22350","Speeding"
"CR-0000087189","ACV-0000178295","","0","","Minor","Parked","Not Applicable","Not Applicable","Parked","Car","Unknown","1","Not Applicable","Not Applicable"
"CR-0000087179","ACV-0000178275","M","58","","Unknown","Driver","Impairment Not Known","West","Proceeding Straight","Car","Unknown","1","Unknown","Unknown"
"CR-0000087194","ACV-0000178304","M","0","","Major","Driver","Impairment Not Known","West","Ran Off Road","Car","Other Violation","1","22350","Speeding"
"CR-0000087178","ACV-0000178273","M","0","","Unknown","Driver","Impairment Not Known","East","Stopped","Car","Unknown","1","Unknown","Unknown"
"CR-0000087184","ACV-0000178284","M","42","","Minor","Driver","Impairment Not Known","South","Proceeding Straight","Car","None Apparent","1","Not Applicable","Not Applicable"
"CR-0000087183","ACV-0000178281","","0","","Unknown","Driver","Impairment Not Known","East","Proceeding Straight","Car","Other Violation","1","22350","Speeding"
"CR-0000087193","ACV-0000178303","M","22","","Major","Driver","Had Not Been Drinking","North","Proceeding Straight","Car","None Apparent","1","22350","Speeding"
"CR-0000087178","ACV-0000178271","F","38","","Unknown","Driver","Impairment Not Known","East","Proceeding Straight","Car","Unknown","1","Unknown","Unknown"
"CR-0000087185","ACV-0000178286","","0","","Minor","Parked","Not Applicable","Not Applicable","Parked","Car","Unknown","1","Unknown","Unknown"
"CR-0000087187","ACV-0000178289","M","0","","Moderate","Driver","Impairment Not Known","South","Other Unsafe Turning","Car","Other Violation","1","22107","Unsafe Turn Movement"
"CR-0000087186","ACV-0000178288","","0","","Moderate","Parked","Not Applicable","Not Applicable","Parked","Car","Unknown","1","Not Applicable","Not Applicable"
"CR-0000087183","ACV-0000178282","M","23","","Minor","Driver","Had Not Been Drinking","East","Stopped","Car","Unknown","1","Not Applicable","Not Applicable"
"CR-0000087192","ACV-0000178301","","0","","Unknown","Driver","Impairment Not Known","East","Proceeding Straight","Car","Other Violation","1","22350","Speeding"
"CR-0000087182","ACV-0000178279","M","31","","Major","Driver","Had Not Been Drinking","West","Making U-Turn","Panel Truck","Inattention","1","22100","Improper Turn"
"CR-0000087188","ACV-0000178293","M","11","","Not Applicable","Bicycle","Had Not Been Drinking","West","Making Left Turn","Bicycle","Violation By Bike","1","Not Applicable","Not Applicable"
"CR-0000087180","ACV-0000178276","","0","","Moderate","Driver","Impairment Not Known","Unknown","Ran Off Road","Car","Other Violation","1","Unknown","Unknown"
"CR-0000087181","ACV-0000178278","M","46","","Unknown","Driver","Impairment Not Known","North","Making Left Turn","Car","Unknown","1","Unknown","Unknown"
"CR-0000087187","ACV-0000178291","","0","","Minor","Parked","Not Applicable","Not Applicable","Parked","Panel Truck","Unknown","1","Not Applicable","Not Applicable"
"CR-0000087189","ACV-0000178294","","0","","Moderate","Driver","Impairment Not Known","West","Proceeding Straight","Panel Truck","Other Violation","1","22350","Speeding"
"CR-0000087178","ACV-0000178272","M","78","","Unknown","Driver","Impairment Not Known","East","Stopped","Car","Unknown","1","Unknown","Unknown"
"CR-0000087179","ACV-0000178274","F","51","","Unknown","Driver","Impairment Not Known","East","Backing","Car","Unknown","1","Unknown","Unknown"
"CR-0000087188","ACV-0000178292","M","52","","Minor","Driver","Had Not Been Drinking","South","Proceeding Straight","Car","None Apparent","1","22450","Fail Stop/Sign"
"CR-0000087190","ACV-0000178298","M","57","","Minor","Driver","Impairment Not Known","East","Proceeding Straight","Car","Unknown","1","Not Applicable","Not Applicable"
"CR-0000087184","ACV-0000178283","","0","","Unknown","Driver","Impairment Not Known","South","Passing Other Vehicles","Panel Truck","Other Violation","1","Unknown","Unknown"
"CR-0000087182","ACV-0000178280","M","48","","Major","Driver","Had Not Been Drinking","West","Proceeding Straight","Panel Truck","None Apparent","1","Not Applicable","Not Applicable"
"CR-0000087189","ACV-0000178296","","0","","Moderate","Parked","Not Applicable","Not Applicable","Parked","Car","Unknown","1","Not Applicable","Not Applicable"
"CR-0000087185","ACV-0000178285","","0","","Unknown","Driver","Impairment Not Known","Unknown","Unknown","Unknown","Other Violation","1","Unknown","Unknown"
"CR-0000087191","ACV-0000178299","M","33","","Minor","Driver","Had Not Been Drinking","East","Proceeding Straight","Panel Truck","None Apparent","1","22350","Speeding"
"CR-0000087192","ACV-0000178302","M","34","","Minor","Driver","Had Not Been Drinking","East","Proceeding Straight","Car","Unknown","1","Not Applicable","Not Applicable"
"CR-0000087186","ACV-0000178287","","0","","Moderate","Driver","Impairment Not Known","East","Proceeding Straight","Car","Other Violation","1","22350","Speeding"
"CR-0000087198","ACV-0000178310","M","0","","Unknown","Driver","Impairment Not Known","East","Making Right Turn","Car","None Apparent","1","Not Applicable","Not Applicable"
"CR-0000087202","ACV-0000178320","","0","","Unknown","Driver","Impairment Not Known","North","Proceeding Straight","Unknown","None Apparent","1","Unknown","Unknown"
"CR-0000087203","ACV-0000178322","M","50","","Unknown","Parked","Not Applicable","Not Applicable","Parked","Panel Truck","None Apparent","1","Not Applicable","Not Applicable"
"CR-0000087200","ACV-0000178313","M","0","","Unknown","Driver","Impairment Not Known","East","Changing Lanes","Unknown","Unknown","1","Unknown","Unknown"
"CR-0000087204","ACV-0000178324","M","0","","Unknown","Bicycle","Impairment Not Known","South","Stopped","Car","None Apparent","1","Unknown","Unknown"
"CR-0000087207","ACV-0000178330","M","46","","Unknown","Parked","Not Applicable","Not Applicable","Parked","Panel Truck","None Apparent","1","Not Applicable","Not Applicable"
"CR-0000087207","ACV-0000178329","M","39","","Unknown","Driver","Impairment Not Known","Not Applicable","Backing","Car","None Apparent","1","Not Applicable","Not Applicable"
"CR-0000087205","ACV-0000178325","","0","","Unknown","Driver","Impairment Not Known","Not Applicable","Other","Unknown","None Apparent","1","Unknown","Unknown"
"CR-0000087203","ACV-0000178321","","0","","Unknown","Driver","Impairment Not Known","East","Other Unsafe Turning","Unknown","Unknown","1","Unknown","Unknown"
"CR-0000087206","ACV-0000178327","F","20","","Unknown","Driver","Impairment Not Known","Unknown","Making Right Turn","Car","None Apparent","1","Unknown","Unknown"
"CR-0000087201","ACV-0000178317","","0","","Major","Parked","Not Applicable","Not Applicable","Parked","Car","None Apparent","1","Not Applicable","Not Applicable"
"CR-0000087199","ACV-0000178311","M","53","","Unknown","Driver","Impairment Not Known","West","Proceeding Straight","Car","None Apparent","1","Unknown","Unknown"
"CR-0000087196","ACV-0000178307","M","0","","Unknown","Driver","Impairment Not Known","North","Other Unsafe Turning","Panel Truck","None Apparent","1","Not Applicable","Not Applicable"
"CR-0000087205","ACV-0000178326","M","0","","Unknown","Parked","Not Applicable","Not Applicable","Parked","Car","None Apparent","1","Not Applicable","Not Applicable"
"CR-0000087201","ACV-0000178318","","0","","Unknown","Parked","Not Applicable","Not Applicable","Parked","Car","None Apparent","1","Not Applicable","Not Applicable"
"CR-0000087197","ACV-0000178308","F","0","","Moderate","Driver","Had Not Been Drinking","Unknown","Changing Lanes","Car","None Apparent","1","Not Applicable","Not Applicable"
"CR-0000087201","ACV-0000178316","","0","","Moderate","Parked","Impairment Not Known","Not Applicable","Parked","Car","None Apparent","1","Not Applicable","Not Applicable"
"CR-0000087206","ACV-0000178328","F","34","","Unknown","Driver","Impairment Not Known","Unknown","Stopped","Car","None Apparent","1","Not Applicable","Not Applicable"
"CR-0000087201","ACV-0000178315","F","69","","Major","Driver","Impairment Not Known","West","Unknown","Car","Unknown","1","Unknown","Unknown"
"CR-0000087199","ACV-0000178312","M","0","","Unknown","Driver","Impairment Not Known","West","Proceeding Straight","Car","None Apparent","1","Not Applicable","Not Applicable"
"CR-0000087204","ACV-0000178323","M","20","","Unknown","Driver","Impairment Not Known","South","Backing","Car","None Apparent","1","Unknown","Unknown"
"CR-0000087200","ACV-0000178314","M","77","","Unknown","Driver","Impairment Not Known","East","Proceeding Straight","Car","Unknown","1","Not Applicable","Not Applicable"
"CR-0000087202","ACV-0000178319","F","31","","Unknown","Driver","Impairment Not Known","North","Proceeding Straight","Car","None Apparent","1","Not Applicable","Not Applicable"
"CR-0000087197","ACV-0000178309","M","71","","Unknown","Driver","Had Not Been Drinking","Unknown","Proceeding Straight","Car","None Apparent","1","Not Applicable","Not Applicable"
"CR-0000087235","ACV-0000178396","M","64","","Moderate","Parked","Not Applicable","Not Applicable","Parked","Car","None Apparent","1","Not Applicable","Not Applicable"
"CR-0000087225","ACV-0000178374","F","24","","Moderate","Driver","Had Not Been Drinking","East","Proceeding Straight","Car","None Apparent","1","Not Applicable","Not Applicable"
"CR-0000087218","ACV-0000178353","F","21","","Moderate","Driver","Had Not Been Drinking","North","Proceeding Straight","Car","Stop And Go Traffic","1","22450","Fail Stop/Sign"
"CR-0000087223","ACV-0000178368","","0","","Minor","Parked","Not Applicable","Not Applicable","Parked","Car","None Apparent","1","Not Applicable","Not Applicable"
"CR-0000087221","ACV-0000178361","M","27","","Moderate","Driver","Impairment Not Known","North","Stopped","Panel Truck","None Apparent","1","Not Applicable","Not Applicable"
"CR-0000087233","ACV-0000178393","","0","","Minor","Parked","Not Applicable","Not Applicable","Parked","Car","Unknown","1","Not Applicable","Not Applicable"
"CR-0000087233","ACV-0000178388","","0","","Minor","Parked","Not Applicable","Not Applicable","Parked","Other","Unknown","1","Not Applicable","Not Applicable"
"CR-0000087232","ACV-0000178386","F","22","","Minor","Driver","Sleepy/Fatigued","South","Proceeding Straight","Car","Unknown","1","00002","Fell Asleep"
"CR-0000087227","ACV-0000178379","","0","","Minor","Parked","Not Applicable","Not Applicable","Parked","Panel Truck","None Apparent","1","Not Applicable","Not Applicable"
"CR-0000087223","ACV-0000178367","","0","","Major","Parked","Not Applicable","Not Applicable","Parked","Car","None Apparent","1","Not Applicable","Not Applicable"
"CR-0000087237","ACV-0000178402","","0","","Major","Parked","Not Applicable","Not Applicable","Parked","Car","None Apparent","1","Not Applicable","Not Applicable"
"CR-0000087226","ACV-0000178375","M","63","","Not Applicable","Bicycle","Had Not Been Drinking","South","Making Left Turn","Bicycle","None Apparent","1","21200","Laws Applied To Bike"
"CR-0000087230","ACV-0000178383","F","49","","Minor","Driver","Had Not Been Drinking","East","Slowing/Stopping","Car","None Apparent","1","Not Applicable","Not Applicable"
"CR-0000087213","ACV-0000178342","M","47","","Unknown","Parked","Not Applicable","Not Applicable","Parked","Car","None Apparent","1","Not Applicable","Not Applicable"
"CR-0000087214","ACV-0000178344","F","27","","Not Applicable","Driver","Impairment Not Known","West","Proceeding Straight","Car","None Apparent","1","Not Applicable","Not Applicable"
"CR-0000087225","ACV-0000178372","F","53","","Moderate","Driver","Had Not Been Drinking","South","Making Left Turn","Car","Other Violation","1","22107","Unsafe Turn Movement"
"CR-0000087239","ACV-0000178406","","0","","Moderate","Parked","Not Applicable","Not Applicable","Parked","Car","None Apparent","1","Not Applicable","Not Applicable"
"CR-0000087239","ACV-0000178407","","0","","Minor","Parked","Not Applicable","Not Applicable","Parked","Car","None Apparent","1","Not Applicable","Not Applicable"
"CR-0000087215","ACV-0000178345","","0","","Major","Driver","Impairment Not Known","West","Other Unsafe Turning","Unknown","None Apparent","1","Unknown","Unknown"
"CR-0000087217","ACV-0000178349","M","19","","Major","Driver","Had Not Been Drinking","North","Proceeding Straight","Car","Inattention","1","21453","Run Red Light"