"CrashName","Name","Sex","Age","Speed","VehicleDamage","PartyCategory","Sobriety","VehicleDirection","MovementPrecedingCollision","PartyType","OtherAssociatedFactor","VehicleCount","ViolationCode","ViolationCodeDescription"
"CR-0000087217","ACV-0000178351","F","57","","Moderate","Driver","Had Not Been Drinking","East","Proceeding Straight","Car","None Apparent","1","Not Applicable","Not Applicable"
"CR-0000087220","ACV-0000178357","F","81","","Major","Driver","Had Not Been Drinking","South","Proceeding Straight","Car","None Apparent","1","22350","Speeding"
"CR-0000087222","ACV-0000178363","M","43","","Major","Parked","Not Applicable","Not Applicable","Parked","Car","None Apparent","1","Not Applicable","Not Applicable"
"CR-0000087213","ACV-0000178341","","0","","Unknown","Driver","Impairment Not Known","North","Other Unsafe Turning","Car","None Apparent","1","Unknown","Unknown"
"CR-0000087216","ACV-0000178347","M","36","","Minor","Driver","Had Not Been Drinking","South","Proceeding Straight","Car","None Apparent","1","21802","Yield Stop Sign"
"CR-0000087224","ACV-0000178370","M","43","","Moderate","Driver","Impairment Not Known","South","Proceeding Straight","Panel Truck","Unknown","1","Not Applicable","Not Applicable"
"CR-0000087240","ACV-0000178408","M","56","","Minor","Driver","Impairment Not Known","West","Proceeding Straight","Car","None Apparent","1","Unknown","Unknown"
"CR-0000087220","ACV-0000178358","","0","","Minor","Parked","Not Applicable","Not Applicable","Parked","Car","None Apparent","1","Not Applicable","Not Applicable"
"CR-0000087238","ACV-0000178404","F","26","","Major","Driver","Not Applicable","North","Proceeding Straight","Car","None Apparent","1","Not Applicable","Not Applicable"
"CR-0000087209","ACV-0000178334","M","34","","Unknown","Driver","Impairment Not Known","North","Stopped","Car","None Apparent","1","Not Applicable","Not Applicable"
"CR-0000087229","ACV-0000178380","F","21","","Minor","Driver","Had Been Drinking - Impairment Unknown","West","Making Right Turn","Car","Inattention","1","21703","Follow Too Closely"
"CR-0000087223","ACV-0000178366","","0","","Major","Parked","Not Applicable","Not Applicable","Parked","Car","None Apparent","1","Not Applicable","Not Applicable"
"CR-0000087219","ACV-0000178356","M","0","","Not Applicable","Bicycle","Impairment Not Known","East","Proceeding Straight","Bicycle","None Apparent","1","Not Applicable","Not Applicable"
"CR-0000087233","ACV-0000178390","M","36","","Major","Parked","Not Applicable","Not Applicable","Parked","Car","Unknown","1","Not Applicable","Not Applicable"
"CR-0000087216","ACV-0000178348","F","36","","Major","Driver","Had Not Been Drinking","East","Proceeding Straight","Panel Truck","None Apparent","1","Not Applicable","Not Applicable"
"CR-0000087210","ACV-0000178335","F","44","","Unknown","Driver","Impairment Not Known","South","Proceeding Straight","Car","None Apparent","1","Unknown","Unknown"
"CR-0000087226","ACV-0000178373","F","22","","Minor","Driver","Had Not Been Drinking","South","Proceeding Straight","Car","None Apparent","1","Not Applicable","Not Applicable"
"CR-0000087239","ACV-0000178405","M","0","","Moderate","Driver","Had Been Drinking - Under Influence","South","Proceeding Straight","Car","None Apparent","1","23152","Driving Drunk"
"CR-0000087215","ACV-0000178346","","0","","Major","Parked","Not Applicable","Not Applicable","Parked","Panel Truck","None Apparent","1","Not Applicable","Not Applicable"
"CR-0000087221","ACV-0000178360","","0","","Unknown","Driver","Impairment Not Known","North","Proceeding Straight","Car","Other Violation","1","23103","Reckless Driving 2"
"CR-0000087208","ACV-0000178332","","0","","Unknown","Parked","Not Applicable","Unknown","Parked","Car","None Apparent","1","Not Applicable","Not Applicable"
"CR-0000087217","ACV-0000178352","F","22","","Moderate","Driver","Had Not Been Drinking","West","Proceeding Straight","Car","None Apparent","1","Not Applicable","Not Applicable"
"CR-0000087228","ACV-0000178376","F","47","","Major","Driver","Had Not Been Drinking","West","Proceeding Straight","Car","None Apparent","1","22350","Speeding"
"CR-0000087212","ACV-0000178339","M","30","","Unknown","Driver","Impairment Not Known","South","Proceeding Straight","Panel Truck","Unknown","1","Unknown","Unknown"
"CR-0000087234","ACV-0000178394","M","57","","Major","Driver","Had Not Been Drinking","North","Proceeding Straight","Car","None Apparent","1","Not Applicable","Not Applicable"
"CR-0000087231","ACV-0000178384","F","17","","None","Driver","Impairment Not Known","East","Backing","Car","None Apparent","1","Unknown","Unknown"
"CR-0000087218","ACV-0000178354","M","33","","Moderate","Driver","Had Not Been Drinking","East","Proceeding Straight","Car","Stop And Go Traffic","1","Not Applicable","Not Applicable"
"CR-0000087238","ACV-0000178403","","0","","Minor","Driver","Impairment Not Known","North","Entering Traffic","Car","Other Violation","1","22107","Unsafe Turn Movement"
"CR-0000087233","ACV-0000178392","","0","","Minor","Parked","Not Applicable","Not Applicable","Parked","Car","Unknown","1","Not Applicable","Not Applicable"
"CR-0000087236","ACV-0000178399","","0","","Major","Parked","Not Applicable","Not Applicable","Parked","Car","None Apparent","1","Not Applicable","Not Applicable"
"CR-0000087219","ACV-0000178355","M","38","","Minor","Driver","Impairment Not Known","South","Proceeding Straight","Car","Other Violation","1","21802","Yield Stop Sign"
"CR-0000087230","ACV-0000178382","F","0","","Unknown","Driver","Impairment Not Known","East","Proceeding Straight","Car","Other Violation","1","22350","Speeding"
"CR-0000087211","ACV-0000178337","M","26","","Unknown","Driver","Impairment Not Known","East","Passing Other Vehicles","Car","None Apparent","1","Unknown","Unknown"
"CR-0000087220","ACV-0000178359","","0","","Moderate","Parked","Had Not Been Drinking","Not Applicable","Parked","Car","None Apparent","1","Not Applicable","Not Applicable"
"CR-0000087235","ACV-0000178395","","0","","Unknown","Driver","Impairment Not Known","West","Making Left Turn","Car","Other Violation","1","22107","Unsafe Turn Movement"
"CR-0000087214","ACV-0000178343","M","24","","Unknown","Driver","Impairment Not Known","South","Traveling Wrong Way","Car","None Apparent","1","Unknown","Unknown"
"CR-0000087231","ACV-0000178385","F","43","","Unknown","Driver","Impairment Not Known","West","Proceeding Straight","Unknown","None Apparent","1","Not Applicable","Not Applicable"
"CR-0000087211","ACV-0000178338","F","23","","Unknown","Driver","Impairment Not Known","East","Parking Maneuver","Car","None Apparent","1","Not Applicable","Not Applicable"
"CR-0000087228","ACV-0000178377","M","47","","Major","Driver","Had Not Been Drinking","West","Slowing/Stopping","Car","None Apparent","1","Not Applicable","Not Applicable"
"CR-0000087208","ACV-0000178331","","0","","Unknown","Driver","Impairment Not Known","Unknown","Other","Unknown","None Apparent","1","Unknown","Unknown"
"CR-0000087224","ACV-0000178369","F","20","","Moderate","Driver","Impairment Not Known","West","Entering Traffic","Car","Unknown","1","21804","Yield From Driveway/Curb"
"CR-0000087237","ACV-0000178401","","0","","Moderate","Driver","Impairment Not Known","West","Proceeding Straight","Car","Other Violation","1","22107","Unsafe Turn Movement"
"CR-0000087217","ACV-0000178350","M","42","","Moderate","Driver","Had Not Been Drinking","East","Proceeding Straight","Car","None Apparent","1","Not Applicable","Not Applicable"
"CR-0000087235","ACV-0000178397","M","47","","Minor","Parked","Not Applicable","Not Applicable","Parked","Car","None Apparent","1","Not Applicable","Not Applicable"
"CR-0000087223","ACV-0000178365","","0","","Major","Parked","Not Applicable","Not Applicable","Parked","Car","None Apparent","1","Not Applicable","Not Applicable"
"CR-0000087233","ACV-0000178389","","0","","Major","Parked","Not Applicable","Not Applicable","Parked","Car","Unknown","1","Not Applicable","Not Applicable"
"CR-0000087240","ACV-0000178409","F","24","","Moderate","Driver","Impairment Not Known","West","Stopped","Car","None Apparent","1","Not Applicable","Not Applicable"
"CR-0000087222","ACV-0000178362","","0","","Major","Driver","Impairment Not Known","West","Proceeding Straight","Car","Other Violation","1","22350","Speeding"
"CR-0000087234","ACV-0000178391","M","28","","Major","Driver","Had Not Been Drinking","South","Traveling Wrong Way","Car","Unfamiliar With Road","1","21650","Driving Wrong Side"
"CR-0000087229","ACV-0000178381","M","55","","Minor","Driver","Had Been Drinking - Impairment Unknown","West","Stopped","Car","None Apparent","1","Not Applicable","Not Applicable"
"CR-0000087223","ACV-0000178364","","0","","Unknown","Driver","Impairment Not Known","South","Proceeding Straight","Panel Truck","Other Violation","1","Unknown","Unknown"
"CR-0000087236","ACV-0000178400","","0","","Minor","Parked","Not Applicable","Not Applicable","Parked","Car","None Apparent","1","Not Applicable","Not Applicable"
"CR-0000087210","ACV-0000178336","M","26","","Unknown","Driver","Impairment Not Known","South","Stopped","Panel Truck","None Apparent","1","Not Applicable","Not Applicable"
"CR-0000087227","ACV-0000178378","M","63","","Totaled","Driver","Had Not Been Drinking","North","Proceeding Straight","Car","Inattention","1","22350","Speeding"
"CR-0000087224","ACV-0000178371","","0","","Minor","Parked","Not Applicable","Not Applicable","Parked","Car","Unknown","1","Not Applicable","Not Applicable"
"CR-0000087209","ACV-0000178333","","0","","Unknown","Driver","Impairment Not Known","North","Proceeding Straight","Panel Truck","None Apparent","1","Not Applicable","Not Applicable"
"CR-0000087212","ACV-0000178340","F","47","","Unknown","Driver","Impairment Not Known","South","Proceeding Straight","Car","None Apparent","1","Unknown","Unknown"
"CR-0000087236","ACV-0000178398","M","24","","Major","Driver","Had Been Drinking - Under Influence","East","Proceeding Straight","Car","Other Violation","1","22350","Speeding"
"CR-0000087233","ACV-0000178387","M","36","","Minor","Driver","Had Not Been Drinking","South","Proceeding Straight","Other","Inattention","1","22350","Speeding"
"CR-0000087250","ACV-0000178429","","0","","Unknown","Parked","Not Applicable","Not Applicable","Parked","Car","Unknown","1","Unknown","Unknown"
"CR-0000087251","ACV-0000178431","","0","","Unknown","Parked","Not Applicable","Not Applicable","Parked","Car","Unknown","1","Unknown","Unknown"
"CR-0000087243","ACV-0000178414","","0","","Unknown","Driver","Impairment Not Known","East","Backing","Other","Unknown","1","Unknown","Unknown"
"CR-0000087246","ACV-0000178421","M","47","","None","Driver","Had Not Been Drinking","South","Proceeding Straight","Panel Truck","Other Violation","1","Not Applicable","Not Applicable"
"CR-0000087252","ACV-0000178433","M","22","","Moderate","Driver","Impairment Not Known","North","Proceeding Straight","Car","Other Violation","1","Not Applicable","Not Applicable"
"CR-0000087243","ACV-0000178415","","0","","Unknown","Parked","Not Applicable","Not Applicable","Parked","Car","Unknown","1","Unknown","Unknown"
"CR-0000087244","ACV-0000178417","M","37","","Not Applicable","Pedestrian","Had Been Drinking - Under Influence","South","Other (Ped)","Pedestrian","Other","1","Not Applicable","Not Applicable"
"CR-0000087242","ACV-0000178412","M","69","","Minor","Driver","Had Not Been Drinking","North","Making Right Turn","Car","Inattention","1","21950","Yield Pedestrian In Crosswalk"
"CR-0000087251","ACV-0000178430","","0","","Unknown","Driver","Impairment Not Known","Unknown","Parking Maneuver","Car","Unknown","1","Unknown","Unknown"
"CR-0000087244","ACV-0000178416","","0","","None","Driver","Had Been Drinking - Under Influence","South","Proceeding Straight","Car","Runaway Vehicle","1","23152","Driving Drunk"
"CR-0000087249","ACV-0000178426","","0","","Unknown","Driver","Impairment Not Known","Unknown","Other Unsafe Turning","Unknown","Unknown","1","Unknown","Unknown"
"CR-0000087246","ACV-0000178420","M","43","","Minor","Driver","Had Not Been Drinking","South","Merging","Car","Other Violation","1","22106","Unsafe Backing"
"CR-0000087245","ACV-0000178418","M","34","","Major","Driver","Impairment Not Known","North","Proceeding Straight","Car","Unknown","1","22350","Speeding"
"CR-0000087250","ACV-0000178428","","0","","Unknown","Driver","Impairment Not Known","South","Backing","Car","Unknown","1","Unknown","Unknown"
"CR-0000087248","ACV-0000178424","M","0","","Unknown","Driver","Impairment Not Known","East","Changing Lanes","Car","Unknown","1","Unknown","Unknown"
"CR-0000087241","ACV-0000178410","M","45","","Minor","Driver","Had Not Been Drinking","South","Proceeding Straight","Car","Other Violation","1","21703","Follow Too Closely"
"CR-0000087252","ACV-0000178432","","0","","Minor","Driver","Impairment Not Known","North","Proceeding Straight","Car","Other Violation","1","22350","Speeding"
"CR-0000087247","ACV-0000178422","M","31","","Major","Driver","Impairment Not Known","North","Proceeding Straight","Car","Unknown","1","21658","Unsafe Lane Change"
"CR-0000087253","ACV-0000178436","","0","","Unknown","Parked","Not Applicable","Not Applicable","Parked","Car","Unknown","1","Unknown","Unknown"
"CR-0000087249","ACV-0000178427","","0","","Unknown","Parked","Not Applicable","Not Applicable","Parked","Car","Unknown","1","Unknown","Unknown"
"CR-0000087253","ACV-0000178435","","0","","Unknown","Driver","Impairment Not Known","Unknown","Unknown","Unknown","Unknown","1","Unknown","Unknown"
"CR-0000087247","ACV-0000178423","","0","","Moderate","Parked","Not Applicable","Not Applicable","Parked","Car","Unknown","1","Not Applicable","Not Applicable"
"CR-0000087242","ACV-0000178413","M","16","","Not Applicable","Bicycle","Had Not Been Drinking","West","Proceeding Straight","Bicycle","None Apparent","1","Not Applicable","Not Applicable"
"CR-0000087241","ACV-0000178411","F","51","","Minor","Driver","Had Not Been Drinking","South","Stopped","Car","None Apparent","1","Not Applicable","Not Applicable"
"CR-0000087245","ACV-0000178419","F","24","","Not Applicable","Pedestrian","Impairment Not Known","West","Other (Ped)","Pedestrian","Unknown","1","Not Applicable","Not Applicable"
"CR-0000087252","ACV-0000178434","F","46","","Minor","Driver","Impairment Not Known","North","Proceeding Straight","Car","None Apparent","1","Not Applicable","Not Applicable"
"CR-0000087248","ACV-0000178425","F","35","","Unknown","Driver","Impairment Not Known","East","Proceeding Straight","Car","Unknown","1","Unknown","Unknown"
"CR-0000087263","ACV-0000178455","M","20","","Unknown","Driver","Impairment Not Known","South","Proceeding Straight","Car","Unknown","1","Unknown","Unknown"
"CR-0000087260","ACV-0000178449","M","53","","Unknown","Driver","Impairment Not Known","North","Stopped","Car","Unknown","1","Unknown","Unknown"
"CR-0000087255","ACV-0000178440","","0","","Unknown","Driver","Impairment Not Known","Unknown","Unknown","Unknown","Unknown","1","Unknown","Unknown"
"CR-0000087262","ACV-0000178453","M","70","","Unknown","Driver","Impairment Not Known","North","Stopped","Car","Unknown","1","Unknown","Unknown"
"CR-0000087265","ACV-0000178459","","0","","Unknown","Parked","Not Applicable","Not Applicable","Parked","Car","Unknown","1","Unknown","Unknown"
"CR-0000087261","ACV-0000178451","","0","","Unknown","Parked","Not Applicable","Not Applicable","Parked","Car","Unknown","1","Unknown","Unknown"
"CR-0000087256","ACV-0000178442","","0","","Unknown","Driver","Impairment Not Known","Unknown","Unknown","Unknown","Unknown","1","Unknown","Unknown"
"CR-0000087255","ACV-0000178439","","0","","Unknown","Parked","Not Applicable","Not Applicable","Parked","Car","Unknown","1","Unknown","Unknown"
"CR-0000087260","ACV-0000178450","","0","","Unknown","Driver","Impairment Not Known","North","Proceeding Straight","Panel Truck","Unknown","1","Unknown","Unknown"
"CR-0000087258","ACV-0000178446","","0","","Unknown","Driver","Impairment Not Known","Unknown","Proceeding Straight","Car","Unknown","1","Unknown","Unknown"
"CR-0000087259","ACV-0000178447","M","54","","Unknown","Driver","Impairment Not Known","South","Stopped","Car","Unknown","1","Unknown","Unknown"
"CR-0000087254","ACV-0000178437","","0","","Unknown","Parked","Not Applicable","Not Applicable","Parked","Car","Unknown","1","Unknown","Unknown"
"CR-0000087265","ACV-0000178460","","0","","Unknown","Driver","Impairment Not Known","Unknown","Unknown","Unknown","Unknown","1","Unknown","Unknown"
"CR-0000087261","ACV-0000178452","M","45","","Unknown","Driver","Impairment Not Known","Unknown","Proceeding Straight","Panel Truck","Unknown","1","Unknown","Unknown"
"CR-0000087259","ACV-0000178448","","33","","Unknown","Driver","Impairment Not Known","South","Proceeding Straight","Panel Truck","Unknown","1","Unknown","Unknown"
"CR-0000087263","ACV-0000178456","","0","","Unknown","Driver","Impairment Not Known","Unknown","Proceeding Straight","Car","Unknown","1","Unknown","Unknown"
"CR-0000087257","ACV-0000178444","M","34","","Unknown","Driver","Impairment Not Known","Unknown","Proceeding Straight","Car","Unknown","1","Unknown","Unknown"
"CR-0000087258","ACV-0000178445","F","21","","Unknown","Driver","Impairment Not Known","Unknown","Stopped","Car","Unknown","1","Unknown","Unknown"
"CR-0000087264","ACV-0000178457","M","19","","Unknown","Driver","Impairment Not Known","North","Making Left Turn","Car","Unknown","1","Unknown","Unknown"
"CR-0000087264","ACV-0000178458","","0","","Unknown","Driver","Impairment Not Known","Unknown","Proceeding Straight","Car","Unknown","1","Unknown","Unknown"
"CR-0000087257","ACV-0000178443","F","29","","Unknown","Driver","Impairment Not Known","Unknown","Stopped","Car","Unknown","1","Unknown","Unknown"
"CR-0000087256","ACV-0000178441","","0","","Unknown","Parked","Not Applicable","Not Applicable","Parked","Car","Unknown","1","Unknown","Unknown"
"CR-0000087254","ACV-0000178438","","0","","Unknown","Driver","Impairment Not Known","Unknown","Unknown","Unknown","Unknown","1","Unknown","Unknown"
"CR-0000087262","ACV-0000178454","F","0","","Unknown","Driver","Impairment Not Known","North","Proceeding Straight","Car","Unknown","1","Unknown","Unknown"
"CR-0000087283","ACV-0000178498","M","54","","Moderate","Driver","Had Not Been Drinking","West","Proceeding Straight","Car","Vision Obscurement","1","Not Applicable","Not Applicable"
"CR-0000087272","ACV-0000178474","","0","","Moderate","Parked","Not Applicable","Not Applicable","Parked","Panel Truck","None Apparent","1","Not Applicable","Not Applicable"
"CR-0000087274","ACV-0000178478","M","47","","Not Applicable","Pedestrian","Had Not Been Drinking","South","Proceeding Straight","Pedestrian","None Apparent","1","Not Applicable","Not Applicable"
"CR-0000087281","ACV-0000178494","M","70","","Not Applicable","Driver","Had Not Been Drinking","West","Proceeding Straight","Car","None Apparent","1","Not Applicable","Not Applicable"
"CR-0000087269","ACV-0000178465","F","37","","Minor","Driver","Had Not Been Drinking","North","Proceeding Straight","Car","None Apparent","1","22450","Fail Stop/Sign"
"CR-0000087275","ACV-0000178480","M","45","","Minor","Driver","Impairment Not Known","West","Proceeding Straight","Semi Truck","None Apparent","1","Not Applicable","Not Applicable"
"CR-0000087270","ACV-0000178468","M","50","","Moderate","Driver","Impairment Not Known","East","Stopped","Car","None Apparent","1","Not Applicable","Not Applicable"
"CR-0000087272","ACV-0000178472","","0","","Moderate","Parked","Not Applicable","Not Applicable","Parked","Car","None Apparent","1","Not Applicable","Not Applicable"
"CR-0000087282","ACV-0000178495","M","56","","Moderate","Driver","Had Been Drinking - Under Influence","East","Proceeding Straight","Car","None Apparent","1","22350","Speeding"
"CR-0000087268","ACV-0000178464","M","58","","Minor","Driver","Had Not Been Drinking","South","Slowing/Stopping","Car","None Apparent","1","Not Applicable","Not Applicable"
"CR-0000087274","ACV-0000178477","M","45","","None","Driver","Had Not Been Drinking","West","Proceeding Straight","Panel Truck","None Apparent","1","Unknown","Unknown"
"CR-0000087272","ACV-0000178473","","0","","Minor","Parked","Not Applicable","Not Applicable","Parked","Car","None Apparent","1","Not Applicable","Not Applicable"
"CR-0000087278","ACV-0000178487","","0","","Unknown","Driver","Impairment Not Known","East","Making U-Turn","Unknown","Other Violation","1","22107","Unsafe Turn Movement"
"CR-0000087282","ACV-0000178496","F","42","","Moderate","Driver","Had Not Been Drinking","East","Stopped","Car","None Apparent","1","Not Applicable","Not Applicable"
"CR-0000087267","ACV-0000178461","","0","","Unknown","Driver","Impairment Not Known","East","Proceeding Straight","Car","None Apparent","1","Unknown","Unknown"
"CR-0000087277","ACV-0000178482","M","23","","Major","Driver","Had Been Drinking - Under Influence","North","Proceeding Straight","Car","Other Violation","1","22350","Speeding"
"CR-0000087280","ACV-0000178492","","0","","Major","Parked","Not Applicable","Not Applicable","Parked","Car","None Apparent","1","Not Applicable","Not Applicable"
"CR-0000087273","ACV-0000178475","","0","","Unknown","Driver","Impairment Not Known","West","Proceeding Straight","Semi Truck","Other Violation","1","22350","Speeding"
"CR-0000087283","ACV-0000178497","M","56","","Not Applicable","Bicycle","Impairment Not Known","East","Making Left Turn","Bicycle","Defective Vehicle Equipment","1","21453","Run Red Light"
"CR-0000087277","ACV-0000178486","F","27","","Minor","Driver","Impairment Not Known","North","Stopped","Car","None Apparent","1","Not Applicable","Not Applicable"
"CR-0000087268","ACV-0000178463","","0","","Unknown","Driver","Impairment Not Known","East","Backing","Car","Other Violation","1","23103","Reckless Driving 2"
"CR-0000087275","ACV-0000178479","M","43","","Moderate","Driver","Had Been Drinking - Under Influence","West","Making Right Turn","Car","Other Violation","1","22107","Unsafe Turn Movement"
"CR-0000087284","ACV-0000178499","M","52","","Major","Driver","Impairment Not Known","East","Ran Off Road","Motorcycle/Moped","None Apparent","1","22107","Unsafe Turn Movement"
"CR-0000087277","ACV-0000178485","M","50","","Moderate","Driver","Impairment Not Known","North","Stopped","Panel Truck","None Apparent","1","Not Applicable","Not Applicable"
"CR-0000087271","ACV-0000178469","M","23","","Moderate","Driver","Had Not Been Drinking","South","Making Right Turn","Car","Inattention","1","22107","Unsafe Turn Movement"
"CR-0000087278","ACV-0000178488","F","17","","Minor","Driver","Had Not Been Drinking","East","Making U-Turn","Car","None Apparent","1","Not Applicable","Not Applicable"
"CR-0000087272","ACV-0000178471","F","0","","Moderate","Driver","Impairment Not Known","West","Proceeding Straight","Car","Other Violation","1","21658","Unsafe Lane Change"
"CR-0000087277","ACV-0000178484","F","26","","Major","Driver","Impairment Not Known","North","Stopped","Car","Runaway Vehicle","1","Not Applicable","Not Applicable"
"CR-0000087279","ACV-0000178490","M","33","","Moderate","Driver","Had Not Been Drinking","North","Making Right Turn","Panel Truck","None Apparent","1","Not Applicable","Not Applicable"
"CR-0000087273","ACV-0000178476","","0","","Unknown","Parked","Not Applicable","Not Applicable","Parked","Car","None Apparent","1","Not Applicable","Not Applicable"
"CR-0000087270","ACV-0000178467","M","52","","Minor","Driver","Impairment Not Known","East","Proceeding Straight","Unknown","None Apparent","1","21703","Follow Too Closely"
"CR-0000087267","ACV-0000178462","M","68","","Unknown","Driver","Impairment Not Known","East","Stopped","Car","None Apparent","1","Not Applicable","Not Applicable"
"CR-0000087281","ACV-0000178493","M","0","","Moderate","Driver","Impairment Not Known","West","Passing Other Vehicles","Car","Other Violation","1","22107","Unsafe Turn Movement"
"CR-0000087279","ACV-0000178489","","0","","Moderate","Driver","Impairment Not Known","East","Proceeding Straight","Car","Other Violation","1","21453","Run Red Light"
"CR-0000087276","ACV-0000178481","M","39","","Not Applicable","Bicycle","Impairment Not Known","West","Proceeding Straight","Bicycle","None Apparent","1","22350","Speeding"
"CR-0000087271","ACV-0000178470","F","27","","Moderate","Driver","Had Not Been Drinking","South","Proceeding Straight","Car","None Apparent","1","Not Applicable","Not Applicable"
"CR-0000087269","ACV-0000178466","F","38","","Moderate","Driver","Had Not Been Drinking","West","Proceeding Straight","Car","None Apparent","1","Not Applicable","Not Applicable"
"CR-0000087280","ACV-0000178491","F","20","","Major","Driver","Had Not Been Drinking","West","Proceeding Straight","Car","Inattention","1","22107","Unsafe Turn Movement"
"CR-0000087277","ACV-0000178483","F","40","","Moderate","Driver","Impairment Not Known","West","Making Right Turn","Car","Runaway Vehicle","1","Not Applicable","Not Applicable"
"CR-0000087288","ACV-0000178507","F","24","","Moderate","Driver","Had Not Been Drinking","South","Stopped","Car","None Apparent","1","Not Applicable","Not Applicable"
"CR-0000087285","ACV-0000178500","M","63","","Unknown","Driver","Impairment Not Known","East","Proceeding Straight","Car","Unknown","1","Unknown","Unknown"
"CR-0000087288","ACV-0000178506","M","52","","Major","Driver","Had Not Been Drinking","South","Stopped","Car","None Apparent","1","Not Applicable","Not Applicable"
"CR-0000087288","ACV-0000178505","","0","","Unknown","Driver","Impairment Not Known","South","Proceeding Straight","Car","Other Violation","1","21453","Run Red Light"
"CR-0000087285","ACV-0000178501","F","34","","Unknown","Driver","Impairment Not Known","East","Stopped","Car","Unknown","1","Unknown","Unknown"
"CR-0000087286","ACV-0000178502","M","32","","Minor","Driver","Had Not Been Drinking","North","Other Unsafe Turning","Emergency Vehicle","Unknown","1","Unknown","Unknown"
"CR-0000087287","ACV-0000178504","M","45","","Unknown","Driver","Impairment Not Known","West","Stopped","Car","Unknown","1","Unknown","Unknown"
"CR-0000087287","ACV-0000178503","F","47","","Unknown","Driver","Impairment Not Known","West","Proceeding Straight","Car","Unknown","1","Unknown","Unknown"
"CR-0000087290","ACV-0000178508","M","22","","Unknown","Driver","Impairment Not Known","East","Proceeding Straight","Panel Truck","Unknown","1","Unknown","Unknown"
"CR-0000087293","ACV-0000178513","F","42","","Major","Driver","Had Not Been Drinking","North","Making Left Turn","Car","Unknown","1","21453","Run Red Light"
"CR-0000087290","ACV-0000178509","","0","","Unknown","Parked","Not Applicable","Not Applicable","Parked","Car","Unknown","1","Unknown","Unknown"
"CR-0000087292","ACV-0000178511","M","48","","Major","Driver","Impairment Not Known","South","Proceeding Straight","Car","Stop And Go Traffic","1","00001","Other Improper Driving"
"CR-0000087292","ACV-0000178512","F","54","","Moderate","Driver","Impairment Not Known","West","Proceeding Straight","Car","Stop And Go Traffic","1","Not Applicable","Not Applicable"
"CR-0000087297","ACV-0000178520","M","0","","Unknown","Driver","Had Not Been Drinking","East","Backing","Emergency Vehicle","Unknown","1","22106","Unsafe Backing"
"CR-0000087298","ACV-0000178522","M","50","","Major","Driver","Had Not Been Drinking","West","Ran Off Road","Car","Unknown","1","22107","Unsafe Turn Movement"
"CR-0000087290","ACV-0000178510","","0","","Unknown","Parked","Not Applicable","Not Applicable","Parked","Car","Unknown","1","Unknown","Unknown"
"CR-0000087293","ACV-0000178514","F","50","","Major","Driver","Had Not Been Drinking","South","Proceeding Straight","Car","Unknown","1","Not Applicable","Not Applicable"
"CR-0000087296","ACV-0000178518","F","18","","Moderate","Driver","Had Been Drinking - Under Influence","South","Proceeding Straight","Car","Speeding","1","23152","Driving Drunk"
"CR-0000087297","ACV-0000178521","F","57","","None","Driver","Had Not Been Drinking","West","Stopped","Car","Unknown","1","Not Applicable","Not Applicable"
"CR-0000087294","ACV-0000178515","F","29","","Major","Driver","Had Not Been Drinking","North","Ran Off Road","Car","Uninvolved Vehicle","1","22350","Speeding"
"CR-0000087295","ACV-0000178516","","0","","Unknown","Driver","Impairment Not Known","South","Unknown","Unknown","Other Violation","1","21658","Unsafe Lane Change"
"CR-0000087295","ACV-0000178517","","0","","Moderate","Parked","Not Applicable","Not Applicable","Parked","Car","None Apparent","1","Not Applicable","Not Applicable"
"CR-0000087296","ACV-0000178519","M","25","","None","Driver","Had Not Been Drinking","North","Stopped","Emergency Vehicle","None Apparent","1","Not Applicable","Not Applicable"
"CR-0000087302","ACV-0000178528","M","61","","Major","Driver","Had Not Been Drinking","South","Proceeding Straight","Panel Truck","Vision Obscurement","1","Not Applicable","Not Applicable"
"CR-0000087300","ACV-0000178526","","0","","Unknown","Driver","Impairment Not Known","East","Proceeding Straight","Car","Other","1","Unknown","Unknown"
"CR-0000087302","ACV-0000178529","M","65","","Not Applicable","Pedestrian","Impairment Not Known","West","Other (Ped)","Pedestrian","Other Violation","1","21950","Yield Pedestrian In Crosswalk"
"CR-0000087300","ACV-0000178525","F","50","","Not Applicable","Pedestrian","Impairment Not Known","South","Other (Ped)","Pedestrian","Other","1","Unknown","Unknown"
"CR-0000087301","ACV-0000178527","F","13","","Not Applicable","Bicycle","Had Not Been Drinking","South","Proceeding Straight","Bicycle","None Apparent","1","Unknown","Unknown"
"CR-0000087299","ACV-0000178523","M","0","","Moderate","Driver","Impairment Not Known","North","Proceeding Straight","Car","Other Violation","1","Unknown","Unknown"
"CR-0000087299","ACV-0000178524","M","56","","Not Applicable","Pedestrian","Impairment Not Known","West","Other (Ped)","Pedestrian","Unknown","1","Unknown","Unknown"
"CR-0000087303","ACV-0000178531","F","43","","Unknown","Driver","Impairment Not Known","South","Proceeding Straight","Car","Unknown","1","Unknown","Unknown"
"CR-0000087304","ACV-0000178532","M","27","","Not Applicable","Bicycle","Impairment Not Known","West","Proceeding Straight","Bicycle","Other Violation","1","21200","Laws Applied To Bike"
"CR-0000087304","ACV-0000178533","","0","","Unknown","Driver","Impairment Not Known","West","Making Right Turn","Panel Truck","None Apparent","1","Not Applicable","Not Applicable"
"CR-0000087305","ACV-0000178535","","0","","Unknown","Parked","Not Applicable","Not Applicable","Parked","Car","None Apparent","1","Not Applicable","Not Applicable"
"CR-0000087306","ACV-0000178536","M","23","","Unknown","Driver","Impairment Not Known","West","Making Right Turn","Car","None Apparent","1","Unknown","Unknown"