"CrashName","Name","Sex","Age","Speed","VehicleDamage","PartyCategory","Sobriety","VehicleDirection","MovementPrecedingCollision","PartyType","OtherAssociatedFactor","VehicleCount","ViolationCode","ViolationCodeDescription"
"CR-0000087303","ACV-0000178530","M","45","","Unknown","Driver","Impairment Not Known","South","Merging","Panel Truck","Unknown","1","Unknown","Unknown"
"CR-0000087305","ACV-0000178534","","0","","Unknown","Driver","Impairment Not Known","Unknown","Backing","Other","Unknown","1","Unknown","Unknown"
"CR-0000087306","ACV-0000178537","M","68","","Unknown","Driver","Impairment Not Known","West","Stopped","Car","None Apparent","1","Not Applicable","Not Applicable"
"CR-0000087309","ACV-0000178541","M","36","","Major","Driver","Had Not Been Drinking","West","Proceeding Straight","Car","None Apparent","1","Not Applicable","Not Applicable"
"CR-0000087308","ACV-0000178539","F","23","","Unknown","Driver","Impairment Not Known","East","Making U-Turn","Car","None Apparent","1","Not Applicable","Not Applicable"
"CR-0000087309","ACV-0000178542","M","42","","Moderate","Driver","Had Not Been Drinking","West","Proceeding Straight","Car","None Apparent","1","Not Applicable","Not Applicable"
"CR-0000087310","ACV-0000178544","M","26","","Unknown","Driver","Impairment Not Known","West","Making Left Turn","Car","None Apparent","1","Not Applicable","Not Applicable"
"CR-0000087308","ACV-0000178538","M","29","","Moderate","Driver","Impairment Not Known","East","Proceeding Straight","Car","None Apparent","1","Unknown","Unknown"
"CR-0000087309","ACV-0000178540","","0","","Unknown","Driver","Impairment Not Known","West","Changing Lanes","Panel Truck","Other Violation","1","22107","Unsafe Turn Movement"
"CR-0000087310","ACV-0000178543","","0","","Unknown","Driver","Impairment Not Known","West","Making Left Turn","Unknown","None Apparent","1","Unknown","Unknown"
"CR-0000087311","ACV-0000178545","M","62","","Not Applicable","Pedestrian","Had Not Been Drinking","South","Proceeding Straight","Pedestrian","None Apparent","1","Unknown","Unknown"
"CR-0000087311","ACV-0000178546","F","23","","Minor","Driver","Had Not Been Drinking","South","Making Left Turn","Car","None Apparent","1","Not Applicable","Not Applicable"
"CR-0000087312","ACV-0000178548","","0","","Not Applicable","Bicycle","Had Not Been Drinking","North","Other (Bike)","Bicycle","None Apparent","1","Not Applicable","Not Applicable"
"CR-0000087312","ACV-0000178547","","0","","None","Driver","Impairment Not Known","Unknown","Making U-Turn","Car","None Apparent","1","Unknown","Unknown"
"CR-0000087314","ACV-0000178553","","0","","Moderate","Parked","Impairment Not Known","Not Applicable","Unknown","Car","None Apparent","1","Not Applicable","Not Applicable"
"CR-0000087315","ACV-0000178555","M","60","","Unknown","Driver","Impairment Not Known","West","Stopped","Car","None Apparent","1","Not Applicable","Not Applicable"
"CR-0000087317","ACV-0000178559","","0","","Unknown","Driver","Impairment Not Known","South","Making Right Turn","Car","None Apparent","1","Unknown","Unknown"
"CR-0000087316","ACV-0000178556","","0","","Unknown","Driver","Impairment Not Known","East","Stopped","Unknown","Other Violation","1","22350","Speeding"
"CR-0000087316","ACV-0000178557","","0","","Major","Parked","Not Applicable","Not Applicable","Parked","Car","None Apparent","1","Not Applicable","Not Applicable"
"CR-0000087316","ACV-0000178558","","0","","Major","Parked","Not Applicable","Not Applicable","Parked","Car","None Apparent","1","Not Applicable","Not Applicable"
"CR-0000087313","ACV-0000178549","M","36","","Unknown","Driver","Had Been Drinking - Under Influence","South","Making Right Turn","Car","None Apparent","1","23152","Driving Drunk"
"CR-0000087313","ACV-0000178551","","0","","Minor","Parked","Not Applicable","Not Applicable","Parked","Car","None Apparent","1","Not Applicable","Not Applicable"
"CR-0000087324","ACV-0000178572","M","33","","Totaled","Driver","Had Been Drinking - Under Influence","East","Proceeding Straight","Car","Other Violation","1","21658","Unsafe Lane Change"
"CR-0000087318","ACV-0000178561","","0","","Unknown","Driver","Impairment Not Known","West","Proceeding Straight","Unknown","Unknown","1","Unknown","Unknown"
"CR-0000087322","ACV-0000178568","","0","","Unknown","Driver","Impairment Not Known","East","Stopped","Unknown","None Apparent","1","Unknown","Unknown"
"CR-0000087323","ACV-0000178570","M","49","","Moderate","Driver","Had Been Drinking - Under Influence","East","Proceeding Straight","Car","Other Violation","1","22350","Speeding"
"CR-0000087313","ACV-0000178550","","0","","Moderate","Parked","Not Applicable","Not Applicable","Parked","Car","None Apparent","1","Not Applicable","Not Applicable"
"CR-0000087314","ACV-0000178552","M","0","","Unknown","Driver","Impairment Not Known","East","Unknown","Panel Truck","Other Violation","1","22107","Unsafe Turn Movement"
"CR-0000087315","ACV-0000178554","","0","","Unknown","Driver","Impairment Not Known","East","Backing","Car","None Apparent","1","Not Applicable","Not Applicable"
"CR-0000087319","ACV-0000178563","M","43","","Moderate","Driver","Impairment Not Known","East","Changing Lanes","Car","Other Violation","1","22107","Unsafe Turn Movement"
"CR-0000087319","ACV-0000178564","M","38","","Minor","Driver","Had Not Been Drinking","East","Proceeding Straight","Car","None Apparent","1","Not Applicable","Not Applicable"
"CR-0000087320","ACV-0000178565","F","19","","Totaled","Driver","Had Been Drinking - Under Influence","East","Proceeding Straight","Car","Other Violation","1","23152","Driving Drunk"
"CR-0000087324","ACV-0000178573","","0","","Moderate","Parked","Not Applicable","Not Applicable","Parked","Car","None Apparent","1","Not Applicable","Not Applicable"
"CR-0000087324","ACV-0000178574","","0","","Moderate","Parked","Had Not Been Drinking","Not Applicable","Parked","Car","None Apparent","1","Not Applicable","Not Applicable"
"CR-0000087325","ACV-0000178576","","0","","Major","Parked","Not Applicable","Not Applicable","Parked","Car","None Apparent","1","Not Applicable","Not Applicable"
"CR-0000087317","ACV-0000178560","F","35","","Unknown","Driver","Impairment Not Known","South","Making Right Turn","Panel Truck","None Apparent","1","Not Applicable","Not Applicable"
"CR-0000087318","ACV-0000178562","M","46","","Unknown","Driver","Impairment Not Known","West","Making Right Turn","Car","None Apparent","1","Not Applicable","Not Applicable"
"CR-0000087326","ACV-0000178578","M","48","","Major","Driver","Impairment Not Known","South","Ran Off Road","Car","None Apparent","1","22350","Speeding"
"CR-0000087327","ACV-0000178580","M","18","","Major","Driver","Had Not Been Drinking","West","Making Right Turn","Car","None Apparent","1","Not Applicable","Not Applicable"
"CR-0000087329","ACV-0000178583","M","20","","Major","Driver","Impairment Not Known","South","Crossing Into Opposing Lane","Car","Other Violation","1","21460","Driving Over Centerline"
"CR-0000087325","ACV-0000178577","","0","","Minor","Parked","Impairment Not Known","Not Applicable","Parked","Panel Truck","None Apparent","1","Not Applicable","Not Applicable"
"CR-0000087330","ACV-0000178586","M","60","","Unknown","Driver","Impairment Not Known","East","Stopped","Car","None Apparent","1","Not Applicable","Not Applicable"
"CR-0000087321","ACV-0000178566","F","19","","Unknown","Driver","Impairment Not Known","West","Stopped","Car","None Apparent","1","Unknown","Unknown"
"CR-0000087327","ACV-0000178579","M","42","","Major","Driver","Had Not Been Drinking","South","Proceeding Straight","Car","None Apparent","1","22107","Unsafe Turn Movement"
"CR-0000087329","ACV-0000178584","M","21","","Major","Driver","Impairment Not Known","West","Making Right Turn","Car","None Apparent","1","12500","Unlicensed Driver"
"CR-0000087330","ACV-0000178585","","0","","Unknown","Driver","Impairment Not Known","East","Proceeding Straight","Unknown","None Apparent","1","Unknown","Unknown"
"CR-0000087321","ACV-0000178567","F","62","","Unknown","Parked","Not Applicable","Not Applicable","Parked","Car","None Apparent","1","Not Applicable","Not Applicable"
"CR-0000087322","ACV-0000178569","F","16","","Unknown","Driver","Impairment Not Known","East","Proceeding Straight","Car","None Apparent","1","Not Applicable","Not Applicable"
"CR-0000087323","ACV-0000178571","M","54","","Major","Driver","Had Not Been Drinking","East","Stopped","Car","None Apparent","1","Not Applicable","Not Applicable"
"CR-0000087325","ACV-0000178575","","0","","Unknown","Driver","Had Been Drinking - Impairment Unknown","South","Other Unsafe Turning","Car","Other Violation","1","22107","Unsafe Turn Movement"
"CR-0000087328","ACV-0000178581","","0","","Unknown","Unknown","Impairment Not Known","East","Proceeding Straight","Unknown","Other Violation","1","22350","Speeding"
"CR-0000087328","ACV-0000178582","F","64","","Moderate","Driver","Had Not Been Drinking","North","Proceeding Straight","Car","None Apparent","1","Not Applicable","Not Applicable"
"CR-0000087332","ACV-0000178592","","0","","Major","Parked","Not Applicable","Not Applicable","Parked","Car","Unknown","1","Not Applicable","Not Applicable"
"CR-0000087333","ACV-0000178594","M","59","","Not Applicable","Pedestrian","Impairment Not Known","East","Other (Ped)","Pedestrian","None Apparent","1","Not Applicable","Not Applicable"
"CR-0000087331","ACV-0000178587","","0","","Major","Driver","Impairment Not Known","North","Ran Off Road","Car","Other Violation","1","22350","Speeding"
"CR-0000087332","ACV-0000178588","M","53","","Major","Driver","Under Drug Influence","North","Other Unsafe Turning","Car","Other Violation","1","22107","Unsafe Turn Movement"
"CR-0000087332","ACV-0000178589","","0","","Major","Parked","Not Applicable","Not Applicable","Parked","Car","Unknown","1","Not Applicable","Not Applicable"
"CR-0000087332","ACV-0000178591","","0","","Minor","Parked","Not Applicable","Not Applicable","Parked","Car","Unknown","1","Not Applicable","Not Applicable"
"CR-0000087333","ACV-0000178593","M","19","","Minor","Driver","Had Not Been Drinking","North","Proceeding Straight","Car","Other Violation","1","22350","Speeding"
"CR-0000087332","ACV-0000178590","","0","","Major","Parked","Not Applicable","Not Applicable","Parked","Car","Unknown","1","Not Applicable","Not Applicable"
"CR-0000087334","ACV-0000178598","","0","","Moderate","Parked","Not Applicable","Not Applicable","Parked","Car","None Apparent","1","Not Applicable","Not Applicable"
"CR-0000087335","ACV-0000178600","M","18","","Minor","Driver","Had Been Drinking - Under Influence","North","Other Unsafe Turning","Car","Other Violation","1","22107","Unsafe Turn Movement"
"CR-0000087334","ACV-0000178595","M","23","","Moderate","Driver","Had Been Drinking - Under Influence","East","Proceeding Straight","Car","Other Violation","1","22350","Speeding"
"CR-0000087334","ACV-0000178599","","0","","Minor","Parked","Not Applicable","Not Applicable","Parked","Car","None Apparent","1","Not Applicable","Not Applicable"
"CR-0000087335","ACV-0000178601","M","42","","Minor","Parked","Not Applicable","Not Applicable","Parked","Panel Truck","None Apparent","1","Not Applicable","Not Applicable"
"CR-0000087337","ACV-0000178606","M","61","","Moderate","Parked","Not Applicable","Not Applicable","Parked","Car","Other Violation","1","Not Applicable","Not Applicable"
"CR-0000087335","ACV-0000178602","M","0","","Minor","Parked","Not Applicable","Not Applicable","Parked","Panel Truck","None Apparent","1","Not Applicable","Not Applicable"
"CR-0000087336","ACV-0000178603","","0","","Unknown","Unknown","Impairment Not Known","East","Backing","Unknown","None Apparent","1","Unknown","Unknown"
"CR-0000087336","ACV-0000178604","M","0","","Unknown","Parked","Not Applicable","Not Applicable","Parked","Car","None Apparent","1","Not Applicable","Not Applicable"
"CR-0000087338","ACV-0000178607","M","37","","Totaled","Driver","Had Been Drinking - Under Influence","South","Changing Lanes","Car","None Apparent","1","23152","Driving Drunk"
"CR-0000087338","ACV-0000178608","","0","","Major","Parked","Not Applicable","Not Applicable","Parked","Car","None Apparent","1","21658","Unsafe Lane Change"
"CR-0000087340","ACV-0000178612","M","62","","Major","Driver","Sleepy/Fatigued","North","Proceeding Straight","Panel Truck","None Apparent","1","22350","Speeding"
"CR-0000087337","ACV-0000178605","M","53","","Moderate","Driver","Impairment Not Known","South","Proceeding Straight","Car","Other Violation","1","22350","Speeding"
"CR-0000087339","ACV-0000178610","","0","","Unknown","Driver","Impairment Not Known","Unknown","Other","Unknown","None Apparent","1","Unknown","Unknown"
"CR-0000087334","ACV-0000178596","","0","","Moderate","Parked","Not Applicable","Not Applicable","Parked","Panel Truck","None Apparent","1","Not Applicable","Not Applicable"
"CR-0000087334","ACV-0000178597","","0","","Unknown","Parked","Not Applicable","Not Applicable","Parked","Car","None Apparent","1","Not Applicable","Not Applicable"
"CR-0000087340","ACV-0000178613","","0","","Major","Parked","Not Applicable","Not Applicable","Parked","Car","None Apparent","1","Not Applicable","Not Applicable"
"CR-0000087338","ACV-0000178609","","0","","Major","Parked","Not Applicable","Not Applicable","Parked","Car","None Apparent","1","Not Applicable","Not Applicable"
"CR-0000087339","ACV-0000178611","M","0","","Unknown","Parked","Not Applicable","Not Applicable","Parked","Car","None Apparent","1","Not Applicable","Not Applicable"
"CR-0000087342","ACV-0000178616","M","0","","Major","Driver","Impairment Not Known","West","Ran Off Road","Car","Other Violation","1","22350","Speeding"
"CR-0000087341","ACV-0000178614","","0","","Unknown","Driver","Impairment Not Known","Unknown","Unknown","Unknown","None Apparent","1","Unknown","Unknown"
"CR-0000087341","ACV-0000178615","M","0","","Unknown","Parked","Not Applicable","Not Applicable","Parked","Car","None Apparent","1","Not Applicable","Not Applicable"
"CR-0000087345","ACV-0000178620","","0","","Major","Driver","Impairment Not Known","South","Other Unsafe Turning","Car","Other Violation","1","22107","Unsafe Turn Movement"
"CR-0000087346","ACV-0000178621","M","42","","Moderate","Driver","Had Been Drinking - Under Influence","North","Making Right Turn","Panel Truck","Other Violation","1","22107","Unsafe Turn Movement"
"CR-0000087347","ACV-0000178624","","0","","Unknown","Driver","Impairment Not Known","East","Changing Lanes","Car","Other Violation","1","22107","Unsafe Turn Movement"
"CR-0000087353","ACV-0000178636","","0","","Minor","Parked","Not Applicable","Not Applicable","Parked","Car","None Apparent","1","Not Applicable","Not Applicable"
"CR-0000087348","ACV-0000178626","M","16","","Major","Driver","Not Applicable","South","Proceeding Straight","Panel Truck","Other Violation","1","Unknown","Unknown"
"CR-0000087346","ACV-0000178622","M","25","","None","Driver","Impairment Not Known","South","Proceeding Straight","Panel Truck","None Apparent","1","Not Applicable","Not Applicable"
"CR-0000087349","ACV-0000178629","M","66","","Moderate","Driver","Not Applicable","Not Applicable","Parked","Car","None Apparent","1","Not Applicable","Not Applicable"
"CR-0000087354","ACV-0000178638","F","30","","Moderate","Driver","Had Not Been Drinking","North","Making Left Turn","Car","None Apparent","1","Not Applicable","Not Applicable"
"CR-0000087355","ACV-0000178640","F","72","","Minor","Driver","Had Not Been Drinking","South","Proceeding Straight","Car","None Apparent","1","Not Applicable","Not Applicable"
"CR-0000087356","ACV-0000178641","F","25","","Moderate","Driver","Not Applicable","South","Stopped","Car","None Apparent","1","00001","Other Improper Driving"
"CR-0000087357","ACV-0000178643","M","75","","Major","Driver","Impairment Not Known","South","Entering Traffic","Car","None Apparent","1","21804","Yield From Driveway/Curb"
"CR-0000087354","ACV-0000178637","M","22","","Major","Driver","Had Not Been Drinking","South","Proceeding Straight","Car","None Apparent","1","21453","Run Red Light"
"CR-0000087353","ACV-0000178635","F","24","","Minor","Driver","Had Not Been Drinking","North","Making Left Turn","Car","Uninvolved Vehicle","1","22107","Unsafe Turn Movement"
"CR-0000087346","ACV-0000178623","","0","","Minor","Other","Impairment Not Known","South","Unknown","Car","None Apparent","1","Not Applicable","Not Applicable"
"CR-0000087347","ACV-0000178625","","0","","Moderate","Parked","Not Applicable","Not Applicable","Parked","Car","None Apparent","1","Not Applicable","Not Applicable"
"CR-0000087356","ACV-0000178642","M","30","","Moderate","Driver","Not Applicable","East","Stopped","Panel Truck","None Apparent","1","Not Applicable","Not Applicable"
"CR-0000087357","ACV-0000178646","F","42","","Major","Driver","Impairment Not Known","South","Proceeding Straight","Car","None Apparent","1","Not Applicable","Not Applicable"
"CR-0000087349","ACV-0000178628","M","20","","Major","Driver","Impairment Not Known","South","Making Left Turn","Car","Other Violation","1","22350","Speeding"
"CR-0000087348","ACV-0000178627","F","38","","Major","Driver","Not Applicable","East","Proceeding Straight","Car","None Apparent","1","Not Applicable","Not Applicable"
"CR-0000087355","ACV-0000178639","M","56","","Minor","Driver","Had Not Been Drinking","South","Entering Traffic","Car","None Apparent","1","21800","Yield Uncontrolled Intersection"
"CR-0000087358","ACV-0000178644","M","43","","Moderate","Driver","Had Been Drinking - Under Influence","North","Proceeding Straight","Panel Truck","Other Violation","1","Unknown","Unknown"
"CR-0000087351","ACV-0000178632","M","21","","Minor","Driver","Had Not Been Drinking","East","Backing","Car","Other Violation","1","22106","Unsafe Backing"
"CR-0000087352","ACV-0000178634","M","45","","Major","Driver","Had Not Been Drinking","South","Ran Off Road","Car","Inattention","1","22350","Speeding"
"CR-0000087358","ACV-0000178645","M","36","","Not Applicable","Pedestrian","Impairment Not Known","West","Other (Ped)","Pedestrian","None Apparent","1","Unknown","Unknown"
"CR-0000087344","ACV-0000178619","","0","","Moderate","Parked","Not Applicable","Not Applicable","Parked","Car","None Apparent","1","Not Applicable","Not Applicable"
"CR-0000087349","ACV-0000178630","M","66","","Minor","Parked","Not Applicable","Not Applicable","Parked","Car","None Apparent","1","Not Applicable","Not Applicable"
"CR-0000087350","ACV-0000178631","M","56","","Moderate","Driver","Had Not Been Drinking","South","Ran Off Road","Car","Uninvolved Vehicle","1","Not Applicable","Not Applicable"
"CR-0000087351","ACV-0000178633","F","21","","Minor","Driver","Had Not Been Drinking","West","Backing","Car","Other Violation","1","Not Applicable","Not Applicable"
"CR-0000087344","ACV-0000178618","","0","","Major","Driver","Impairment Not Known","South","Proceeding Straight","Car","Other Violation","1","22107","Unsafe Turn Movement"
"CR-0000087343","ACV-0000178617","M","31","","Minor","Driver","Impairment Not Known","West","Proceeding Straight","Car","None Apparent","1","Unknown","Unknown"
"CR-0000087359","ACV-0000178647","M","29","","Major","Driver","Had Not Been Drinking","North","Proceeding Straight","Car","Other Violation","1","22350","Speeding"
"CR-0000087362","ACV-0000178654","M","44","","Minor","Driver","Impairment Not Known","East","Proceeding Straight","Car","None Apparent","1","22106","Unsafe Backing"
"CR-0000087359","ACV-0000178648","","0","","Minor","Parked","Not Applicable","Not Applicable","Parked","Car","Unknown","1","Not Applicable","Not Applicable"
"CR-0000087361","ACV-0000178653","F","18","","Moderate","Driver","Had Not Been Drinking","South","Making Left Turn","Car","None Apparent","1","Not Applicable","Not Applicable"
"CR-0000087359","ACV-0000178649","","0","","Minor","Parked","Not Applicable","Not Applicable","Parked","Car","Unknown","1","Not Applicable","Not Applicable"
"CR-0000087360","ACV-0000178650","M","41","","Major","Driver","Had Been Drinking - Not Under Influence","West","Proceeding Straight","Panel Truck","None Apparent","1","22350","Speeding"
"CR-0000087360","ACV-0000178651","M","61","","Moderate","Driver","Had Been Drinking - Not Under Influence","West","Slowing/Stopping","Panel Truck","None Apparent","1","Not Applicable","Not Applicable"
"CR-0000087362","ACV-0000178655","M","42","","Minor","Driver","Impairment Not Known","East","Stopped","Car","None Apparent","1","Not Applicable","Not Applicable"
"CR-0000087361","ACV-0000178652","F","32","","Major","Driver","Had Not Been Drinking","West","Proceeding Straight","Car","Other Violation","1","21453","Run Red Light"
"CR-0000087376","ACV-0000178671","M","39","","Moderate","Driver","Had Not Been Drinking","South","Proceeding Straight","Car","None Apparent","1","Not Applicable","Not Applicable"
"CR-0000087374","ACV-0000178666","M","33","","Minor","Driver","Had Not Been Drinking","East","Making Left Turn","Car","None Apparent","1","21801","Yield Left Turn"
"CR-0000087372","ACV-0000178662","M","25","","Minor","Driver","Impairment Not Known","East","Making Left Turn","Car","None Apparent","1","21801","Yield Left Turn"
"CR-0000087377","ACV-0000178673","F","39","","Moderate","Driver","Had Not Been Drinking","West","Stopped","Car","Unknown","1","Not Applicable","Not Applicable"
"CR-0000087387","ACV-0000178692","M","29","","Moderate","Driver","Had Not Been Drinking","South","Passing Other Vehicles","Car","None Apparent","1","22107","Unsafe Turn Movement"
"CR-0000087382","ACV-0000178684","F","44","","Minor","Driver","Had Not Been Drinking","West","Proceeding Straight","Car","None Apparent","1","Not Applicable","Not Applicable"
"CR-0000087381","ACV-0000178681","M","40","","Moderate","Driver","Had Not Been Drinking","East","Making Right Turn","Car","Entering/Leaving Ramp","1","22350","Speeding"
"CR-0000087381","ACV-0000178682","F","51","","Minor","Driver","Had Not Been Drinking","East","Stopped","Motorcycle/Moped","Entering/Leaving Ramp","1","Not Applicable","Not Applicable"
"CR-0000087376","ACV-0000178670","M","42","","Minor","Driver","Had Not Been Drinking","South","Changing Lanes","Panel Truck","None Apparent","1","22107","Unsafe Turn Movement"
"CR-0000087377","ACV-0000178674","M","60","","Minor","Driver","Had Not Been Drinking","West","Stopped","Panel Truck","Unknown","1","Not Applicable","Not Applicable"
"CR-0000087371","ACV-0000178661","M","45","","Minor","Driver","Had Not Been Drinking","North","Proceeding Straight","Panel Truck","None Apparent","1","Unknown","Unknown"
"CR-0000087372","ACV-0000178663","M","51","","Major","Driver","Impairment Not Known","West","Proceeding Straight","Motorcycle/Moped","None Apparent","1","Not Applicable","Not Applicable"
"CR-0000087380","ACV-0000178680","F","44","","Major","Driver","Had Not Been Drinking","East","Proceeding Straight","Panel Truck","None Apparent","1","Not Applicable","Not Applicable"
"CR-0000087373","ACV-0000178664","","0","","Unknown","Driver","Impairment Not Known","East","Entering Traffic","Car","Unknown","1","Unknown","Unknown"
"CR-0000087377","ACV-0000178672","M","0","","Major","Driver","Had Not Been Drinking","West","Proceeding Straight","Car","Stop And Go Traffic","1","22350","Speeding"
"CR-0000087370","ACV-0000178659","","51","","Major","Driver","Had Not Been Drinking","North","Proceeding Straight","Panel Truck","None Apparent","1","Not Applicable","Not Applicable"
"CR-0000087382","ACV-0000178683","M","31","","Minor","Driver","Had Not Been Drinking","East","Making Left Turn","Car","None Apparent","1","21801","Yield Left Turn"
"CR-0000087371","ACV-0000178660","F","53","","Moderate","Driver","Had Not Been Drinking","North","Changing Lanes","Car","None Apparent","1","Unknown","Unknown"
"CR-0000087380","ACV-0000178679","F","44","","Major","Driver","Had Not Been Drinking","North","Proceeding Straight","Car","Unknown","1","21453","Run Red Light"
"CR-0000087369","ACV-0000178656","","0","","Unknown","Driver","Impairment Not Known","North","Proceeding Straight","Car","Other Violation","1","Not Applicable","Not Applicable"
"CR-0000087383","ACV-0000178686","","0","","Minor","Driver","Not Applicable","Not Applicable","Parked","Car","Unknown","1","Not Applicable","Not Applicable"
"CR-0000087377","ACV-0000178675","","0","","Unknown","Driver","Impairment Not Known","West","Stopped","Unknown","Unknown","1","Not Applicable","Not Applicable"
"CR-0000087384","ACV-0000178687","","0","","Moderate","Driver","Impairment Not Known","South","Proceeding Straight","Car","Other Violation","1","21703","Follow Too Closely"
"CR-0000087383","ACV-0000178685","M","25","","Minor","Driver","Had Not Been Drinking","West","Parking Maneuver","Car","Other","1","Unknown","Unknown"
"CR-0000087375","ACV-0000178668","M","52","","Major","Driver","Had Not Been Drinking","West","Making Left Turn","Car","None Apparent","1","21801","Yield Left Turn"
"CR-0000087374","ACV-0000178667","M","27","","Unknown","Driver","Had Not Been Drinking","West","Proceeding Straight","Car","None Apparent","1","Not Applicable","Not Applicable"
"CR-0000087373","ACV-0000178665","M","42","","Unknown","Driver","Impairment Not Known","North","Proceeding Straight","Car","Unknown","1","Unknown","Unknown"
"CR-0000087379","ACV-0000178678","","0","","Major","Parked","Not Applicable","Not Applicable","Parked","Other","Unknown","1","Not Applicable","Not Applicable"
"CR-0000087379","ACV-0000178677","M","74","","Major","Driver","Impairment Not Known","East","Proceeding Straight","Car","Unknown","1","22107","Unsafe Turn Movement"
"CR-0000087378","ACV-0000178676","M","46","","Major","Driver","Had Not Been Drinking","East","Proceeding Straight","Car","None Apparent","1","22350","Speeding"
"CR-0000087369","ACV-0000178657","F","51","","Not Applicable","Pedestrian","Impairment Not Known","Not Applicable","Other (Ped)","Pedestrian","Unknown","1","21956","Pedestrian On Roadway"
"CR-0000087385","ACV-0000178689","M","50","","Not Applicable","Bicycle","Impairment Not Known","East","Crossing Into Opposing Lane","Bicycle","None Apparent","1","22106","Unsafe Backing"
"CR-0000087387","ACV-0000178693","M","27","","None","Driver","Had Not Been Drinking","South","Making Right Turn","Panel Truck","None Apparent","1","Not Applicable","Not Applicable"
"CR-0000087385","ACV-0000178690","M","65","","Minor","Driver","Impairment Not Known","North","Proceeding Straight","Car","None Apparent","1","Not Applicable","Not Applicable"
"CR-0000087370","ACV-0000178658","M","63","","Moderate","Parked","Not Applicable","Not Applicable","Parked","Semi Truck","None Apparent","1","21461","Obey Traffic Control"
"CR-0000087386","ACV-0000178691","","0","","Major","Driver","Impairment Not Known","West","Proceeding Straight","Car","Other Violation","1","22350","Speeding"
"CR-0000087387","ACV-0000178694","M","44","","Minor","Driver","Had Not Been Drinking","East","Stopped","Panel Truck","None Apparent","1","Not Applicable","Not Applicable"
"CR-0000087384","ACV-0000178688","F","38","","Major","Driver","Had Not Been Drinking","South","Stopped","Car","None Apparent","1","Not Applicable","Not Applicable"
"CR-0000087375","ACV-0000178669","F","33","","Major","Driver","Had Not Been Drinking","East","Proceeding Straight","Car","None Apparent","1","Not Applicable","Not Applicable"
"CR-0000087402","ACV-0000178725","","0","","Minor","Parked","Not Applicable","Not Applicable","Parked","Car","Unknown","1","Not Applicable","Not Applicable"
"CR-0000087422","ACV-0000178764","M","27","","Major","Driver","Impairment Not Known","West","Proceeding Straight","Car","Other Violation","1","23103","Reckless Driving 2"
"CR-0000087388","ACV-0000178696","","23","","Minor","Driver","Had Not Been Drinking","South","Proceeding Straight","Car","None Apparent","1","Not Applicable","Not Applicable"
"CR-0000087416","ACV-0000178754","M","31","","Minor","Driver","Had Not Been Drinking","West","Proceeding Straight","Semi Truck","None Apparent","1","Not Applicable","Not Applicable"
"CR-0000087395","ACV-0000178711","F","67","","Minor","Driver","Had Not Been Drinking","South","Proceeding Straight","Car","None Apparent","1","Not Applicable","Not Applicable"
"CR-0000087408","ACV-0000178736","M","0","","Moderate","Driver","Had Not Been Drinking","North","Making Left Turn","Car","None Apparent","1","21801","Yield Left Turn"
"CR-0000087403","ACV-0000178727","M","31","","Major","Driver","Had Not Been Drinking","North","Making Right Turn","Car","Other Violation","1","22350","Speeding"
"CR-0000087426","ACV-0000178777","F","47","","Moderate","Driver","Had Not Been Drinking","West","Proceeding Straight","Car","None Apparent","1","Not Applicable","Not Applicable"
"CR-0000087405","ACV-0000178732","M","23","","Minor","Driver","Had Not Been Drinking","East","Stopped","Car","Unknown","1","Not Applicable","Not Applicable"
"CR-0000087425","ACV-0000178775","F","28","","Major","Driver","Had Been Drinking - Under Influence","East","Proceeding Straight","Car","None Apparent","1","23152","Driving Drunk"
"CR-0000087410","ACV-0000178739","F","18","","Minor","Driver","Impairment Not Known","North","Proceeding Straight","Car","Other Violation","1","22350","Speeding"
"CR-0000087394","ACV-0000178709","M","26","","Minor","Driver","Had Not Been Drinking","West","Stopped","Car","Unknown","1","Not Applicable","Not Applicable"
"CR-0000087399","ACV-0000178718","M","32","","Major","Driver","Had Not Been Drinking","South","Proceeding Straight","Car","Stop And Go Traffic","1","21703","Follow Too Closely"
"CR-0000087422","ACV-0000178767","F","28","","Major","Driver","Impairment Not Known","East","Proceeding Straight","Car","None Apparent","1","Not Applicable","Not Applicable"
"CR-0000087418","ACV-0000178757","M","64","","Minor","Driver","Had Been Drinking - Not Under Influence","West","Backing","Panel Truck","None Apparent","1","22106","Unsafe Backing"
"CR-0000087401","ACV-0000178723","F","29","","Moderate","Driver","Had Not Been Drinking","North","Making Left Turn","Car","None Apparent","1","Not Applicable","Not Applicable"
"CR-0000087404","ACV-0000178728","M","54","","Major","Driver","Impairment Not Known","West","Proceeding Straight","Panel Truck","None Apparent","1","22350","Speeding"
"CR-0000087411","ACV-0000178741","M","0","","Major","Driver","Impairment Not Known","East","Proceeding Straight","Car","None Apparent","1","22107","Unsafe Turn Movement"
"CR-0000087396","ACV-0000178713","F","26","","Moderate","Driver","Had Not Been Drinking","East","Stopped","Car","None Apparent","1","Not Applicable","Not Applicable"
"CR-0000087422","ACV-0000178765","F","37","","Totaled","Driver","Impairment Not Known","South","Proceeding Straight","Car","None Apparent","1","Not Applicable","Not Applicable"