"CrashName","Name","Sex","Age","Speed","VehicleDamage","PartyCategory","Sobriety","VehicleDirection","MovementPrecedingCollision","PartyType","OtherAssociatedFactor","VehicleCount","ViolationCode","ViolationCodeDescription"
"CR-0000087417","ACV-0000178755","M","24","","Moderate","Driver","Had Not Been Drinking","West","Proceeding Straight","Car","None Apparent","1","21703","Follow Too Closely"
"CR-0000087390","ACV-0000178700","F","49","","Minor","Driver","Had Not Been Drinking","North","Making Left Turn","Car","Other Violation","1","22107","Unsafe Turn Movement"
"CR-0000087400","ACV-0000178721","F","27","","Major","Driver","Impairment Not Known","West","Stopped","Car","None Apparent","1","Not Applicable","Not Applicable"
"CR-0000087404","ACV-0000178730","F","26","","Minor","Driver","Impairment Not Known","West","Stopped","Car","None Apparent","1","Not Applicable","Not Applicable"
"CR-0000087424","ACV-0000178773","M","24","","Minor","Driver","Had Not Been Drinking","West","Making Right Turn","Car","Previous Collision","1","22107","Unsafe Turn Movement"
"CR-0000087426","ACV-0000178778","F","46","","Minor","Driver","Had Not Been Drinking","East","Making U-Turn","Car","None Apparent","1","Not Applicable","Not Applicable"
"CR-0000087399","ACV-0000178719","M","37","","Moderate","Driver","Had Not Been Drinking","South","Stopped","Panel Truck","Stop And Go Traffic","1","Not Applicable","Not Applicable"
"CR-0000087406","ACV-0000178734","F","24","","Major","Driver","Had Not Been Drinking","South","Proceeding Straight","Car","None Apparent","1","Not Applicable","Not Applicable"
"CR-0000087411","ACV-0000178742","","0","","Major","Parked","Not Applicable","Not Applicable","Parked","Panel Truck","None Apparent","1","Not Applicable","Not Applicable"
"CR-0000087423","ACV-0000178771","M","42","","Major","Driver","Had Not Been Drinking","North","Proceeding Straight","Car","None Apparent","1","Not Applicable","Not Applicable"
"CR-0000087416","ACV-0000178753","F","68","","Major","Driver","Had Not Been Drinking","West","Changing Lanes","Car","None Apparent","1","Unknown","Unknown"
"CR-0000087422","ACV-0000178766","M","31","","Minor","Driver","Impairment Not Known","East","Proceeding Straight","Car","None Apparent","1","Not Applicable","Not Applicable"
"CR-0000087414","ACV-0000178749","M","47","","Totaled","Driver","Had Not Been Drinking","West","Making Left Turn","Car","None Apparent","1","22350","Speeding"
"CR-0000087419","ACV-0000178758","F","34","","Moderate","Driver","Had Not Been Drinking","East","Making Left Turn","Car","None Apparent","1","21801","Yield Left Turn"
"CR-0000087412","ACV-0000178746","M","29","","Not Applicable","Bicycle","Impairment Not Known","South","Proceeding Straight","Bicycle","None Apparent","1","Not Applicable","Not Applicable"
"CR-0000087423","ACV-0000178769","F","35","","Major","Driver","Had Not Been Drinking","South","Crossing Into Opposing Lane","Car","Inattention","1","21651","Divided Highway"
"CR-0000087388","ACV-0000178695","M","35","","Minor","Driver","Had Not Been Drinking","West","Slowing/Stopping","Emergency Vehicle","None Apparent","1","22450","Fail Stop/Sign"
"CR-0000087410","ACV-0000178740","F","43","","Minor","Driver","Impairment Not Known","North","Stopped","Car","None Apparent","1","Not Applicable","Not Applicable"
"CR-0000087393","ACV-0000178706","M","32","","Not Applicable","Bicycle","Had Not Been Drinking","South","Proceeding Straight","Bicycle","None Apparent","1","Not Applicable","Not Applicable"
"CR-0000087402","ACV-0000178724","","0","","Moderate","Driver","Impairment Not Known","East","Making Left Turn","Car","Other Violation","1","22107","Unsafe Turn Movement"
"CR-0000087395","ACV-0000178710","M","20","","Moderate","Driver","Had Not Been Drinking","North","Making U-Turn","Car","None Apparent","1","21801","Yield Left Turn"
"CR-0000087415","ACV-0000178751","M","71","","Major","Driver","Impairment Not Known","North","Making Left Turn","Car","None Apparent","1","21801","Yield Left Turn"
"CR-0000087421","ACV-0000178762","F","37","","Major","Driver","Had Not Been Drinking","East","Proceeding Straight","Car","None Apparent","1","21453","Run Red Light"
"CR-0000087391","ACV-0000178702","M","19","","Unknown","Driver","Sleepy/Fatigued","East","Proceeding Straight","Car","None Apparent","1","00001","Other Improper Driving"
"CR-0000087404","ACV-0000178729","F","39","","Moderate","Driver","Impairment Not Known","West","Stopped","Car","None Apparent","1","Not Applicable","Not Applicable"
"CR-0000087423","ACV-0000178770","M","60","","Major","Driver","Had Not Been Drinking","North","Proceeding Straight","Car","None Apparent","1","Not Applicable","Not Applicable"
"CR-0000087406","ACV-0000178733","M","22","","Moderate","Driver","Had Not Been Drinking","West","Making Left Turn","Car","None Apparent","1","21453","Run Red Light"
"CR-0000087409","ACV-0000178738","F","20","","Moderate","Driver","Had Not Been Drinking","East","Making Left Turn","Car","None Apparent","1","22350","Speeding"
"CR-0000087393","ACV-0000178705","M","34","","Minor","Driver","Had Not Been Drinking","North","Making Left Turn","Car","Other Violation","1","21801","Yield Left Turn"
"CR-0000087394","ACV-0000178707","M","19","","Minor","Driver","Had Not Been Drinking","West","Proceeding Straight","Car","Unknown","1","21703","Follow Too Closely"
"CR-0000087411","ACV-0000178744","","0","","Minor","Parked","Impairment Not Known","Not Applicable","Parked","Car","None Apparent","1","Not Applicable","Not Applicable"
"CR-0000087389","ACV-0000178698","M","28","","Moderate","Driver","Had Not Been Drinking","West","Proceeding Straight","Car","None Apparent","1","Not Applicable","Not Applicable"
"CR-0000087389","ACV-0000178697","M","37","","Moderate","Driver","Had Not Been Drinking","West","Proceeding Straight","Car","None Apparent","1","22350","Speeding"
"CR-0000087398","ACV-0000178716","M","22","","Minor","Driver","Had Been Drinking - Not Under Influence","South","Changing Lanes","Car","None Apparent","1","22107","Unsafe Turn Movement"
"CR-0000087408","ACV-0000178737","F","47","","Moderate","Driver","Had Not Been Drinking","East","Proceeding Straight","Car","None Apparent","1","Not Applicable","Not Applicable"
"CR-0000087402","ACV-0000178726","","0","","Minor","Parked","Not Applicable","Not Applicable","Parked","Car","Unknown","1","Not Applicable","Not Applicable"
"CR-0000087392","ACV-0000178704","F","53","","Minor","Driver","Had Not Been Drinking","West","Proceeding Straight","Car","Unknown","1","Not Applicable","Not Applicable"
"CR-0000087407","ACV-0000178735","M","17","","Moderate","Driver","Had Not Been Drinking","North","Changing Lanes","Car","Other","1","22107","Unsafe Turn Movement"
"CR-0000087389","ACV-0000178699","M","30","","Minor","Driver","Had Not Been Drinking","West","Proceeding Straight","Car","None Apparent","1","Not Applicable","Not Applicable"
"CR-0000087414","ACV-0000178750","M","23","","Moderate","Driver","Had Not Been Drinking","South","Making Left Turn","Car","None Apparent","1","21804","Yield From Driveway/Curb"
"CR-0000087420","ACV-0000178760","M","43","","Moderate","Driver","Had Not Been Drinking","East","Proceeding Straight","Car","Inattention","1","22350","Speeding"
"CR-0000087396","ACV-0000178712","M","18","","Moderate","Driver","Had Not Been Drinking","East","Proceeding Straight","Car","None Apparent","1","21658","Unsafe Lane Change"
"CR-0000087425","ACV-0000178776","M","37","","Moderate","Driver","Had Not Been Drinking","East","Stopped","Car","None Apparent","1","Not Applicable","Not Applicable"
"CR-0000087401","ACV-0000178722","F","48","","Moderate","Driver","Had Not Been Drinking","East","Proceeding Straight","Car","None Apparent","1","21453","Run Red Light"
"CR-0000087397","ACV-0000178715","M","25","","None","Driver","Impairment Not Known","North","Proceeding Straight","Car","Unknown","1","Not Applicable","Not Applicable"
"CR-0000087411","ACV-0000178743","","0","","Minor","Parked","Not Applicable","Not Applicable","Parked","Car","None Apparent","1","Not Applicable","Not Applicable"
"CR-0000087423","ACV-0000178772","M","28","","Minor","Parked","Not Applicable","Not Applicable","Parked","Panel Truck","None Apparent","1","Not Applicable","Not Applicable"
"CR-0000087398","ACV-0000178717","F","29","","Minor","Driver","Had Been Drinking - Not Under Influence","South","Proceeding Straight","Motorcycle/Moped","None Apparent","1","Not Applicable","Not Applicable"
"CR-0000087421","ACV-0000178763","M","51","","Moderate","Driver","Had Not Been Drinking","North","Proceeding Straight","Panel Truck","None Apparent","1","Not Applicable","Not Applicable"
"CR-0000087417","ACV-0000178756","F","24","","Moderate","Driver","Had Not Been Drinking","West","Proceeding Straight","Car","None Apparent","1","Not Applicable","Not Applicable"
"CR-0000087422","ACV-0000178768","F","40","","Major","Driver","Impairment Not Known","East","Proceeding Straight","Car","None Apparent","1","Not Applicable","Not Applicable"
"CR-0000087413","ACV-0000178748","M","62","","Moderate","Driver","Had Not Been Drinking","North","Making Left Turn","Car","None Apparent","1","Not Applicable","Not Applicable"
"CR-0000087419","ACV-0000178759","F","72","","Moderate","Driver","Had Not Been Drinking","West","Proceeding Straight","Car","None Apparent","1","Not Applicable","Not Applicable"
"CR-0000087412","ACV-0000178745","F","39","","Minor","Driver","Had Not Been Drinking","South","Making Right Turn","Car","None Apparent","1","22107","Unsafe Turn Movement"
"CR-0000087394","ACV-0000178708","F","23","","Minor","Driver","Had Not Been Drinking","West","Stopped","Car","Unknown","1","Not Applicable","Not Applicable"
"CR-0000087397","ACV-0000178714","M","35","","Not Applicable","Bicycle","Impairment Not Known","North","Other Unsafe Turning","Bicycle","Unknown","1","21200","Laws Applied To Bike"
"CR-0000087392","ACV-0000178703","F","23","","Moderate","Driver","Had Not Been Drinking","West","Entering Traffic","Car","Unknown","1","21804","Yield From Driveway/Curb"
"CR-0000087400","ACV-0000178720","F","40","","Major","Driver","Impairment Not Known","West","Proceeding Straight","Car","None Apparent","1","22350","Speeding"
"CR-0000087405","ACV-0000178731","M","19","","Moderate","Driver","Had Not Been Drinking","South","Making Right Turn","Car","Unknown","1","22107","Unsafe Turn Movement"
"CR-0000087424","ACV-0000178774","M","0","","Major","Driver","Had Not Been Drinking","West","Proceeding Straight","Car","Previous Collision","1","Not Applicable","Not Applicable"
"CR-0000087390","ACV-0000178701","M","50","","Moderate","Driver","Had Not Been Drinking","East","Proceeding Straight","Car","None Apparent","1","Not Applicable","Not Applicable"
"CR-0000087413","ACV-0000178747","M","57","","Moderate","Driver","Had Not Been Drinking","East","Proceeding Straight","Car","None Apparent","1","Unknown","Unknown"
"CR-0000087415","ACV-0000178752","F","32","","Major","Driver","Impairment Not Known","West","Proceeding Straight","Car","None Apparent","1","Not Applicable","Not Applicable"
"CR-0000087420","ACV-0000178761","","0","","Minor","Parked","Not Applicable","Not Applicable","Parked","Car","None Apparent","1","Not Applicable","Not Applicable"
"CR-0000087446","ACV-0000178812","F","21","","Major","Driver","Impairment Not Known","West","Proceeding Straight","Car","None Apparent","1","Not Applicable","Not Applicable"
"CR-0000087447","ACV-0000178814","M","22","","Not Applicable","Bicycle","Had Not Been Drinking","South","Proceeding Straight","Bicycle","Unknown","1","Not Applicable","Not Applicable"
"CR-0000087448","ACV-0000178816","F","29","","Minor","Driver","Had Not Been Drinking","South","Proceeding Straight","Car","None Apparent","1","Not Applicable","Not Applicable"
"CR-0000087439","ACV-0000178800","M","64","","Minor","Driver","Had Not Been Drinking","West","Proceeding Straight","Car","None Apparent","1","Not Applicable","Not Applicable"
"CR-0000087436","ACV-0000178794","","0","","Unknown","Driver","Impairment Not Known","South","Proceeding Straight","Car","Other Violation","1","Unknown","Unknown"
"CR-0000087455","ACV-0000178830","F","24","","Unknown","Driver","Impairment Not Known","East","Stopped","Car","Stop And Go Traffic","1","Not Applicable","Not Applicable"
"CR-0000087431","ACV-0000178786","F","29","","Unknown","Driver","Had Not Been Drinking","East","Crossing Into Opposing Lane","Car","None Apparent","1","21650","Driving Wrong Side"
"CR-0000087438","ACV-0000178798","F","32","","Minor","Driver","Had Not Been Drinking","East","Proceeding Straight","Car","None Apparent","1","Not Applicable","Not Applicable"
"CR-0000087437","ACV-0000178795","","0","","Unknown","Driver","Impairment Not Known","North","Proceeding Straight","Unknown","Other Violation","1","Unknown","Unknown"
"CR-0000087429","ACV-0000178782","F","35","","Moderate","Driver","Had Not Been Drinking","West","Proceeding Straight","Car","None Apparent","1","22350","Speeding"
"CR-0000087448","ACV-0000178815","M","32","","Not Applicable","Bicycle","Impairment Not Known","West","Proceeding Straight","Bicycle","None Apparent","1","21453","Run Red Light"
"CR-0000087438","ACV-0000178797","M","43","","None","Bicycle","Had Not Been Drinking","South","Proceeding Straight","Bicycle","None Apparent","1","22450","Fail Stop/Sign"
"CR-0000087445","ACV-0000178809","M","87","","Minor","Driver","Impairment Not Known","East","Proceeding Straight","Car","None Apparent","1","21453","Run Red Light"
"CR-0000087441","ACV-0000178803","F","36","","Major","Driver","Had Not Been Drinking","North","Proceeding Straight","Car","Other","1","22350","Speeding"
"CR-0000087435","ACV-0000178792","F","85","","Minor","Driver","Impairment Not Known","West","Making Left Turn","Car","None Apparent","1","21801","Yield Left Turn"
"CR-0000087430","ACV-0000178785","F","65","","Major","Driver","Impairment Not Known","North","Making Right Turn","Car","None Apparent","1","Not Applicable","Not Applicable"
"CR-0000087431","ACV-0000178787","F","51","","Moderate","Driver","Had Not Been Drinking","West","Proceeding Straight","Car","None Apparent","1","Not Applicable","Not Applicable"
"CR-0000087450","ACV-0000178820","","0","","Minor","Parked","Not Applicable","Not Applicable","Parked","Car","None Apparent","1","Not Applicable","Not Applicable"
"CR-0000087442","ACV-0000178805","M","27","","Major","Driver","Had Been Drinking - Not Under Influence","South","Proceeding Straight","Panel Truck","Other Violation","1","22107","Unsafe Turn Movement"
"CR-0000087437","ACV-0000178796","M","32","","Minor","Driver","Impairment Not Known","West","Making Left Turn","Panel Truck","None Apparent","1","Not Applicable","Not Applicable"
"CR-0000087452","ACV-0000178823","F","23","","None","Driver","Had Not Been Drinking","North","Proceeding Straight","Car","None Apparent","1","22100","Improper Turn"
"CR-0000087449","ACV-0000178817","M","0","","Major","Driver","Had Not Been Drinking","West","Making Left Turn","Car","None Apparent","1","21801","Yield Left Turn"
"CR-0000087455","ACV-0000178829","M","58","","Minor","Driver","Impairment Not Known","East","Proceeding Straight","Car","None Apparent","1","21703","Follow Too Closely"
"CR-0000087430","ACV-0000178784","M","17","","Moderate","Driver","Impairment Not Known","North","Proceeding Straight","Panel Truck","None Apparent","1","22350","Speeding"
"CR-0000087449","ACV-0000178818","M","48","","Major","Driver","Had Not Been Drinking","North","Proceeding Straight","Car","None Apparent","1","Not Applicable","Not Applicable"
"CR-0000087446","ACV-0000178811","M","38","","Major","Driver","Impairment Not Known","West","Making Left Turn","Car","None Apparent","1","21801","Yield Left Turn"
"CR-0000087450","ACV-0000178819","M","33","","Moderate","Driver","Impairment Physical","West","Proceeding Straight","Car","None Apparent","1","21755","Pass On Right"
"CR-0000087447","ACV-0000178813","M","22","","Unknown","Driver","Had Not Been Drinking","South","Proceeding Straight","Car","None Apparent","1","00001","Other Improper Driving"
"CR-0000087444","ACV-0000178808","M","61","","Major","Driver","Impairment Not Known","East","Proceeding Straight","Car","None Apparent","1","22350","Speeding"
"CR-0000087433","ACV-0000178790","M","21","","Minor","Driver","Had Not Been Drinking","North","Proceeding Straight","Motorcycle/Moped","None Apparent","1","Not Applicable","Not Applicable"
"CR-0000087440","ACV-0000178801","F","78","","Moderate","Driver","Had Not Been Drinking","East","Making Left Turn","Car","None Apparent","1","21453","Run Red Light"
"CR-0000087440","ACV-0000178802","F","25","","Moderate","Driver","Had Not Been Drinking","West","Proceeding Straight","Car","None Apparent","1","Not Applicable","Not Applicable"
"CR-0000087454","ACV-0000178827","","0","","Unknown","Driver","Impairment Not Known","South","Changing Lanes","Car","Other Violation","1","22107","Unsafe Turn Movement"
"CR-0000087432","ACV-0000178788","F","30","","Totaled","Driver","Impairment Not Known","West","Other Unsafe Turning","Car","None Apparent","1","22107","Unsafe Turn Movement"
"CR-0000087441","ACV-0000178804","M","46","","Minor","Parked","Not Applicable","Not Applicable","Parked","Car","None Apparent","1","Not Applicable","Not Applicable"
"CR-0000087427","ACV-0000178779","F","42","","Minor","Driver","Had Been Drinking - Under Influence","North","Backing","Car","Other Violation","1","22106","Unsafe Backing"
"CR-0000087429","ACV-0000178783","M","56","","Moderate","Driver","Had Not Been Drinking","South","Proceeding Straight","Car","None Apparent","1","Not Applicable","Not Applicable"
"CR-0000087439","ACV-0000178799","F","21","","Minor","Driver","Had Not Been Drinking","East","Making Left Turn","Car","None Apparent","1","21801","Yield Left Turn"
"CR-0000087428","ACV-0000178781","F","37","","Moderate","Driver","Had Not Been Drinking","South","Stopped","Car","None Apparent","1","Not Applicable","Not Applicable"
"CR-0000087451","ACV-0000178821","","0","","Unknown","Driver","Impairment Not Known","East","Making Right Turn","Panel Truck","Other Violation","1","22100","Improper Turn"
"CR-0000087443","ACV-0000178806","M","45","","Minor","Driver","Impairment Not Known","North","Backing","Semi Truck","Unknown","1","22106","Unsafe Backing"
"CR-0000087452","ACV-0000178824","M","39","","Not Applicable","Bicycle","Had Not Been Drinking","West","Proceeding Straight","Bicycle","None Apparent","1","Not Applicable","Not Applicable"
"CR-0000087435","ACV-0000178793","F","61","","Minor","Driver","Impairment Not Known","East","Proceeding Straight","Car","Other Violation","1","Not Applicable","Not Applicable"
"CR-0000087454","ACV-0000178828","M","66","","Minor","Driver","Had Been Drinking - Not Under Influence","South","Proceeding Straight","Car","None Apparent","1","Not Applicable","Not Applicable"
"CR-0000087453","ACV-0000178826","M","23","","Minor","Parked","Not Applicable","Not Applicable","Parked","Car","None Apparent","1","Not Applicable","Not Applicable"
"CR-0000087434","ACV-0000178791","F","53","","Major","Driver","Had Not Been Drinking","East","Proceeding Straight","Unknown","Inattention","1","Unknown","Unknown"
"CR-0000087433","ACV-0000178789","M","48","","Moderate","Driver","Had Not Been Drinking","West","Making Left Turn","Panel Truck","None Apparent","1","21804","Yield From Driveway/Curb"
"CR-0000087451","ACV-0000178822","M","55","","Minor","Driver","Impairment Not Known","East","Stopped","Car","None Apparent","1","Not Applicable","Not Applicable"
"CR-0000087453","ACV-0000178825","","0","","Unknown","Driver","Impairment Not Known","East","Backing","Unknown","Other Violation","1","22106","Unsafe Backing"
"CR-0000087445","ACV-0000178810","F","63","","Minor","Driver","Impairment Not Known","North","Making Left Turn","Car","None Apparent","1","Not Applicable","Not Applicable"
"CR-0000087428","ACV-0000178780","F","49","","None","Driver","Had Not Been Drinking","East","Backing","Car","Other Violation","1","22106","Unsafe Backing"
"CR-0000087443","ACV-0000178807","M","44","","Major","Driver","Impairment Not Known","West","Stopped","Panel Truck","None Apparent","1","Not Applicable","Not Applicable"
"CR-0000087458","ACV-0000178834","M","73","","Minor","Driver","Had Been Drinking - Not Under Influence","North","Proceeding Straight","Panel Truck","Unknown","1","Not Applicable","Not Applicable"
"CR-0000087460","ACV-0000178837","M","26","","Major","Driver","Had Been Drinking - Under Influence","West","Proceeding Straight","Car","None Apparent","1","22350","Speeding"
"CR-0000087457","ACV-0000178832","F","35","","Not Applicable","Pedestrian","Impairment Not Known","Not Applicable","Other (Ped)","Pedestrian","None Apparent","1","Not Applicable","Not Applicable"
"CR-0000087461","ACV-0000178838","","0","","Unknown","Parked","Not Applicable","Not Applicable","Parked","Car","Unknown","1","Unknown","Unknown"
"CR-0000087458","ACV-0000178833","M","38","","Not Applicable","Pedestrian","Impairment Not Known","East","Other (Ped)","Pedestrian","Unknown","1","21954","Pedestrian Yield Car"
"CR-0000087457","ACV-0000178831","M","37","","None","Driver","Had Not Been Drinking","North","Backing","Car","None Apparent","1","22106","Unsafe Backing"
"CR-0000087459","ACV-0000178835","M","13","","Not Applicable","Bicycle","Had Not Been Drinking","East","Other (Bike)","Bicycle","Unknown","1","21954","Pedestrian Yield Car"
"CR-0000087459","ACV-0000178836","F","59","","Minor","Driver","Had Not Been Drinking","North","Proceeding Straight","Car","Unknown","1","Not Applicable","Not Applicable"
"CR-0000087461","ACV-0000178839","","0","","Unknown","Driver","Impairment Not Known","Unknown","Unknown","Unknown","Unknown","1","Unknown","Unknown"
"CR-0000087463","ACV-0000178842","","0","","Unknown","Driver","Impairment Not Known","Unknown","Proceeding Straight","Car","Unknown","1","Unknown","Unknown"
"CR-0000087462","ACV-0000178841","M","64","","Major","Driver","Had Not Been Drinking","East","Proceeding Straight","Car","Unknown","1","Not Applicable","Not Applicable"
"CR-0000087462","ACV-0000178840","F","46","","Major","Driver","Sleepy/Fatigued","North","Proceeding Straight","Car","Unknown","1","00002","Fell Asleep"
"CR-0000087463","ACV-0000178843","M","42","","Unknown","Driver","Impairment Not Known","Unknown","Stopped","Panel Truck","Unknown","1","Unknown","Unknown"
"CR-0000087493","ACV-0000178909","M","44","","Major","Driver","Had Been Drinking - Under Influence","North","Proceeding Straight","Car","Other","1","22350","Speeding"
"CR-0000087484","ACV-0000178893","M","21","","Moderate","Driver","Had Not Been Drinking","North","Entering Traffic","Car","Runaway Vehicle","1","21804","Yield From Driveway/Curb"
"CR-0000087494","ACV-0000178911","","0","","Major","Driver","Impairment Not Known","East","Proceeding Straight","Motorcycle/Moped","Other Violation","1","21453","Run Red Light"
"CR-0000087467","ACV-0000178852","","0","","Minor","Parked","Not Applicable","Not Applicable","Parked","Car","Unknown","1","Not Applicable","Not Applicable"
"CR-0000087480","ACV-0000178885","F","35","","Major","Parked","Not Applicable","Not Applicable","Parked","Car","None Apparent","1","Not Applicable","Not Applicable"
"CR-0000087479","ACV-0000178882","","0","","Unknown","Parked","Not Applicable","Not Applicable","Parked","Car","None Apparent","1","Not Applicable","Not Applicable"
"CR-0000087468","ACV-0000178854","","0","","Moderate","Parked","Not Applicable","Not Applicable","Parked","Panel Truck","None Apparent","1","Not Applicable","Not Applicable"
"CR-0000087468","ACV-0000178856","","0","","Major","Parked","Not Applicable","Not Applicable","Parked","Car","None Apparent","1","Not Applicable","Not Applicable"
"CR-0000087488","ACV-0000178901","M","38","","Major","Driver","Had Not Been Drinking","North","Proceeding Straight","Car","None Apparent","1","22350","Speeding"
"CR-0000087486","ACV-0000178899","M","38","","Major","Driver","Impairment Not Known","South","Making Left Turn","Car","None Apparent","1","22350","Speeding"
"CR-0000087474","ACV-0000178867","M","63","","Minor","Driver","Had Not Been Drinking","West","Proceeding Straight","Car","None Apparent","1","22350","Speeding"
"CR-0000087481","ACV-0000178888","M","61","","Minor","Parked","Not Applicable","Not Applicable","Parked","Car","None Apparent","1","Not Applicable","Not Applicable"
"CR-0000087475","ACV-0000178871","M","28","","Minor","Driver","Had Not Been Drinking","East","Making Left Turn","Car","Unknown","1","Unknown","Unknown"
"CR-0000087468","ACV-0000178855","","0","","Major","Parked","Not Applicable","Not Applicable","Parked","Car","None Apparent","1","Not Applicable","Not Applicable"
"CR-0000087480","ACV-0000178886","M","37","","Minor","Parked","Not Applicable","Not Applicable","Parked","Car","None Apparent","1","Not Applicable","Not Applicable"
"CR-0000087482","ACV-0000178890","M","22","","Major","Driver","Impairment Not Known","West","Proceeding Straight","Car","Other Violation","1","22350","Speeding"
"CR-0000087478","ACV-0000178877","F","34","","Moderate","Driver","Had Not Been Drinking","West","Proceeding Straight","Car","Other Violation","1","22350","Speeding"
"CR-0000087480","ACV-0000178884","M","33","","Moderate","Driver","Had Been Drinking - Under Influence","East","Proceeding Straight","Car","Other Violation","1","23152","Driving Drunk"
"CR-0000087473","ACV-0000178866","M","17","","Major","Driver","Had Not Been Drinking","North","Proceeding Straight","Car","None Apparent","1","22350","Speeding"
"CR-0000087478","ACV-0000178878","","0","","Moderate","Parked","Not Applicable","Not Applicable","Parked","Car","None Apparent","1","Not Applicable","Not Applicable"
"CR-0000087477","ACV-0000178876","M","17","","Major","Driver","Impairment Not Known","West","Proceeding Straight","Car","Unknown","1","Not Applicable","Not Applicable"
"CR-0000087472","ACV-0000178865","F","76","","Minor","Driver","Impairment Not Known","East","Proceeding Straight","Car","Unknown","1","Not Applicable","Not Applicable"
"CR-0000087487","ACV-0000178900","","0","","Major","Driver","Impairment Not Known","South","Proceeding Straight","Car","Other Violation","1","21658","Unsafe Lane Change"
"CR-0000087491","ACV-0000178906","F","21","","Moderate","Driver","Had Been Drinking - Under Influence","East","Ran Off Road","Car","Other Violation","1","23152","Driving Drunk"
"CR-0000087471","ACV-0000178862","","0","","Moderate","Parked","Not Applicable","Not Applicable","Parked","Panel Truck","Unknown","1","Not Applicable","Not Applicable"
"CR-0000087476","ACV-0000178874","F","34","","Unknown","Driver","Had Not Been Drinking","South","Stopped","Car","None Apparent","1","Not Applicable","Not Applicable"
"CR-0000087471","ACV-0000178861","","0","","Major","Driver","Impairment Not Known","West","Proceeding Straight","Car","Other Violation","1","Unknown","Unknown"
"CR-0000087472","ACV-0000178864","","0","","Unknown","Driver","Impairment Not Known","East","Passing Other Vehicles","Car","Other Violation","1","21658","Unsafe Lane Change"
"CR-0000087495","ACV-0000178913","M","46","","Major","Driver","Impairment Not Known","South","Proceeding Straight","Car","Other Violation","1","22108","Duration/Signal"
"CR-0000087466","ACV-0000178849","F","19","","Major","Driver","Had Been Drinking - Under Influence","South","Other Unsafe Turning","Car","Other Violation","1","23152","Driving Drunk"
"CR-0000087467","ACV-0000178850","M","24","","Major","Driver","Had Been Drinking - Under Influence","North","Proceeding Straight","Car","Speeding","1","23152","Driving Drunk"
"CR-0000087477","ACV-0000178875","M","25","","Moderate","Driver","Impairment Not Known","East","Making Left Turn","Car","Unknown","1","22107","Unsafe Turn Movement"
"CR-0000087476","ACV-0000178872","M","27","","Unknown","Driver","Had Not Been Drinking","South","Proceeding Straight","Car","None Apparent","1","21703","Follow Too Closely"
"CR-0000087492","ACV-0000178907","M","52","","Minor","Driver","Had Not Been Drinking","West","Entering Traffic","Car","None Apparent","1","21804","Yield From Driveway/Curb"
"CR-0000087474","ACV-0000178868","M","64","","Minor","Driver","Had Not Been Drinking","West","Making Right Turn","Car","None Apparent","1","Not Applicable","Not Applicable"
"CR-0000087470","ACV-0000178859","M","57","","Major","Driver","Had Been Drinking - Under Influence","East","Proceeding Straight","Car","Other Violation","1","23152","Driving Drunk"
"CR-0000087492","ACV-0000178908","F","25","","Minor","Driver","Had Not Been Drinking","West","Proceeding Straight","Car","None Apparent","1","12500","Unlicensed Driver"
"CR-0000087465","ACV-0000178848","","0","","Unknown","Parked","Not Applicable","Not Applicable","Parked","Panel Truck","Unknown","1","Unknown","Unknown"
"CR-0000087484","ACV-0000178894","F","67","","Moderate","Driver","Had Not Been Drinking","East","Entering Traffic","Car","Runaway Vehicle","1","21804","Yield From Driveway/Curb"
"CR-0000087495","ACV-0000178914","","0","","Major","Parked","Not Applicable","Not Applicable","Parked","Car","None Apparent","1","Not Applicable","Not Applicable"
"CR-0000087481","ACV-0000178889","F","25","","Minor","Parked","Not Applicable","Not Applicable","Parked","Car","None Apparent","1","Not Applicable","Not Applicable"
"CR-0000087489","ACV-0000178902","M","74","","Moderate","Driver","Had Not Been Drinking","East","Proceeding Straight","Car","None Apparent","1","21802","Yield Stop Sign"
"CR-0000087468","ACV-0000178853","","0","","Major","Driver","Impairment Not Known","West","Proceeding Straight","Car","Other Violation","1","22350","Speeding"
"CR-0000087485","ACV-0000178898","M","34","","Minor","Parked","Not Applicable","Not Applicable","Parked","Car","None Apparent","1","Not Applicable","Not Applicable"
"CR-0000087494","ACV-0000178912","F","19","","Moderate","Driver","Impairment Not Known","North","Proceeding Straight","Car","None Apparent","1","Not Applicable","Not Applicable"
"CR-0000087464","ACV-0000178844","M","21","","Minor","Driver","Had Been Drinking - Under Influence","East","Proceeding Straight","Car","Improper Turn","1","23152","Driving Drunk"
"CR-0000087485","ACV-0000178896","F","44","","Moderate","Parked","Not Applicable","Not Applicable","Parked","Car","None Apparent","1","Not Applicable","Not Applicable"
"CR-0000087490","ACV-0000178904","M","32","","Major","Driver","Had Been Drinking - Under Influence","East","Making Right Turn","Car","Other Violation","1","23152","Driving Drunk"
"CR-0000087479","ACV-0000178883","","0","","Unknown","Parked","Not Applicable","Not Applicable","Parked","Car","None Apparent","1","Not Applicable","Not Applicable"
"CR-0000087465","ACV-0000178847","","0","","Unknown","Driver","Impairment Not Known","Unknown","Proceeding Straight","Car","Unknown","1","Unknown","Unknown"