"CrashName","Name","Sex","Age","Speed","VehicleDamage","PartyCategory","Sobriety","VehicleDirection","MovementPrecedingCollision","PartyType","OtherAssociatedFactor","VehicleCount","ViolationCode","ViolationCodeDescription"
"CR-0000087495","ACV-0000178915","","0","","Minor","Parked","Not Applicable","Not Applicable","Parked","Panel Truck","None Apparent","1","Not Applicable","Not Applicable"
"CR-0000087490","ACV-0000178905","","0","","Major","Parked","Not Applicable","Not Applicable","Parked","Panel Truck","None Apparent","1","Not Applicable","Not Applicable"
"CR-0000087479","ACV-0000178880","M","36","","Minor","Driver","Sleepy/Fatigued","East","Proceeding Straight","Panel Truck","Inattention","1","21658","Unsafe Lane Change"
"CR-0000087485","ACV-0000178897","F","38","","Moderate","Parked","Not Applicable","Not Applicable","Parked","Car","None Apparent","1","Not Applicable","Not Applicable"
"CR-0000087475","ACV-0000178870","M","27","","Moderate","Driver","Had Not Been Drinking","East","Making Left Turn","Car","Inattention","1","Unknown","Unknown"
"CR-0000087483","ACV-0000178891","","0","","Major","Driver","Had Been Drinking - Impairment Unknown","East","Proceeding Straight","Car","Other Violation","1","22350","Speeding"
"CR-0000087468","ACV-0000178857","","0","","Moderate","Parked","Not Applicable","Not Applicable","Parked","Car","None Apparent","1","Not Applicable","Not Applicable"
"CR-0000087471","ACV-0000178863","","0","","None","Parked","Not Applicable","Not Applicable","Parked","Car","Unknown","1","Not Applicable","Not Applicable"
"CR-0000087481","ACV-0000178887","F","25","","Minor","Driver","Had Been Drinking - Under Influence","North","Proceeding Straight","Car","Other Violation","1","23152","Driving Drunk"
"CR-0000087479","ACV-0000178881","","0","","Unknown","Parked","Not Applicable","Not Applicable","Proceeding Straight","Car","None Apparent","1","Not Applicable","Not Applicable"
"CR-0000087493","ACV-0000178910","M","44","","Minor","Driver","Had Not Been Drinking","North","Proceeding Straight","Semi Truck","None Apparent","1","Not Applicable","Not Applicable"
"CR-0000087476","ACV-0000178873","M","35","","Unknown","Driver","Had Not Been Drinking","South","Stopped","Car","None Apparent","1","Not Applicable","Not Applicable"
"CR-0000087478","ACV-0000178879","","0","","Minor","Parked","Not Applicable","Not Applicable","Parked","Car","None Apparent","1","Not Applicable","Not Applicable"
"CR-0000087475","ACV-0000178869","M","44","","Minor","Driver","Had Not Been Drinking","South","Proceeding Straight","Car","Inattention","1","Unknown","Unknown"
"CR-0000087483","ACV-0000178892","","0","","Major","Parked","Not Applicable","Not Applicable","Parked","Car","None Apparent","1","Not Applicable","Not Applicable"
"CR-0000087489","ACV-0000178903","F","38","","Major","Driver","Had Not Been Drinking","South","Proceeding Straight","Car","None Apparent","1","Not Applicable","Not Applicable"
"CR-0000087464","ACV-0000178846","","0","","Moderate","Parked","Not Applicable","Not Applicable","Parked","Car","Unknown","1","Not Applicable","Not Applicable"
"CR-0000087485","ACV-0000178895","M","59","","Major","Driver","Had Been Drinking - Under Influence","South","Making Right Turn","Car","None Apparent","1","22100","Improper Turn"
"CR-0000087469","ACV-0000178858","M","21","","Minor","Driver","Impairment Not Known","East","Proceeding Straight","Car","Inattention","1","22350","Speeding"
"CR-0000087467","ACV-0000178851","","0","","Major","Parked","Not Applicable","Not Applicable","Parked","Car","Unknown","1","Not Applicable","Not Applicable"
"CR-0000087470","ACV-0000178860","","0","","Minor","Parked","Not Applicable","Not Applicable","Parked","Car","None Apparent","1","Not Applicable","Not Applicable"
"CR-0000087464","ACV-0000178845","","0","","Moderate","Parked","Not Applicable","Not Applicable","Parked","Car","Unknown","1","Not Applicable","Not Applicable"
"CR-0000087520","ACV-0000178965","F","12","","Not Applicable","Bicycle","Impairment Not Known","South","Merging","Bicycle","None Apparent","1","Not Applicable","Not Applicable"
"CR-0000087497","ACV-0000178919","","0","","Minor","Parked","Not Applicable","Not Applicable","Parked","Car","None Apparent","1","Not Applicable","Not Applicable"
"CR-0000087513","ACV-0000178952","F","38","","Moderate","Driver","Had Not Been Drinking","North","Making Left Turn","Car","None Apparent","1","Not Applicable","Not Applicable"
"CR-0000087501","ACV-0000178927","","0","","Moderate","Driver","Impairment Not Known","South","Making Left Turn","Panel Truck","Other Violation","1","22350","Speeding"
"CR-0000087516","ACV-0000178957","M","67","","Minor","Driver","Had Not Been Drinking","East","Making Right Turn","Car","None Apparent","1","Not Applicable","Not Applicable"
"CR-0000087509","ACV-0000178943","F","60","","Minor","Driver","Had Been Drinking - Under Influence","South","Entering Traffic","Car","Other Violation","1","21804","Yield From Driveway/Curb"
"CR-0000087500","ACV-0000178924","F","0","","Major","Driver","Impairment Not Known","East","Proceeding Straight","Car","Other Violation","1","23103","Reckless Driving 2"
"CR-0000087515","ACV-0000178954","","0","","Unknown","Driver","Impairment Not Known","South","Other","Unknown","Other Violation","1","Unknown","Unknown"
"CR-0000087505","ACV-0000178933","M","48","","Major","Driver","Had Not Been Drinking","North","Proceeding Straight","Panel Truck","Inattention","1","22350","Speeding"
"CR-0000087512","ACV-0000178949","M","38","","Moderate","Driver","Had Not Been Drinking","East","Making Left Turn","Car","Inattention","1","21453","Run Red Light"
"CR-0000087508","ACV-0000178941","","0","","Unknown","Driver","Impairment Not Known","West","Proceeding Straight","Car","Other Violation","1","21453","Run Red Light"
"CR-0000087498","ACV-0000178922","","0","","Moderate","Parked","Not Applicable","Not Applicable","Parked","Car","None Apparent","1","Not Applicable","Not Applicable"
"CR-0000087502","ACV-0000178928","","0","","Unknown","Driver","Impairment Not Known","East","Other","Car","Other Violation","1","Unknown","Unknown"
"CR-0000087517","ACV-0000178958","","0","","Unknown","Driver","Impairment Not Known","North","Proceeding Straight","Car","Other Violation","1","22350","Speeding"
"CR-0000087520","ACV-0000178964","M","54","","Minor","Driver","Had Not Been Drinking","South","Proceeding Straight","Car","Other Violation","1","21658","Unsafe Lane Change"
"CR-0000087519","ACV-0000178963","M","46","","Minor","Driver","Had Not Been Drinking","West","Stopped","Car","None Apparent","1","Not Applicable","Not Applicable"
"CR-0000087504","ACV-0000178931","","0","","Unknown","Driver","Impairment Not Known","North","Making Right Turn","Car","Other Violation","1","22107","Unsafe Turn Movement"
"CR-0000087510","ACV-0000178946","F","29","","Moderate","Driver","Impairment Not Known","North","Proceeding Straight","Car","None Apparent","1","Not Applicable","Not Applicable"
"CR-0000087518","ACV-0000178961","F","22","","Minor","Driver","Had Not Been Drinking","South","Proceeding Straight","Car","None Apparent","1","Not Applicable","Not Applicable"
"CR-0000087507","ACV-0000178939","","0","","Major","Parked","Not Applicable","Not Applicable","Parked","Car","None Apparent","1","Not Applicable","Not Applicable"
"CR-0000087500","ACV-0000178926","M","44","","Minor","Driver","Had Not Been Drinking","East","Stopped","Car","None Apparent","1","Not Applicable","Not Applicable"
"CR-0000087516","ACV-0000178956","M","41","","Minor","Driver","Had Not Been Drinking","East","Proceeding Straight","Motorcycle/Moped","Other Violation","1","22350","Speeding"
"CR-0000087498","ACV-0000178920","F","25","","Major","Driver","Had Been Drinking - Under Influence","South","Proceeding Straight","Car","Other Violation","1","23152","Driving Drunk"
"CR-0000087512","ACV-0000178950","F","23","","Major","Driver","Had Not Been Drinking","West","Proceeding Straight","Car","None Apparent","1","Not Applicable","Not Applicable"
"CR-0000087507","ACV-0000178940","F","0","","Major","Parked","Not Applicable","Not Applicable","Parked","Car","None Apparent","1","Not Applicable","Not Applicable"
"CR-0000087499","ACV-0000178923","M","52","","Moderate","Driver","Had Been Drinking - Under Influence","North","Other Unsafe Turning","Car","Other Violation","1","22107","Unsafe Turn Movement"
"CR-0000087514","ACV-0000178953","M","29","","Minor","Driver","Had Been Drinking - Under Influence","North","Proceeding Straight","Car","Other Violation","1","22350","Speeding"
"CR-0000087503","ACV-0000178930","F","43","","Moderate","Driver","Had Not Been Drinking","North","Making Left Turn","Car","Entering/Leaving Ramp","1","Not Applicable","Not Applicable"
"CR-0000087506","ACV-0000178936","M","26","","Moderate","Driver","Impairment Not Known","East","Stopped","Panel Truck","None Apparent","1","Not Applicable","Not Applicable"
"CR-0000087509","ACV-0000178944","F","0","","Minor","Driver","Had Not Been Drinking","West","Proceeding Straight","Car","None Apparent","1","Not Applicable","Not Applicable"
"CR-0000087517","ACV-0000178959","M","60","","Unknown","Driver","Had Not Been Drinking","North","Stopped","Car","None Apparent","1","Not Applicable","Not Applicable"
"CR-0000087518","ACV-0000178960","F","0","","Unknown","Driver","Impairment Not Known","South","Entering Traffic","Unknown","Other Violation","1","22107","Unsafe Turn Movement"
"CR-0000087497","ACV-0000178918","","0","","Unknown","Driver","Had Been Drinking - Under Influence","North","Proceeding Straight","Car","Other Violation","1","23152","Driving Drunk"
"CR-0000087503","ACV-0000178929","M","0","","Unknown","Driver","Impairment Not Known","West","Proceeding Straight","Unknown","Other Violation","1","21453","Run Red Light"
"CR-0000087498","ACV-0000178921","","0","","Minor","Parked","Not Applicable","Not Applicable","Parked","Car","None Apparent","1","Not Applicable","Not Applicable"
"CR-0000087513","ACV-0000178951","","0","","Major","Driver","Impairment Not Known","East","Proceeding Straight","Motorcycle/Moped","Other Violation","1","21453","Run Red Light"
"CR-0000087511","ACV-0000178948","M","47","","Moderate","Driver","Had Not Been Drinking","West","Proceeding Straight","Car","None Apparent","1","Not Applicable","Not Applicable"
"CR-0000087506","ACV-0000178937","M","36","","Major","Driver","Impairment Not Known","East","Stopped","Car","None Apparent","1","Not Applicable","Not Applicable"
"CR-0000087511","ACV-0000178947","M","50","","Moderate","Driver","Had Been Drinking - Under Influence","North","Making Right Turn","Car","None Apparent","1","22107","Unsafe Turn Movement"
"CR-0000087508","ACV-0000178942","F","41","","Moderate","Driver","Had Not Been Drinking","North","Proceeding Straight","Car","None Apparent","1","Not Applicable","Not Applicable"
"CR-0000087504","ACV-0000178932","M","50","","Moderate","Driver","Had Not Been Drinking","North","Proceeding Straight","Car","None Apparent","1","Not Applicable","Not Applicable"
"CR-0000087496","ACV-0000178916","M","0","","Unknown","Driver","Impairment Not Known","East","Proceeding Straight","Car","Other Violation","1","22350","Speeding"
"CR-0000087500","ACV-0000178925","M","44","","Minor","Driver","Had Not Been Drinking","East","Slowing/Stopping","Semi Truck","None Apparent","1","Not Applicable","Not Applicable"
"CR-0000087515","ACV-0000178955","M","30","","Moderate","Driver","Impairment Not Known","North","Making Left Turn","Car","None Apparent","1","Not Applicable","Not Applicable"
"CR-0000087505","ACV-0000178934","F","21","","Major","Driver","Had Not Been Drinking","North","Stopped","Car","None Apparent","1","Not Applicable","Not Applicable"
"CR-0000087519","ACV-0000178962","","0","","Unknown","Driver","Impairment Not Known","West","Proceeding Straight","Motorcycle/Moped","Other Violation","1","21703","Follow Too Closely"
"CR-0000087507","ACV-0000178938","M","25","","Totaled","Driver","Impairment Not Known","North","Proceeding Straight","Car","Other Violation","1","22350","Speeding"
"CR-0000087510","ACV-0000178945","","0","","Major","Driver","Impairment Not Known","South","Making Left Turn","Car","Other Violation","1","22107","Unsafe Turn Movement"
"CR-0000087506","ACV-0000178935","F","82","","Major","Driver","Impairment Not Known","East","Proceeding Straight","Car","None Apparent","1","22350","Speeding"
"CR-0000087496","ACV-0000178917","F","29","","Minor","Driver","Had Not Been Drinking","East","Stopped","Car","None Apparent","1","Not Applicable","Not Applicable"
"CR-0000087523","ACV-0000178972","","0","","Moderate","Parked","Not Applicable","Not Applicable","Parked","Car","Unknown","1","Not Applicable","Not Applicable"
"CR-0000087525","ACV-0000178977","","0","","Unknown","Driver","Impairment Not Known","West","Making Right Turn","Car","Other Violation","1","21950","Yield Pedestrian In Crosswalk"
"CR-0000087526","ACV-0000178980","M","45","","Unknown","Driver","Impairment Not Known","Unknown","Stopped","Car","Unknown","1","Unknown","Unknown"
"CR-0000087525","ACV-0000178978","M","13","","Not Applicable","Bicycle","Had Not Been Drinking","North","Proceeding Straight","Bicycle","None Apparent","1","Not Applicable","Not Applicable"
"CR-0000087532","ACV-0000178993","F","19","","Moderate","Driver","Had Not Been Drinking","South","Proceeding Straight","Car","Unknown","1","Not Applicable","Not Applicable"
"CR-0000087529","ACV-0000178986","M","0","","Minor","Driver","Impairment Not Known","South","Stopped","Car","None Apparent","1","Not Applicable","Not Applicable"
"CR-0000087539","ACV-0000179009","M","24","","Not Applicable","Pedestrian","Impairment Not Known","East","Entering Traffic","Pedestrian","Unknown","1","21453","Run Red Light"
"CR-0000087523","ACV-0000178974","","0","","Unknown","Parked","Not Applicable","Not Applicable","Parked","Panel Truck","Unknown","1","Not Applicable","Not Applicable"
"CR-0000087538","ACV-0000179005","M","0","","Minor","Driver","Impairment Not Known","West","Proceeding Straight","Panel Truck","Unknown","1","22106","Unsafe Backing"
"CR-0000087541","ACV-0000179014","M","31","","Moderate","Driver","Had Not Been Drinking","West","Stopped","Car","Unknown","1","Not Applicable","Not Applicable"
"CR-0000087540","ACV-0000179012","M","63","","Minor","Driver","Had Not Been Drinking","East","Stopped","Panel Truck","Unknown","1","Not Applicable","Not Applicable"
"CR-0000087529","ACV-0000178987","F","60","","Minor","Driver","Impairment Not Known","South","Stopped","Car","None Apparent","1","Not Applicable","Not Applicable"
"CR-0000087535","ACV-0000179000","M","30","","Minor","Driver","Had Not Been Drinking","North","Making Right Turn","Emergency Vehicle","None Apparent","1","Not Applicable","Not Applicable"
"CR-0000087524","ACV-0000178975","","0","","Major","Driver","Impairment Not Known","North","Other Unsafe Turning","Car","Other Violation","1","22350","Speeding"
"CR-0000087538","ACV-0000179007","","0","","Minor","Parked","Not Applicable","Not Applicable","Parked","Panel Truck","Unknown","1","Not Applicable","Not Applicable"
"CR-0000087522","ACV-0000178969","F","25","","Unknown","Driver","Impairment Not Known","South","Proceeding Straight","Motorcycle/Moped","None Apparent","1","Unknown","Unknown"
"CR-0000087530","ACV-0000178988","F","0","","Unknown","Driver","Impairment Not Known","North","Proceeding Straight","Car","Unknown","1","Unknown","Unknown"
"CR-0000087527","ACV-0000178982","F","46","","Moderate","Driver","Had Not Been Drinking","South","Proceeding Straight","Car","None Apparent","1","Not Applicable","Not Applicable"
"CR-0000087531","ACV-0000178991","M","27","","Moderate","Driver","Impairment Not Known","West","Proceeding Straight","Car","Unknown","1","Not Applicable","Not Applicable"
"CR-0000087528","ACV-0000178984","M","60","","Not Applicable","Bicycle","Impairment Not Known","North","Proceeding Straight","Bicycle","Unknown","1","Not Applicable","Not Applicable"
"CR-0000087529","ACV-0000178985","","0","","Unknown","Driver","Impairment Not Known","South","Proceeding Straight","Car","None Apparent","1","22350","Speeding"
"CR-0000087535","ACV-0000178999","M","46","","Minor","Driver","Had Been Drinking - Under Influence","North","Proceeding Straight","Car","Other Violation","1","23152","Driving Drunk"
"CR-0000087523","ACV-0000178971","M","33","","Moderate","Driver","Had Not Been Drinking","East","Proceeding Straight","Car","None Apparent","1","Not Applicable","Not Applicable"
"CR-0000087536","ACV-0000179002","","0","","Minor","Parked","Not Applicable","Not Applicable","Parked","Car","Unknown","1","Not Applicable","Not Applicable"
"CR-0000087534","ACV-0000178997","M","67","","Unknown","Driver","Impairment Not Known","South","Making Left Turn","Car","Unknown","1","Unknown","Unknown"
"CR-0000087523","ACV-0000178973","","0","","Moderate","Parked","Not Applicable","Not Applicable","Parked","Car","Unknown","1","Not Applicable","Not Applicable"
"CR-0000087537","ACV-0000179004","M","59","","Unknown","Driver","Impairment Not Known","North","Proceeding Straight","Car","Unknown","1","Unknown","Unknown"
"CR-0000087526","ACV-0000178979","F","0","","Unknown","Driver","Impairment Not Known","Unknown","Backing","Car","Unknown","1","Unknown","Unknown"
"CR-0000087539","ACV-0000179010","M","61","","Moderate","Driver","Had Not Been Drinking","South","Proceeding Straight","Car","None Apparent","1","Not Applicable","Not Applicable"
"CR-0000087536","ACV-0000179001","","0","","Unknown","Driver","Impairment Not Known","South","Backing","Car","Other Violation","1","22106","Unsafe Backing"
"CR-0000087537","ACV-0000179003","M","28","","Unknown","Driver","Impairment Not Known","East","Proceeding Straight","Car","Unknown","1","Unknown","Unknown"
"CR-0000087531","ACV-0000178990","","0","","Unknown","Driver","Impairment Not Known","South","Proceeding Straight","Car","Other Violation","1","21453","Run Red Light"
"CR-0000087533","ACV-0000178996","M","29","","Minor","Driver","Had Not Been Drinking","South","Stopped","Emergency Vehicle","Unknown","1","Not Applicable","Not Applicable"
"CR-0000087522","ACV-0000178968","","0","","Unknown","Driver","Impairment Not Known","West","Proceeding Straight","Car","Other Violation","1","21453","Run Red Light"
"CR-0000087523","ACV-0000178970","","0","","Unknown","Driver","Impairment Not Known","North","Proceeding Straight","Car","Other Violation","1","21453","Run Red Light"
"CR-0000087533","ACV-0000178995","M","21","","Moderate","Driver","Had Not Been Drinking","West","Proceeding Straight","Car","Unknown","1","Not Applicable","Not Applicable"
"CR-0000087538","ACV-0000179008","","0","","Minor","Parked","Not Applicable","Not Applicable","Parked","Emergency Vehicle","Unknown","1","Not Applicable","Not Applicable"
"CR-0000087528","ACV-0000178983","","0","","Unknown","Driver","Impairment Not Known","East","Making U-Turn","Car","Other Violation","1","21801","Yield Left Turn"
"CR-0000087527","ACV-0000178981","F","36","","Minor","Driver","Had Not Been Drinking","West","Proceeding Straight","Car","None Apparent","1","21802","Yield Stop Sign"
"CR-0000087540","ACV-0000179011","","0","","Unknown","Driver","Impairment Not Known","East","Proceeding Straight","Panel Truck","Other Violation","1","21703","Follow Too Closely"
"CR-0000087521","ACV-0000178967","M","45","","Unknown","Driver","Impairment Not Known","West","Stopped","Car","Unknown","1","Unknown","Unknown"
"CR-0000087530","ACV-0000178989","F","42","","Unknown","Driver","Impairment Not Known","North","Stopped","Car","Unknown","1","Unknown","Unknown"
"CR-0000087538","ACV-0000179006","","0","","Minor","Parked","Not Applicable","Not Applicable","Parked","Emergency Vehicle","Unknown","1","Not Applicable","Not Applicable"
"CR-0000087541","ACV-0000179013","M","34","","Unknown","Driver","Impairment Not Known","West","Proceeding Straight","Car","Other Violation","1","22350","Speeding"
"CR-0000087532","ACV-0000178992","","0","","Moderate","Driver","Impairment Not Known","North","Making Left Turn","Car","Other Violation","1","21801","Yield Left Turn"
"CR-0000087534","ACV-0000178998","M","0","","Unknown","Driver","Impairment Not Known","South","Other Unsafe Turning","Car","Unknown","1","Unknown","Unknown"
"CR-0000087521","ACV-0000178966","","0","","Unknown","Driver","Impairment Not Known","West","Proceeding Straight","Car","Unknown","1","Unknown","Unknown"
"CR-0000087533","ACV-0000178994","M","0","","Moderate","Driver","Impairment Not Known","South","Making Left Turn","Car","Other Violation","1","22450","Fail Stop/Sign"
"CR-0000087524","ACV-0000178976","M","22","","Major","Driver","Had Not Been Drinking","West","Making Left Turn","Car","None Apparent","1","Not Applicable","Not Applicable"
"CR-0000087555","ACV-0000179043","","0","","Moderate","Driver","Impairment Not Known","North","Proceeding Straight","Panel Truck","Other Violation","1","22350","Speeding"
"CR-0000087550","ACV-0000179033","M","42","","Major","Driver","Had Not Been Drinking","South","Slowing/Stopping","Car","None Apparent","1","Not Applicable","Not Applicable"
"CR-0000087555","ACV-0000179044","","0","","Moderate","Parked","Not Applicable","Not Applicable","Parked","Panel Truck","None Apparent","1","Not Applicable","Not Applicable"
"CR-0000087564","ACV-0000179058","M","21","","Major","Driver","Sleepy/Fatigued","North","Proceeding Straight","Car","Other Violation","1","22350","Speeding"
"CR-0000087552","ACV-0000179037","M","45","","Moderate","Driver","Had Not Been Drinking","East","Proceeding Straight","Car","None Apparent","1","Not Applicable","Not Applicable"
"CR-0000087554","ACV-0000179041","","0","","Major","Parked","Not Applicable","Not Applicable","Parked","Car","None Apparent","1","Not Applicable","Not Applicable"
"CR-0000087565","ACV-0000179059","M","28","","Major","Driver","Impairment Not Known","North","Proceeding Straight","Car","Other Violation","1","22350","Speeding"
"CR-0000087567","ACV-0000179065","M","29","","Minor","Driver","Had Not Been Drinking","North","Proceeding Straight","Car","Unknown","1","Not Applicable","Not Applicable"
"CR-0000087546","ACV-0000179026","","0","","Unknown","Parked","Not Applicable","Not Applicable","Parked","Car","Unknown","1","Unknown","Unknown"
"CR-0000087548","ACV-0000179029","","0","","Unknown","Driver","Impairment Not Known","Unknown","Proceeding Straight","Car","Unknown","1","Unknown","Unknown"
"CR-0000087548","ACV-0000179028","F","23","","Unknown","Driver","Impairment Not Known","Unknown","Making Left Turn","Car","Unknown","1","Unknown","Unknown"
"CR-0000087562","ACV-0000179056","M","29","","Minor","Driver","Had Not Been Drinking","South","Making Right Turn","Car","Vision Obscurement","1","Not Applicable","Not Applicable"
"CR-0000087565","ACV-0000179060","","0","","Major","Parked","Not Applicable","Not Applicable","Parked","Car","None Apparent","1","Not Applicable","Not Applicable"
"CR-0000087557","ACV-0000179047","M","28","","Major","Driver","Impairment Not Known","North","Making Left Turn","Car","None Apparent","1","22350","Speeding"
"CR-0000087559","ACV-0000179050","","0","","Moderate","Driver","Impairment Not Known","North","Ran Off Road","Car","Other Violation","1","22107","Unsafe Turn Movement"
"CR-0000087542","ACV-0000179016","F","31","","Moderate","Driver","Impairment Not Known","South","Proceeding Straight","Panel Truck","Unknown","1","Not Applicable","Not Applicable"
"CR-0000087544","ACV-0000179019","","0","","Major","Driver","Impairment Not Known","North","Proceeding Straight","Car","Other Violation","1","22350","Speeding"
"CR-0000087566","ACV-0000179063","M","36","","Moderate","Driver","Had Not Been Drinking","West","Making Left Turn","Car","Unknown","1","Not Applicable","Not Applicable"
"CR-0000087550","ACV-0000179032","F","22","","Major","Driver","Had Been Drinking - Under Influence","West","Making Right Turn","Car","Other Violation","1","23152","Driving Drunk"
"CR-0000087547","ACV-0000179025","","0","","Unknown","Driver","Impairment Not Known","West","Proceeding Straight","Car","Unknown","1","Unknown","Unknown"
"CR-0000087542","ACV-0000179015","","0","","Moderate","Driver","Impairment Not Known","South","Entering Traffic","Car","Other Violation","1","22350","Speeding"
"CR-0000087562","ACV-0000179055","M","63","","Minor","Bicycle","Had Not Been Drinking","East","Traveling Wrong Way","Bicycle","Vision Obscurement","1","Unknown","Unknown"
"CR-0000087544","ACV-0000179020","M","0","","Moderate","Driver","Impairment Not Known","North","Proceeding Straight","Panel Truck","None Apparent","1","Not Applicable","Not Applicable"
"CR-0000087549","ACV-0000179031","M","29","","Major","Driver","Had Not Been Drinking","North","Proceeding Straight","Car","Unknown","1","Not Applicable","Not Applicable"
"CR-0000087551","ACV-0000179034","","0","","Unknown","Parked","Not Applicable","Not Applicable","Parked","Car","Unknown","1","Unknown","Unknown"
"CR-0000087543","ACV-0000179018","M","28","","Major","Driver","Impairment Not Known","West","Proceeding Straight","Motorcycle/Moped","None Apparent","1","Not Applicable","Not Applicable"
"CR-0000087554","ACV-0000179042","","0","","Minor","Parked","Not Applicable","Not Applicable","Parked","Panel Truck","None Apparent","1","Not Applicable","Not Applicable"
"CR-0000087558","ACV-0000179049","M","40","","Minor","Driver","Had Not Been Drinking","East","Proceeding Straight","Car","None Apparent","1","Not Applicable","Not Applicable"
"CR-0000087554","ACV-0000179040","M","26","","Major","Driver","Had Been Drinking - Under Influence","South","Proceeding Straight","Car","None Apparent","1","23152","Driving Drunk"
"CR-0000087566","ACV-0000179062","M","30","","Minor","Driver","Had Been Drinking - Under Influence","West","Proceeding Straight","Car","Under Influence","1","22101","Regulation Of Turns At Intersection"
"CR-0000087552","ACV-0000179036","M","54","","Moderate","Driver","Had Not Been Drinking","South","Proceeding Straight","Car","None Apparent","1","21802","Yield Stop Sign"
"CR-0000087553","ACV-0000179039","M","25","","Major","Driver","Impairment Not Known","South","Proceeding Straight","Motorcycle/Moped","None Apparent","1","Unknown","Unknown"
"CR-0000087556","ACV-0000179045","M","31","","Minor","Driver","Impairment Not Known","East","Making Left Turn","Car","Other Violation","1","21801","Yield Left Turn"
"CR-0000087546","ACV-0000179027","","0","","Unknown","Driver","Impairment Not Known","Unknown","Unknown","Unknown","Unknown","1","Unknown","Unknown"
"CR-0000087567","ACV-0000179064","M","30","","Moderate","Driver","Had Not Been Drinking","South","Making Left Turn","Car","Other Violation","1","21801","Yield Left Turn"
"CR-0000087561","ACV-0000179053","M","30","","Minor","Driver","Sleepy/Fatigued","South","Proceeding Straight","Car","Other","1","22350","Speeding"
"CR-0000087565","ACV-0000179061","","0","","Major","Parked","Not Applicable","Not Applicable","Parked","Car","None Apparent","1","Not Applicable","Not Applicable"
"CR-0000087558","ACV-0000179048","M","19","","Moderate","Driver","Had Not Been Drinking","North","Proceeding Straight","Car","None Apparent","1","21453","Run Red Light"
"CR-0000087556","ACV-0000179046","F","30","","Moderate","Driver","Impairment Not Known","North","Proceeding Straight","Car","Unknown","1","Not Applicable","Not Applicable"
"CR-0000087553","ACV-0000179038","M","29","","Major","Driver","Impairment Not Known","South","Making Left Turn","Panel Truck","None Apparent","1","Unknown","Unknown"
"CR-0000087545","ACV-0000179023","","0","","Minor","Parked","Not Applicable","Not Applicable","Parked","Car","Unknown","1","Not Applicable","Not Applicable"
"CR-0000087563","ACV-0000179057","","0","","Major","Driver","Impairment Not Known","South","Making Right Turn","Car","Other Violation","1","22107","Unsafe Turn Movement"
"CR-0000087544","ACV-0000179021","M","34","","Minor","Driver","Impairment Not Known","North","Stopped","Panel Truck","None Apparent","1","Not Applicable","Not Applicable"
"CR-0000087547","ACV-0000179024","","0","","Unknown","Parked","Not Applicable","Not Applicable","Parked","Car","Unknown","1","Unknown","Unknown"
"CR-0000087560","ACV-0000179052","M","59","","Minor","Driver","Impairment Not Known","North","Stopped","Car","None Apparent","1","Not Applicable","Not Applicable"
"CR-0000087561","ACV-0000179054","M","38","","Minor","Driver","Had Not Been Drinking","South","Stopped","Car","Unknown","1","Not Applicable","Not Applicable"
"CR-0000087560","ACV-0000179051","M","0","","Unknown","Driver","Impairment Not Known","North","Proceeding Straight","Car","Other Violation","1","22350","Speeding"
"CR-0000087551","ACV-0000179035","","0","","Unknown","Driver","Impairment Not Known","Unknown","Unknown","Car","Unknown","1","Unknown","Unknown"
"CR-0000087549","ACV-0000179030","M","23","","Major","Driver","Had Not Been Drinking","North","Proceeding Straight","Car","Other Violation","1","22350","Speeding"
"CR-0000087543","ACV-0000179017","F","52","","Minor","Driver","Impairment Not Known","West","Making U-Turn","Car","None Apparent","1","21460","Driving Over Centerline"
"CR-0000087545","ACV-0000179022","M","24","","Minor","Driver","Had Not Been Drinking","North","Backing","Emergency Vehicle","None Apparent","1","22106","Unsafe Backing"
"CR-0000087569","ACV-0000179066","M","26","","Moderate","Driver","Had Not Been Drinking","North","Proceeding Straight","Car","None Apparent","1","21703","Follow Too Closely"
"CR-0000087570","ACV-0000179070","F","22","","Major","Driver","Had Not Been Drinking","North","Proceeding Straight","Car","None Apparent","1","Not Applicable","Not Applicable"
"CR-0000087571","ACV-0000179072","M","14","","Not Applicable","Bicycle","Had Not Been Drinking","North","Proceeding Straight","Bicycle","Unknown","1","Not Applicable","Not Applicable"
"CR-0000087572","ACV-0000179073","F","0","","Major","Driver","Impairment Not Known","North","Making Left Turn","Car","Other Violation","1","21802","Yield Stop Sign"
"CR-0000087572","ACV-0000179074","M","49","","Moderate","Driver","Had Not Been Drinking","West","Proceeding Straight","Panel Truck","None Apparent","1","Not Applicable","Not Applicable"
"CR-0000087573","ACV-0000179075","M","0","","Major","Driver","Impairment Not Known","Unknown","Unknown","Car","Other Violation","1","22350","Speeding"
"CR-0000087569","ACV-0000179068","F","25","","Moderate","Driver","Had Not Been Drinking","North","Slowing/Stopping","Car","None Apparent","1","Not Applicable","Not Applicable"
"CR-0000087570","ACV-0000179069","F","38","","Moderate","Driver","Had Not Been Drinking","South","Making U-Turn","Car","None Apparent","1","Unknown","Unknown"
"CR-0000087571","ACV-0000179071","F","79","","Minor","Driver","Had Not Been Drinking","West","Proceeding Straight","Car","Unknown","1","22350","Speeding"