"CrashName","Name","Sex","Age","Speed","VehicleDamage","PartyCategory","Sobriety","VehicleDirection","MovementPrecedingCollision","PartyType","OtherAssociatedFactor","VehicleCount","ViolationCode","ViolationCodeDescription"
"CR-0000087660","ACV-0000179245","F","64","","Moderate","Driver","Impairment Not Known","North","Proceeding Straight","Car","None Apparent","1","Unknown","Unknown"
"CR-0000087663","ACV-0000179251","M","23","","Major","Driver","Had Not Been Drinking","West","Making Left Turn","Car","Unknown","1","21453","Run Red Light"
"CR-0000087664","ACV-0000179254","","0","","Moderate","Parked","Not Applicable","Not Applicable","Parked","Other","Unknown","1","Not Applicable","Not Applicable"
"CR-0000087666","ACV-0000179257","M","30","","Moderate","Driver","Had Not Been Drinking","East","Proceeding Straight","Car","Unknown","1","Not Applicable","Not Applicable"
"CR-0000087667","ACV-0000179258","M","36","","Moderate","Driver","Had Not Been Drinking","North","Proceeding Straight","Car","None Apparent","1","21453","Run Red Light"
"CR-0000087661","ACV-0000179247","F","47","","Minor","Driver","Impairment Not Known","East","Proceeding Straight","Car","None Apparent","1","22350","Speeding"
"CR-0000087666","ACV-0000179256","M","20","","Moderate","Driver","Had Not Been Drinking","East","Proceeding Straight","Car","Unknown","1","22350","Speeding"
"CR-0000087667","ACV-0000179259","F","50","","Minor","Driver","Had Not Been Drinking","West","Proceeding Straight","Car","None Apparent","1","Not Applicable","Not Applicable"
"CR-0000087664","ACV-0000179253","M","29","","Moderate","Driver","Had Not Been Drinking","North","Other Unsafe Turning","Car","Other Violation","1","23103","Reckless Driving 2"
"CR-0000087663","ACV-0000179252","F","24","","Major","Driver","Had Not Been Drinking","East","Proceeding Straight","Car","Unknown","1","Not Applicable","Not Applicable"
"CR-0000087670","ACV-0000179266","M","20","","Moderate","Driver","Had Not Been Drinking","South","Proceeding Straight","Car","None Apparent","1","Not Applicable","Not Applicable"
"CR-0000087669","ACV-0000179264","F","23","","Major","Driver","Impairment Not Known","East","Proceeding Straight","Car","None Apparent","1","Not Applicable","Not Applicable"
"CR-0000087669","ACV-0000179263","F","47","","Major","Driver","Impairment Not Known","North","Making Right Turn","Car","None Apparent","1","21804","Yield From Driveway/Curb"
"CR-0000087670","ACV-0000179265","F","29","","Moderate","Driver","Had Not Been Drinking","West","Making Left Turn","Car","Other Violation","1","21801","Yield Left Turn"
"CR-0000087682","ACV-0000179290","M","24","","Minor","Driver","Had Not Been Drinking","East","Stopped","Motorcycle/Moped","None Apparent","1","Not Applicable","Not Applicable"
"CR-0000087722","ACV-0000179374","M","25","","Major","Driver","Impairment Not Known","North","Ran Off Road","Car","Other Violation","1","22350","Speeding"
"CR-0000087707","ACV-0000179343","","0","","Minor","Parked","Not Applicable","Not Applicable","Parked","Car","None Apparent","1","Not Applicable","Not Applicable"
"CR-0000087705","ACV-0000179338","F","28","","Moderate","Driver","Had Not Been Drinking","North","Proceeding Straight","Car","None Apparent","1","21453","Run Red Light"
"CR-0000087698","ACV-0000179324","M","39","","Unknown","Driver","Impairment Not Known","South","Proceeding Straight","Car","None Apparent","1","Not Applicable","Not Applicable"
"CR-0000087734","ACV-0000179394","M","35","","Major","Driver","Impairment Not Known","South","Proceeding Straight","Motorcycle/Moped","None Apparent","1","Not Applicable","Not Applicable"
"CR-0000087719","ACV-0000179369","M","42","","Unknown","Driver","Had Not Been Drinking","East","Proceeding Straight","Car","None Apparent","1","Not Applicable","Not Applicable"
"CR-0000087704","ACV-0000179336","M","31","","Minor","Driver","Had Not Been Drinking","South","Stopped","Car","None Apparent","1","Not Applicable","Not Applicable"
"CR-0000087692","ACV-0000179309","M","48","","Minor","Driver","Had Not Been Drinking","South","Proceeding Straight","Car","None Apparent","1","Not Applicable","Not Applicable"
"CR-0000087696","ACV-0000179319","F","29","","Moderate","Driver","Had Not Been Drinking","North","Proceeding Straight","Car","None Apparent","1","Not Applicable","Not Applicable"
"CR-0000087685","ACV-0000179295","","0","","Unknown","Driver","Impairment Not Known","South","Unknown","Unknown","Other Violation","1","Unknown","Unknown"
"CR-0000087713","ACV-0000179357","F","58","","Moderate","Driver","Impairment Not Known","East","Proceeding Straight","Car","None Apparent","1","Not Applicable","Not Applicable"
"CR-0000087710","ACV-0000179351","","0","","Moderate","Driver","Impairment Not Known","North","Proceeding Straight","Car","None Apparent","1","22350","Speeding"
"CR-0000087717","ACV-0000179365","M","69","","Major","Driver","Impairment Not Known","East","Proceeding Straight","Car","None Apparent","1","Not Applicable","Not Applicable"
"CR-0000087690","ACV-0000179305","","0","","Unknown","Driver","Impairment Not Known","East","Ran Off Road","Panel Truck","Other Violation","1","22350","Speeding"
"CR-0000087687","ACV-0000179301","F","34","","Minor","Driver","Had Not Been Drinking","East","Stopped","Car","None Apparent","1","Not Applicable","Not Applicable"
"CR-0000087698","ACV-0000179325","F","39","","Unknown","Driver","Impairment Not Known","South","Making Right Turn","Car","None Apparent","1","Not Applicable","Not Applicable"
"CR-0000087697","ACV-0000179322","M","29","","Unknown","Other","Not Applicable","Unknown","Parked","Unknown","None Apparent","1","Not Applicable","Not Applicable"
"CR-0000087677","ACV-0000179280","M","42","","Unknown","Driver","Impairment Not Known","East","Ran Off Road","Car","Other Violation","1","22350","Speeding"
"CR-0000087735","ACV-0000179395","F","73","","Major","Driver","Impairment Not Known","West","Crossing Into Opposing Lane","Car","Other","1","22350","Speeding"
"CR-0000087720","ACV-0000179370","F","0","","Moderate","Driver","Impairment Not Known","North","Proceeding Straight","Car","None Apparent","1","21453","Run Red Light"
"CR-0000087695","ACV-0000179315","M","23","","Minor","Driver","Had Not Been Drinking","South","Merging","Car","None Apparent","1","22106","Unsafe Backing"
"CR-0000087702","ACV-0000179333","F","41","","Moderate","Driver","Had Been Drinking - Not Under Influence","East","Stopped","Car","None Apparent","1","22107","Unsafe Turn Movement"
"CR-0000087686","ACV-0000179297","F","39","","Major","Driver","Had Not Been Drinking","South","Proceeding Straight","Car","Inattention","1","21453","Run Red Light"
"CR-0000087716","ACV-0000179362","M","0","","Moderate","Driver","Impairment Not Known","South","Proceeding Straight","Car","Other Violation","1","22350","Speeding"
"CR-0000087733","ACV-0000179392","M","34","","Major","Driver","Had Not Been Drinking","West","Proceeding Straight","Car","None Apparent","1","Not Applicable","Not Applicable"
"CR-0000087693","ACV-0000179312","F","43","","Major","Driver","Had Not Been Drinking","South","Stopped","Car","None Apparent","1","Not Applicable","Not Applicable"
"CR-0000087700","ACV-0000179329","M","23","","Unknown","Driver","Impairment Not Known","South","Making Left Turn","Car","None Apparent","1","Unknown","Unknown"
"CR-0000087714","ACV-0000179358","M","36","","Major","Driver","Had Been Drinking - Under Influence","East","Proceeding Straight","Car","Other Violation","1","23153","Driving Drunk With Injury"
"CR-0000087691","ACV-0000179307","M","27","","Major","Driver","Impairment Not Known","South","Proceeding Straight","Car","None Apparent","1","Not Applicable","Not Applicable"
"CR-0000087694","ACV-0000179314","","0","","Major","Parked","Not Applicable","Not Applicable","Parked","Car","None Apparent","1","Not Applicable","Not Applicable"
"CR-0000087717","ACV-0000179364","M","23","","Major","Driver","Impairment Not Known","North","Proceeding Straight","Car","Other Violation","1","21453","Run Red Light"
"CR-0000087680","ACV-0000179285","M","56","","Major","Driver","Had Not Been Drinking","North","Stopped","Car","None Apparent","1","Not Applicable","Not Applicable"
"CR-0000087713","ACV-0000179356","","0","","Moderate","Driver","Impairment Not Known","East","Proceeding Straight","Car","Other Violation","1","22350","Speeding"
"CR-0000087671","ACV-0000179268","F","41","","Major","Driver","Had Not Been Drinking","East","Proceeding Straight","Car","None Apparent","1","Not Applicable","Not Applicable"
"CR-0000087691","ACV-0000179306","M","57","","Major","Driver","Impairment Not Known","East","Making U-Turn","Car","None Apparent","1","22450","Fail Stop/Sign"
"CR-0000087696","ACV-0000179318","F","60","","Moderate","Driver","Had Not Been Drinking","North","Proceeding Straight","Car","None Apparent","1","Not Applicable","Not Applicable"
"CR-0000087705","ACV-0000179339","F","45","","Major","Driver","Had Not Been Drinking","South","Making Left Turn","Car","None Apparent","1","Not Applicable","Not Applicable"
"CR-0000087727","ACV-0000179379","M","62","","Unknown","Bicycle","Had Not Been Drinking","West","Proceeding Straight","Bicycle","None Apparent","1","Not Applicable","Not Applicable"
"CR-0000087718","ACV-0000179366","F","22","","Major","Driver","Impairment Not Known","South","Making Left Turn","Car","None Apparent","1","22107","Unsafe Turn Movement"
"CR-0000087729","ACV-0000179384","M","41","","Major","Driver","Had Not Been Drinking","South","Proceeding Straight","Panel Truck","None Apparent","1","Not Applicable","Not Applicable"
"CR-0000087695","ACV-0000179316","M","24","","Minor","Driver","Had Not Been Drinking","South","Proceeding Straight","Car","None Apparent","1","Not Applicable","Not Applicable"
"CR-0000087682","ACV-0000179289","M","26","","Minor","Driver","Had Not Been Drinking","East","Stopped","Car","Inattention","1","22107","Unsafe Turn Movement"
"CR-0000087679","ACV-0000179282","F","28","","Minor","Driver","Had Not Been Drinking","North","Making Right Turn","Car","None Apparent","1","21650","Driving Wrong Side"
"CR-0000087692","ACV-0000179308","M","29","","Minor","Driver","Had Not Been Drinking","East","Making Left Turn","Car","None Apparent","1","21801","Yield Left Turn"
"CR-0000087708","ACV-0000179347","","0","","Moderate","Driver","Impairment Not Known","East","Making Right Turn","Car","Other Violation","1","22350","Speeding"
"CR-0000087680","ACV-0000179286","M","50","","Moderate","Driver","Had Not Been Drinking","North","Stopped","Panel Truck","None Apparent","1","Not Applicable","Not Applicable"
"CR-0000087711","ACV-0000179352","F","27","","Minor","Driver","Had Not Been Drinking","East","Proceeding Straight","Car","None Apparent","1","22350","Speeding"
"CR-0000087712","ACV-0000179354","F","36","","Major","Driver","Impairment Not Known","East","Proceeding Straight","Car","Other Violation","1","Unknown","Unknown"
"CR-0000087706","ACV-0000179341","M","10","","Not Applicable","Pedestrian","Impairment Not Known","West","Other (Ped)","Scooter Non-Motorized","None Apparent","1","21950","Yield Pedestrian In Crosswalk"
"CR-0000087719","ACV-0000179368","M","20","","Unknown","Driver","Had Not Been Drinking","North","Proceeding Straight","Car","Other Violation","1","22450","Fail Stop/Sign"
"CR-0000087704","ACV-0000179337","F","23","","Minor","Driver","Had Not Been Drinking","South","Stopped","Car","None Apparent","1","Not Applicable","Not Applicable"
"CR-0000087697","ACV-0000179320","","0","","Unknown","Driver","Impairment Not Known","West","Making Right Turn","Car","Other Violation","1","22350","Speeding"
"CR-0000087721","ACV-0000179372","M","26","","Major","Driver","Had Not Been Drinking","West","Making Left Turn","Car","None Apparent","1","21453","Run Red Light"
"CR-0000087693","ACV-0000179311","M","31","","Minor","Driver","Had Not Been Drinking","South","Stopped","Unknown","None Apparent","1","Not Applicable","Not Applicable"
"CR-0000087728","ACV-0000179380","M","53","","Moderate","Driver","Had Been Drinking - Under Influence","West","Proceeding Straight","Car","None Apparent","1","22350","Speeding"
"CR-0000087675","ACV-0000179275","M","33","","Major","Driver","Had Not Been Drinking","West","Proceeding Straight","Car","None Apparent","1","Not Applicable","Not Applicable"
"CR-0000087715","ACV-0000179361","F","18","","Unknown","Driver","Impairment Not Known","Unknown","Proceeding Straight","Car","None Apparent","1","Not Applicable","Not Applicable"
"CR-0000087733","ACV-0000179391","F","25","","Major","Driver","Had Been Drinking - Under Influence","North","Proceeding Straight","Car","Other Violation","1","22350","Speeding"
"CR-0000087735","ACV-0000179397","F","33","","Minor","Driver","Impairment Not Known","East","Stopped","Car","None Apparent","1","Not Applicable","Not Applicable"
"CR-0000087725","ACV-0000179375","F","30","","Moderate","Driver","Impairment Not Known","North","Making Left Turn","Car","Other Violation","1","22350","Speeding"
"CR-0000087701","ACV-0000179331","M","32","","Minor","Driver","Impairment Not Known","West","Slowing/Stopping","Car","None Apparent","1","Not Applicable","Not Applicable"
"CR-0000087673","ACV-0000179270","F","21","","Moderate","Driver","Impairment Not Known","East","Proceeding Straight","Car","Inattention","1","22350","Speeding"
"CR-0000087718","ACV-0000179367","M","23","","Major","Driver","Impairment Not Known","North","Proceeding Straight","Motorcycle/Moped","None Apparent","1","22107","Unsafe Turn Movement"
"CR-0000087712","ACV-0000179355","M","29","","Major","Driver","Impairment Not Known","East","Proceeding Straight","Car","None Apparent","1","Not Applicable","Not Applicable"
"CR-0000087708","ACV-0000179348","","0","","Moderate","Parked","Not Applicable","Not Applicable","Parked","Car","None Apparent","1","Not Applicable","Not Applicable"
"CR-0000087675","ACV-0000179277","M","56","","Moderate","Driver","Impairment Not Known","East","Unknown","Car","None Apparent","1","Not Applicable","Not Applicable"
"CR-0000087688","ACV-0000179303","F","51","","Moderate","Driver","Impairment Not Known","East","Proceeding Straight","Car","None Apparent","1","Not Applicable","Not Applicable"
"CR-0000087696","ACV-0000179317","M","52","","Minor","Driver","Impairment Not Known","South","Making Left Turn","Car","None Apparent","1","21801","Yield Left Turn"
"CR-0000087714","ACV-0000179359","M","42","","Moderate","Driver","Had Not Been Drinking","East","Making Right Turn","Car","None Apparent","1","Not Applicable","Not Applicable"
"CR-0000087707","ACV-0000179346","","0","","Minor","Driver","Not Applicable","East","Parked","Car","None Apparent","1","Not Applicable","Not Applicable"
"CR-0000087679","ACV-0000179283","M","21","","Not Applicable","Bicycle","Impairment Not Known","West","Proceeding Straight","Bicycle","None Apparent","1","Not Applicable","Not Applicable"
"CR-0000087684","ACV-0000179293","M","45","","Major","Driver","Had Not Been Drinking","East","Making Left Turn","Car","Other Violation","1","21801","Yield Left Turn"
"CR-0000087731","ACV-0000179387","M","53","","Minor","Driver","Had Been Drinking - Under Influence","East","Ran Off Road","Car","Other Violation","1","21658","Unsafe Lane Change"
"CR-0000087702","ACV-0000179334","F","37","","Moderate","Driver","Had Been Drinking - Not Under Influence","South","Proceeding Straight","Car","None Apparent","1","Not Applicable","Not Applicable"
"CR-0000087727","ACV-0000179378","F","21","","Minor","Driver","Had Not Been Drinking","North","Making Right Turn","Car","None Apparent","1","22106","Unsafe Backing"
"CR-0000087735","ACV-0000179396","M","61","","Major","Driver","Impairment Not Known","East","Proceeding Straight","Car","None Apparent","1","Not Applicable","Not Applicable"
"CR-0000087699","ACV-0000179326","F","53","","Unknown","Driver","Impairment Not Known","South","Proceeding Straight","Car","None Apparent","1","Unknown","Unknown"
"CR-0000087707","ACV-0000179342","M","30","","Major","Driver","Had Been Drinking - Under Influence","North","Other Unsafe Turning","Car","Other Violation","1","22107","Unsafe Turn Movement"
"CR-0000087726","ACV-0000179376","M","34","","Moderate","Driver","Had Not Been Drinking","North","Making Left Turn","Car","Other Violation","1","22107","Unsafe Turn Movement"
"CR-0000087674","ACV-0000179273","F","52","","Major","Driver","Had Not Been Drinking","South","Stopped","Car","None Apparent","1","Not Applicable","Not Applicable"
"CR-0000087684","ACV-0000179294","","52","","Major","Driver","Had Not Been Drinking","North","Proceeding Straight","Car","None Apparent","1","Not Applicable","Not Applicable"
"CR-0000087698","ACV-0000179323","M","76","","Unknown","Driver","Impairment Not Known","South","Other Unsafe Turning","Panel Truck","Other Violation","1","22107","Unsafe Turn Movement"
"CR-0000087707","ACV-0000179344","","0","","Moderate","Parked","Not Applicable","Not Applicable","Parked","Panel Truck","None Apparent","1","Not Applicable","Not Applicable"
"CR-0000087683","ACV-0000179291","M","75","","Moderate","Driver","Had Not Been Drinking","North","Entering Traffic","Car","None Apparent","1","21802","Yield Stop Sign"
"CR-0000087726","ACV-0000179377","F","41","","Moderate","Driver","Had Not Been Drinking","South","Proceeding Straight","Car","Other Violation","1","Not Applicable","Not Applicable"
"CR-0000087732","ACV-0000179389","","0","","Moderate","Parked","Not Applicable","Not Applicable","Parked","Car","None Apparent","1","Not Applicable","Not Applicable"
"CR-0000087728","ACV-0000179382","","0","","Minor","Parked","Not Applicable","Not Applicable","Parked","Car","None Apparent","1","Not Applicable","Not Applicable"
"CR-0000087681","ACV-0000179288","F","22","","Major","Driver","Had Not Been Drinking","South","Other Unsafe Turning","Car","Other Violation","1","22350","Speeding"
"CR-0000087686","ACV-0000179298","F","71","","Major","Driver","Had Not Been Drinking","West","Proceeding Straight","Car","None Apparent","1","21453","Run Red Light"
"CR-0000087680","ACV-0000179284","M","51","","Major","Driver","Had Not Been Drinking","North","Proceeding Straight","Car","None Apparent","1","22350","Speeding"
"CR-0000087704","ACV-0000179335","M","17","","Moderate","Driver","Had Not Been Drinking","South","Proceeding Straight","Car","Inattention","1","21703","Follow Too Closely"
"CR-0000087730","ACV-0000179385","F","27","","Unknown","Driver","Impairment Not Known","East","Proceeding Straight","Car","Entering/Leaving Ramp","1","21453","Run Red Light"
"CR-0000087671","ACV-0000179267","M","72","","Major","Driver","Had Not Been Drinking","West","Making Left Turn","Car","None Apparent","1","21801","Yield Left Turn"
"CR-0000087709","ACV-0000179350","M","0","","Not Applicable","Pedestrian","Impairment Not Known","Not Applicable","Other","Pedestrian","None Apparent","1","Not Applicable","Not Applicable"
"CR-0000087707","ACV-0000179345","","0","","Major","Parked","Impairment Not Known","Not Applicable","Parked","Panel Truck","None Apparent","1","Not Applicable","Not Applicable"
"CR-0000087716","ACV-0000179363","F","62","","Moderate","Driver","Had Not Been Drinking","South","Proceeding Straight","Car","None Apparent","1","Not Applicable","Not Applicable"
"CR-0000087694","ACV-0000179313","M","0","","Major","Driver","Impairment Not Known","North","Proceeding Straight","Car","Other Violation","1","23103","Reckless Driving 2"
"CR-0000087720","ACV-0000179371","M","29","","Unknown","Driver","Impairment Not Known","East","Proceeding Straight","Car","None Apparent","1","Not Applicable","Not Applicable"
"CR-0000087683","ACV-0000179292","M","45","","Moderate","Driver","Had Not Been Drinking","West","Proceeding Straight","Car","None Apparent","1","Not Applicable","Not Applicable"
"CR-0000087678","ACV-0000179281","F","0","","Major","Driver","Had Not Been Drinking","East","Other Unsafe Turning","Car","Inattention","1","21658","Unsafe Lane Change"
"CR-0000087701","ACV-0000179332","F","54","","Minor","Driver","Impairment Not Known","West","Slowing/Stopping","Car","None Apparent","1","Not Applicable","Not Applicable"
"CR-0000087685","ACV-0000179296","M","33","","Not Applicable","Pedestrian","Impairment Not Known","Unknown","Unknown","Pedestrian","None Apparent","1","Not Applicable","Not Applicable"
"CR-0000087734","ACV-0000179393","M","53","","Moderate","Driver","Had Not Been Drinking","East","Making Left Turn","Panel Truck","None Apparent","1","22107","Unsafe Turn Movement"
"CR-0000087709","ACV-0000179349","M","56","","Minor","Driver","Had Not Been Drinking","South","Proceeding Straight","Car","None Apparent","1","21955","Crossing Controlled Intersection/Jaywalking"
"CR-0000087676","ACV-0000179279","M","22","","Major","Driver","Impairment Not Known","East","Proceeding Straight","Car","None Apparent","1","Not Applicable","Not Applicable"
"CR-0000087680","ACV-0000179287","F","35","","Moderate","Driver","Impairment Not Known","North","Unknown","Car","None Apparent","1","Not Applicable","Not Applicable"
"CR-0000087729","ACV-0000179383","M","25","","Major","Driver","Had Been Drinking - Not Under Influence","West","Proceeding Straight","Car","Other Violation","1","21453","Run Red Light"
"CR-0000087674","ACV-0000179272","F","34","","Major","Driver","Had Not Been Drinking","South","Proceeding Straight","Car","Other Violation","1","22350","Speeding"
"CR-0000087675","ACV-0000179276","M","0","","Major","Driver","Had Not Been Drinking","East","Stopped","Car","None Apparent","1","Not Applicable","Not Applicable"
"CR-0000087699","ACV-0000179327","F","46","","Unknown","Driver","Impairment Not Known","South","Stopped","Car","None Apparent","1","Not Applicable","Not Applicable"
"CR-0000087711","ACV-0000179353","M","64","","Moderate","Driver","Had Not Been Drinking","East","Slowing/Stopping","Car","None Apparent","1","Not Applicable","Not Applicable"
"CR-0000087706","ACV-0000179340","F","18","","None","Driver","Impairment Not Known","North","Proceeding Straight","Car","None Apparent","1","Not Applicable","Not Applicable"
"CR-0000087730","ACV-0000179386","F","35","","Unknown","Driver","Impairment Not Known","North","Proceeding Straight","Car","Entering/Leaving Ramp","1","Not Applicable","Not Applicable"
"CR-0000087686","ACV-0000179299","M","65","","Moderate","Driver","Had Not Been Drinking","West","Proceeding Straight","Car","None Apparent","1","Not Applicable","Not Applicable"
"CR-0000087687","ACV-0000179300","F","35","","Minor","Driver","Had Not Been Drinking","East","Proceeding Straight","Car","None Apparent","1","22350","Speeding"
"CR-0000087672","ACV-0000179269","M","19","","Totaled","Driver","Had Not Been Drinking","North","Proceeding Straight","Panel Truck","Other Violation","1","22350","Speeding"
"CR-0000087675","ACV-0000179274","M","32","","Major","Driver","Impairment Not Known","South","Proceeding Straight","Car","Other","1","21453","Run Red Light"
"CR-0000087700","ACV-0000179328","M","0","","Unknown","Driver","Impairment Not Known","South","Making Left Turn","Car","None Apparent","1","Unknown","Unknown"
"CR-0000087701","ACV-0000179330","M","43","","Major","Driver","Impairment Not Known","West","Proceeding Straight","Car","None Apparent","1","Unknown","Unknown"
"CR-0000087721","ACV-0000179373","M","76","","Minor","Driver","Had Been Drinking - Not Under Influence","South","Proceeding Straight","Car","None Apparent","1","Not Applicable","Not Applicable"
"CR-0000087732","ACV-0000179388","M","22","","Major","Driver","Had Not Been Drinking","North","Proceeding Straight","Car","None Apparent","1","22350","Speeding"
"CR-0000087688","ACV-0000179302","","0","","Unknown","Unknown","Impairment Not Known","West","Making U-Turn","Unknown","Other Violation","1","21800","Yield Uncontrolled Intersection"
"CR-0000087697","ACV-0000179321","","0","","Unknown","Parked","Not Applicable","Not Applicable","Parked","Panel Truck","None Apparent","1","Not Applicable","Not Applicable"
"CR-0000087673","ACV-0000179271","F","24","","Moderate","Driver","Impairment Not Known","North","Backing","Car","None Apparent","1","Not Applicable","Not Applicable"
"CR-0000087728","ACV-0000179381","","0","","Moderate","Parked","Not Applicable","Not Applicable","Parked","Car","None Apparent","1","Not Applicable","Not Applicable"
"CR-0000087689","ACV-0000179304","M","17","","Major","Driver","Impairment Not Known","North","Ran Off Road","Car","Other Violation","1","22350","Speeding"
"CR-0000087676","ACV-0000179278","F","18","","Major","Driver","Impairment Not Known","South","Proceeding Straight","Car","None Apparent","1","21453","Run Red Light"
"CR-0000087715","ACV-0000179360","M","24","","Unknown","Driver","Impairment Not Known","Unknown","Proceeding Straight","Car","None Apparent","1","Unknown","Unknown"
"CR-0000087732","ACV-0000179390","","0","","Major","Parked","Not Applicable","Not Applicable","Parked","Panel Truck","None Apparent","1","Not Applicable","Not Applicable"
"CR-0000087693","ACV-0000179310","M","59","","Major","Driver","Had Been Drinking - Impairment Unknown","West","Crossing Into Opposing Lane","Car","Other Violation","1","22350","Speeding"
"CR-0000087736","ACV-0000179398","M","38","","Not Applicable","Pedestrian","Impairment Not Known","East","Other (Ped)","Pedestrian","Unknown","1","21954","Pedestrian Yield Car"
"CR-0000087740","ACV-0000179405","","0","","Unknown","Driver","Impairment Not Known","Unknown","Proceeding Straight","Car","Unknown","1","Unknown","Unknown"
"CR-0000087742","ACV-0000179408","","0","","Unknown","Driver","Impairment Not Known","East","Proceeding Straight","Car","Unknown","1","Unknown","Unknown"
"CR-0000087742","ACV-0000179409","M","46","","Unknown","Driver","Impairment Not Known","East","Proceeding Straight","Car","Unknown","1","Unknown","Unknown"
"CR-0000087743","ACV-0000179410","M","20","","Unknown","Driver","Impairment Not Known","East","Backing","Car","Unknown","1","Unknown","Unknown"
"CR-0000087744","ACV-0000179413","M","16","","Unknown","Driver","Impairment Not Known","Unknown","Proceeding Straight","Panel Truck","Unknown","1","Unknown","Unknown"
"CR-0000087737","ACV-0000179400","M","25","","Major","Driver","Had Been Drinking - Under Influence","West","Proceeding Straight","Car","Under Influence","1","22350","Speeding"
"CR-0000087738","ACV-0000179401","M","57","","Unknown","Driver","Impairment Not Known","North","Proceeding Straight","Car","Unknown","1","Unknown","Unknown"
"CR-0000087738","ACV-0000179402","F","35","","Unknown","Driver","Impairment Not Known","North","Passing Other Vehicles","Car","Unknown","1","Unknown","Unknown"
"CR-0000087744","ACV-0000179412","M","48","","Unknown","Driver","Impairment Not Known","Unknown","Proceeding Straight","Car","Unknown","1","Unknown","Unknown"
"CR-0000087739","ACV-0000179404","","0","","Unknown","Driver","Impairment Not Known","Unknown","Unknown","Unknown","Unknown","1","Unknown","Unknown"
"CR-0000087743","ACV-0000179411","F","16","","Unknown","Driver","Impairment Not Known","West","Stopped","Car","Unknown","1","Unknown","Unknown"
"CR-0000087736","ACV-0000179399","M","73","","Minor","Driver","Impairment Not Known","North","Proceeding Straight","Panel Truck","Unknown","1","Not Applicable","Not Applicable"
"CR-0000087739","ACV-0000179403","","0","","Unknown","Parked","Not Applicable","Not Applicable","Parked","Car","Unknown","1","Unknown","Unknown"
"CR-0000087741","ACV-0000179406","","35","","Unknown","Driver","Impairment Not Known","North","Stopped","Car","Unknown","1","Unknown","Unknown"
"CR-0000087741","ACV-0000179407","","0","","Unknown","Driver","Impairment Not Known","North","Proceeding Straight","Car","Unknown","1","Unknown","Unknown"
"CR-0000087745","ACV-0000179414","F","51","","Unknown","Driver","Impairment Not Known","North","Other Unsafe Turning","Car","Unknown","1","Unknown","Unknown"
"CR-0000087747","ACV-0000179418","","0","","Unknown","Driver","Impairment Not Known","Unknown","Unknown","Car","Unknown","1","Unknown","Unknown"
"CR-0000087749","ACV-0000179422","","0","","Unknown","Driver","Impairment Not Known","East","Making Left Turn","Car","Unknown","1","Unknown","Unknown"
"CR-0000087746","ACV-0000179416","","0","","Unknown","Driver","Impairment Not Known","Unknown","Unknown","Unknown","Unknown","1","Unknown","Unknown"
"CR-0000087748","ACV-0000179420","","0","","Unknown","Driver","Impairment Not Known","East","Proceeding Straight","Car","Unknown","1","Unknown","Unknown"
"CR-0000087750","ACV-0000179424","","0","","Unknown","Unknown","Impairment Not Known","East","Making Right Turn","Car","Unknown","1","Unknown","Unknown"
"CR-0000087745","ACV-0000179415","F","78","","Unknown","Driver","Impairment Not Known","North","Proceeding Straight","Car","Unknown","1","Unknown","Unknown"
"CR-0000087747","ACV-0000179419","","0","","Unknown","Parked","Not Applicable","Not Applicable","Parked","Car","Unknown","1","Unknown","Unknown"
"CR-0000087749","ACV-0000179423","F","17","","Unknown","Driver","Impairment Not Known","West","Proceeding Straight","Car","Unknown","1","Unknown","Unknown"
"CR-0000087746","ACV-0000179417","","0","","Unknown","Parked","Not Applicable","Not Applicable","Parked","Car","Unknown","1","Unknown","Unknown"
"CR-0000087748","ACV-0000179421","M","37","","Unknown","Driver","Impairment Not Known","East","Making Right Turn","Car","Unknown","1","Unknown","Unknown"
"CR-0000087751","ACV-0000179426","M","25","","Unknown","Driver","Impairment Not Known","West","Proceeding Straight","Car","Unknown","1","Unknown","Unknown"
"CR-0000087753","ACV-0000179431","F","33","","Unknown","Driver","Had Not Been Drinking","West","Stopped","Car","Unknown","1","Not Applicable","Not Applicable"
"CR-0000087755","ACV-0000179434","M","20","","Unknown","Driver","Impairment Not Known","East","Changing Lanes","Car","Unknown","1","Unknown","Unknown"
"CR-0000087752","ACV-0000179429","M","38","","Unknown","Driver","Impairment Not Known","South","Making Left Turn","Car","Unknown","1","Unknown","Unknown"
"CR-0000087754","ACV-0000179432","","0","","Unknown","Driver","Impairment Not Known","Unknown","Proceeding Straight","Unknown","Unknown","1","Unknown","Unknown"
"CR-0000087756","ACV-0000179436","","0","","Unknown","Driver","Impairment Not Known","East","Making Left Turn","Car","Other Violation","1","22107","Unsafe Turn Movement"
"CR-0000087751","ACV-0000179427","M","63","","Unknown","Driver","Impairment Not Known","South","Making Right Turn","Car","Unknown","1","Unknown","Unknown"
"CR-0000087753","ACV-0000179430","M","35","","Unknown","Driver","Had Not Been Drinking","West","Proceeding Straight","Car","Other Violation","1","22350","Speeding"
"CR-0000087755","ACV-0000179435","F","26","","Unknown","Driver","Impairment Not Known","East","Stopped","Car","Unknown","1","Unknown","Unknown"
"CR-0000087750","ACV-0000179425","F","33","","Unknown","Driver","Impairment Not Known","South","Stopped","Car","Unknown","1","Unknown","Unknown"