"CrashName","Name","Sex","Age","Speed","VehicleDamage","PartyCategory","Sobriety","VehicleDirection","MovementPrecedingCollision","PartyType","OtherAssociatedFactor","VehicleCount","ViolationCode","ViolationCodeDescription"
"CR-0000087847","ACV-0000179622","M","52","","Major","Driver","Had Not Been Drinking","West","Proceeding Straight","Car","None Apparent","1","Not Applicable","Not Applicable"
"CR-0000087851","ACV-0000179628","M","28","","Minor","Driver","Had Not Been Drinking","East","Making Right Turn","Motorcycle/Moped","Entering/Leaving Ramp","1","00001","Other Improper Driving"
"CR-0000087844","ACV-0000179614","F","56","","Major","Driver","Had Not Been Drinking","North","Proceeding Straight","Car","Other Violation","1","22350","Speeding"
"CR-0000087845","ACV-0000179616","M","72","","Major","Driver","Impairment Not Known","South","Making Left Turn","Car","Other","1","22107","Unsafe Turn Movement"
"CR-0000087847","ACV-0000179621","F","34","","Major","Driver","Had Not Been Drinking","South","Making Left Turn","Car","None Apparent","1","22107","Unsafe Turn Movement"
"CR-0000087840","ACV-0000179609","M","17","","Major","Driver","Sleepy/Fatigued","West","Other Unsafe Turning","Car","Previous Collision","1","Unknown","Unknown"
"CR-0000087841","ACV-0000179610","F","29","","Major","Driver","Had Not Been Drinking","East","Ran Off Road","Car","Other Violation","1","22350","Speeding"
"CR-0000087841","ACV-0000179611","","0","","Minor","Parked","Not Applicable","Not Applicable","Parked","Car","None Apparent","1","Not Applicable","Not Applicable"
"CR-0000087852","ACV-0000179630","F","51","","Major","Driver","Had Not Been Drinking","West","Making Left Turn","Car","None Apparent","1","Not Applicable","Not Applicable"
"CR-0000087853","ACV-0000179632","","0","","Major","Parked","Not Applicable","Not Applicable","Parked","Car","None Apparent","1","Not Applicable","Not Applicable"
"CR-0000087855","ACV-0000179635","","0","","Unknown","Driver","Impairment Not Known","North","Other Unsafe Turning","Panel Truck","None Apparent","1","Unknown","Unknown"
"CR-0000087854","ACV-0000179633","","0","","Unknown","Driver","Impairment Not Known","East","Merging","Car","Other Violation","1","22106","Unsafe Backing"
"CR-0000087854","ACV-0000179634","","0","","Minor","Parked","Not Applicable","Not Applicable","Parked","Car","None Apparent","1","Not Applicable","Not Applicable"
"CR-0000087855","ACV-0000179636","F","35","","Unknown","Driver","Impairment Not Known","North","Proceeding Straight","Car","None Apparent","1","Not Applicable","Not Applicable"
"CR-0000087848","ACV-0000179623","M","19","","Unknown","Driver","Had Not Been Drinking","East","Entering Traffic","Car","None Apparent","1","21804","Yield From Driveway/Curb"
"CR-0000087850","ACV-0000179627","M","17","","Minor","Driver","Had Not Been Drinking","West","Stopped","Car","None Apparent","1","Not Applicable","Not Applicable"
"CR-0000087852","ACV-0000179629","M","30","","Major","Driver","Had Not Been Drinking","East","Proceeding Straight","Car","None Apparent","1","22350","Speeding"
"CR-0000087848","ACV-0000179624","M","19","","Unknown","Driver","Had Not Been Drinking","East","Proceeding Straight","Car","None Apparent","1","Not Applicable","Not Applicable"
"CR-0000087849","ACV-0000179625","F","64","","Moderate","Driver","Had Not Been Drinking","South","Ran Off Road","Car","Inattention","1","22107","Unsafe Turn Movement"
"CR-0000087850","ACV-0000179626","F","48","","Minor","Driver","Had Not Been Drinking","West","Proceeding Straight","Car","None Apparent","1","22350","Speeding"
"CR-0000087858","ACV-0000179643","M","62","","Minor","Driver","Had Not Been Drinking","East","Making Left Turn","Car","None Apparent","1","Not Applicable","Not Applicable"
"CR-0000087860","ACV-0000179648","","0","","Moderate","Parked","Not Applicable","Not Applicable","Parked","Car","None Apparent","1","Not Applicable","Not Applicable"
"CR-0000087861","ACV-0000179649","F","49","","Minor","Driver","Had Not Been Drinking","North","Proceeding Straight","Car","None Apparent","1","21703","Follow Too Closely"
"CR-0000087856","ACV-0000179638","","0","","Moderate","Driver","Not Applicable","Not Applicable","Parked","Car","None Apparent","1","Not Applicable","Not Applicable"
"CR-0000087857","ACV-0000179640","M","33","","Major","Driver","Had Not Been Drinking","West","Stopped","Car","Entering/Leaving Ramp","1","Unknown","Unknown"
"CR-0000087859","ACV-0000179645","F","20","","Moderate","Driver","Impairment Not Known","South","Making Left Turn","Car","None Apparent","1","Not Applicable","Not Applicable"
"CR-0000087856","ACV-0000179637","","0","","Major","Driver","Impairment Not Known","South","Proceeding Straight","Car","Other Violation","1","22350","Speeding"
"CR-0000087859","ACV-0000179644","M","24","","Major","Driver","Impairment Not Known","South","Making Left Turn","Car","None Apparent","1","Unknown","Unknown"
"CR-0000087860","ACV-0000179646","M","47","","Major","Driver","Had Been Drinking - Under Influence","West","Making Right Turn","Car","Other Violation","1","23152","Driving Drunk"
"CR-0000087856","ACV-0000179639","","0","","Moderate","Driver","Not Applicable","Not Applicable","Parked","Car","None Apparent","1","Not Applicable","Not Applicable"
"CR-0000087857","ACV-0000179641","M","29","","Major","Driver","Had Not Been Drinking","West","Proceeding Straight","Panel Truck","None Apparent","1","Not Applicable","Not Applicable"
"CR-0000087858","ACV-0000179642","M","26","","Major","Driver","Had Been Drinking - Impairment Unknown","South","Proceeding Straight","Car","None Apparent","1","21453","Run Red Light"
"CR-0000087864","ACV-0000179654","M","59","","Minor","Driver","Impairment Not Known","East","Proceeding Straight","Car","Other Violation","1","22350","Speeding"
"CR-0000087864","ACV-0000179655","M","61","","Unknown","Driver","Impairment Not Known","East","Stopped","Car","None Apparent","1","Not Applicable","Not Applicable"
"CR-0000087865","ACV-0000179656","F","19","","Minor","Driver","Impairment Not Known","North","Making Left Turn","Car","None Apparent","1","22107","Unsafe Turn Movement"
"CR-0000087861","ACV-0000179650","M","43","","Minor","Driver","Had Not Been Drinking","North","Stopped","Car","None Apparent","1","Not Applicable","Not Applicable"
"CR-0000087865","ACV-0000179657","M","49","","Minor","Driver","Impairment Not Known","North","Proceeding Straight","Car","None Apparent","1","Not Applicable","Not Applicable"
"CR-0000087866","ACV-0000179658","M","35","","Major","Driver","Had Been Drinking - Under Influence","South","Proceeding Straight","Car","Other Violation","1","22350","Speeding"
"CR-0000087860","ACV-0000179647","","0","","Moderate","Parked","Not Applicable","Not Applicable","Parked","Car","None Apparent","1","Not Applicable","Not Applicable"
"CR-0000087863","ACV-0000179653","M","44","","Moderate","Driver","Impairment Not Known","North","Proceeding Straight","Motorcycle/Moped","None Apparent","1","22350","Speeding"
"CR-0000087868","ACV-0000179662","","0","","Major","Driver","Impairment Not Known","East","Proceeding Straight","Car","Other Violation","1","22350","Speeding"
"CR-0000087862","ACV-0000179651","M","27","","Major","Driver","Impairment Not Known","West","Making Left Turn","Car","None Apparent","1","22107","Unsafe Turn Movement"
"CR-0000087862","ACV-0000179652","M","58","","Major","Driver","Impairment Not Known","North","Proceeding Straight","Car","None Apparent","1","Not Applicable","Not Applicable"
"CR-0000087867","ACV-0000179660","M","25","","Totaled","Driver","Impairment Not Known","North","Proceeding Straight","Car","None Apparent","1","21658","Unsafe Lane Change"
"CR-0000087866","ACV-0000179659","","0","","Moderate","Parked","Not Applicable","Not Applicable","Parked","Car","None Apparent","1","Not Applicable","Not Applicable"
"CR-0000087867","ACV-0000179661","","0","","Unknown","Parked","Not Applicable","Not Applicable","Parked","Car","None Apparent","1","Not Applicable","Not Applicable"
"CR-0000087868","ACV-0000179664","M","0","","Moderate","Parked","Not Applicable","Not Applicable","Parked","Car","None Apparent","1","Not Applicable","Not Applicable"
"CR-0000087868","ACV-0000179663","F","0","","Moderate","Driver","Not Applicable","Not Applicable","Parked","Car","None Apparent","1","Not Applicable","Not Applicable"
"CR-0000087869","ACV-0000179665","","0","","Minor","Driver","Impairment Not Known","North","Entering Traffic","Car","Other Violation","1","21804","Yield From Driveway/Curb"
"CR-0000087869","ACV-0000179666","M","42","","Unknown","Driver","Not Applicable","East","Proceeding Straight","Panel Truck","None Apparent","1","Not Applicable","Not Applicable"
"CR-0000087872","ACV-0000179670","F","57","","Unknown","Driver","Impairment Not Known","West","Proceeding Straight","Car","Unknown","1","Unknown","Unknown"
"CR-0000087871","ACV-0000179668","","0","","Unknown","Driver","Impairment Not Known","Unknown","Unknown","Unknown","Unknown","1","Unknown","Unknown"
"CR-0000087873","ACV-0000179672","F","41","","Unknown","Driver","Impairment Not Known","Unknown","Proceeding Straight","Car","Unknown","1","Unknown","Unknown"
"CR-0000087875","ACV-0000179676","F","0","","None","Driver","Had Not Been Drinking","West","Entering Traffic","Car","None Apparent","1","Not Applicable","Not Applicable"
"CR-0000087871","ACV-0000179667","","0","","Unknown","Parked","Not Applicable","Not Applicable","Parked","Car","Unknown","1","Unknown","Unknown"
"CR-0000087873","ACV-0000179671","M","0","","Unknown","Driver","Impairment Not Known","Unknown","Proceeding Straight","Car","Unknown","1","Unknown","Unknown"
"CR-0000087875","ACV-0000179675","M","0","","Not Applicable","Bicycle","Had Not Been Drinking","South","Proceeding Straight","Bicycle","None Apparent","1","00001","Other Improper Driving"
"CR-0000087872","ACV-0000179669","","0","","Unknown","Driver","Impairment Not Known","South","Making Right Turn","Car","Unknown","1","Unknown","Unknown"
"CR-0000087874","ACV-0000179673","M","30","","Unknown","Driver","Impairment Not Known","Unknown","Unknown","Car","Unknown","1","Unknown","Unknown"
"CR-0000087876","ACV-0000179677","M","35","","Major","Driver","Had Not Been Drinking","North","Proceeding Straight","Car","Unknown","1","21453","Run Red Light"
"CR-0000087877","ACV-0000179680","F","0","","Minor","Driver","Had Not Been Drinking","East","Proceeding Straight","Emergency Vehicle","None Apparent","1","Not Applicable","Not Applicable"
"CR-0000087879","ACV-0000179684","M","30","","Minor","Driver","Had Not Been Drinking","South","Proceeding Straight","Panel Truck","Unknown","1","Unknown","Unknown"
"CR-0000087874","ACV-0000179674","","0","","Unknown","Driver","Impairment Not Known","Unknown","Unknown","Unknown","Unknown","1","Unknown","Unknown"
"CR-0000087876","ACV-0000179678","M","39","","Major","Driver","Had Not Been Drinking","West","Proceeding Straight","Car","Unknown","1","Not Applicable","Not Applicable"
"CR-0000087878","ACV-0000179682","M","53","","Minor","Driver","Impairment Not Known","North","Stopped","Car","None Apparent","1","Not Applicable","Not Applicable"
"CR-0000087877","ACV-0000179679","F","86","","Minor","Driver","Had Not Been Drinking","East","Changing Lanes","Car","Inattention","1","22107","Unsafe Turn Movement"
"CR-0000087878","ACV-0000179683","F","39","","Minor","Driver","Impairment Not Known","North","Stopped","Car","None Apparent","1","Not Applicable","Not Applicable"
"CR-0000087880","ACV-0000179687","M","30","","Moderate","Driver","Had Not Been Drinking","East","Proceeding Straight","Car","Unknown","1","Unknown","Unknown"
"CR-0000087878","ACV-0000179681","","0","","Moderate","Driver","Impairment Not Known","North","Proceeding Straight","Car","Other Violation","1","22350","Speeding"
"CR-0000087879","ACV-0000179685","M","0","","None","Driver","Had Not Been Drinking","South","Proceeding Straight","Emergency Vehicle","Unknown","1","Unknown","Unknown"
"CR-0000087881","ACV-0000179689","M","28","","Moderate","Driver","Had Not Been Drinking","West","Proceeding Straight","Car","Unknown","1","Not Applicable","Not Applicable"
"CR-0000087881","ACV-0000179688","","0","","Unknown","Driver","Impairment Not Known","North","Proceeding Straight","Unknown","Other Violation","1","21453","Run Red Light"
"CR-0000087883","ACV-0000179692","M","51","","Unknown","Driver","Impairment Not Known","South","Proceeding Straight","Panel Truck","Other Violation","1","22350","Speeding"
"CR-0000087885","ACV-0000179696","M","0","","Minor","Driver","Had Not Been Drinking","South","Proceeding Straight","Emergency Vehicle","Inattention","1","22350","Speeding"
"CR-0000087880","ACV-0000179686","M","26","","Moderate","Driver","Had Not Been Drinking","East","Making Right Turn","Emergency Vehicle","Unknown","1","Unknown","Unknown"
"CR-0000087882","ACV-0000179690","","0","","Unknown","Driver","Impairment Not Known","South","Proceeding Straight","Car","Other Violation","1","Unknown","Unknown"
"CR-0000087884","ACV-0000179694","F","32","","Moderate","Driver","Had Not Been Drinking","North","Making Left Turn","Car","None Apparent","1","21804","Yield From Driveway/Curb"
"CR-0000087882","ACV-0000179691","M","19","","Not Applicable","Pedestrian","Impairment Not Known","Unknown","Other (Ped)","Skateboard","Unknown","1","Unknown","Unknown"
"CR-0000087884","ACV-0000179695","M","0","","Moderate","Driver","Had Not Been Drinking","East","Proceeding Straight","Emergency Vehicle","None Apparent","1","Not Applicable","Not Applicable"
"CR-0000087883","ACV-0000179693","F","15","","Not Applicable","Bicycle","Not Applicable","East","Other (Bike)","Bicycle","None Apparent","1","Not Applicable","Not Applicable"
"CR-0000087885","ACV-0000179697","","0","","Unknown","Driver","Impairment Not Known","East","Making Left Turn","Car","Other Violation","1","Not Applicable","Not Applicable"
"CR-0000087887","ACV-0000179701","M","33","","Not Applicable","Pedestrian","Impairment Not Known","South","Other (Ped)","Pedestrian","Unknown","1","Not Applicable","Not Applicable"
"CR-0000087889","ACV-0000179705","","0","","Major","Driver","Impairment Not Known","South","Proceeding Straight","Car","Other Violation","1","21453","Run Red Light"
"CR-0000087887","ACV-0000179700","M","22","","Unknown","Driver","Impairment Not Known","North","Proceeding Straight","Car","Other Violation","1","22350","Speeding"
"CR-0000087888","ACV-0000179704","M","48","","Unknown","Driver","Impairment Not Known","South","Stopped","Car","None Apparent","1","Not Applicable","Not Applicable"
"CR-0000087886","ACV-0000179699","M","38","","Minor","Parked","Not Applicable","Not Applicable","Parked","Emergency Vehicle","Unknown","1","Not Applicable","Not Applicable"
"CR-0000087888","ACV-0000179703","M","22","","Major","Driver","Impairment Not Known","South","Proceeding Straight","Car","None Apparent","1","22350","Speeding"
"CR-0000087886","ACV-0000179698","M","35","","Minor","Driver","Had Been Drinking - Under Influence","South","Proceeding Straight","Car","Other Violation","1","22350","Speeding"
"CR-0000087887","ACV-0000179702","","0","","Unknown","Parked","Not Applicable","Not Applicable","Parked","Panel Truck","Unknown","1","Not Applicable","Not Applicable"
"CR-0000087889","ACV-0000179706","M","42","","Major","Driver","Had Not Been Drinking","East","Making Left Turn","Car","None Apparent","1","Not Applicable","Not Applicable"
"CR-0000087906","ACV-0000179742","F","58","","Minor","Driver","Had Not Been Drinking","South","Making Right Turn","Car","None Apparent","1","Not Applicable","Not Applicable"
"CR-0000087909","ACV-0000179747","F","41","","Not Applicable","Pedestrian","Had Been Drinking - Under Influence","South","Entering Traffic","Pedestrian","Other Violation","1","21954","Pedestrian Yield Car"
"CR-0000087912","ACV-0000179755","","0","","Unknown","Driver","Impairment Not Known","South","Unknown","Car","Unknown","1","Unknown","Unknown"
"CR-0000087890","ACV-0000179707","","0","","Moderate","Driver","Impairment Not Known","East","Other Unsafe Turning","Car","Other Violation","1","22107","Unsafe Turn Movement"
"CR-0000087899","ACV-0000179727","F","24","","Unknown","Driver","Impairment Not Known","Unknown","Making Left Turn","Car","Unknown","1","Unknown","Unknown"
"CR-0000087891","ACV-0000179711","F","36","","Moderate","Driver","Had Not Been Drinking","South","Proceeding Straight","Car","Unknown","1","21804","Yield From Driveway/Curb"
"CR-0000087907","ACV-0000179744","M","61","","Minor","Driver","Had Not Been Drinking","West","Proceeding Straight","Car","None Apparent","1","Not Applicable","Not Applicable"
"CR-0000087913","ACV-0000179756","F","25","","Unknown","Driver","Impairment Not Known","Unknown","Changing Lanes","Car","Unknown","1","Unknown","Unknown"
"CR-0000087890","ACV-0000179710","","0","","Minor","Parked","Not Applicable","Not Applicable","Parked","Car","None Apparent","1","Not Applicable","Not Applicable"
"CR-0000087898","ACV-0000179726","M","52","","Unknown","Driver","Impairment Not Known","Unknown","Proceeding Straight","Car","Unknown","1","Unknown","Unknown"
"CR-0000087897","ACV-0000179724","F","22","","Unknown","Driver","Impairment Not Known","West","Proceeding Straight","Car","Unknown","1","Unknown","Unknown"
"CR-0000087912","ACV-0000179754","","29","","Unknown","Driver","Impairment Not Known","South","Making U-Turn","Car","Unknown","1","Unknown","Unknown"
"CR-0000087892","ACV-0000179714","F","54","","Minor","Driver","Impairment Not Known","East","Proceeding Straight","Car","None Apparent","1","Not Applicable","Not Applicable"
"CR-0000087906","ACV-0000179741","M","20","","Minor","Bicycle","Had Not Been Drinking","East","Proceeding Straight","Bicycle","None Apparent","1","21651","Divided Highway"
"CR-0000087913","ACV-0000179757","","0","","Unknown","Driver","Impairment Not Known","Unknown","Passing Other Vehicles","Unknown","Unknown","1","Unknown","Unknown"
"CR-0000087890","ACV-0000179708","","0","","Minor","Parked","Not Applicable","Not Applicable","Parked","Car","None Apparent","1","Not Applicable","Not Applicable"
"CR-0000087897","ACV-0000179723","","0","","Unknown","Driver","Impairment Not Known","South","Making Left Turn","Car","Unknown","1","Unknown","Unknown"
"CR-0000087900","ACV-0000179730","M","0","","Not Applicable","Bicycle","Impairment Not Known","Unknown","Traveling Wrong Way","Bicycle","Unknown","1","Unknown","Unknown"
"CR-0000087908","ACV-0000179745","M","26","","Moderate","Driver","Had Not Been Drinking","West","Making Left Turn","Car","None Apparent","1","22107","Unsafe Turn Movement"
"CR-0000087895","ACV-0000179720","","0","","Major","Parked","Not Applicable","Not Applicable","Parked","Car","Unknown","1","Not Applicable","Not Applicable"
"CR-0000087907","ACV-0000179743","","0","","Minor","Driver","Impairment Not Known","East","Proceeding Straight","Panel Truck","Other Violation","1","23103","Reckless Driving 2"
"CR-0000087909","ACV-0000179748","M","26","","None","Driver","Had Not Been Drinking","West","Proceeding Straight","Car","None Apparent","1","Not Applicable","Not Applicable"
"CR-0000087910","ACV-0000179749","M","62","","Minor","Driver","Had Not Been Drinking","South","Making Left Turn","Car","Other Violation","1","22107","Unsafe Turn Movement"
"CR-0000087908","ACV-0000179746","M","27","","Major","Driver","Had Not Been Drinking","South","Proceeding Straight","Car","None Apparent","1","Not Applicable","Not Applicable"
"CR-0000087915","ACV-0000179760","M","29","","Unknown","Driver","Impairment Not Known","South","Backing","Panel Truck","Unknown","1","Unknown","Unknown"
"CR-0000087893","ACV-0000179715","M","19","","Major","Driver","Had Not Been Drinking","South","Proceeding Straight","Car","Speeding","1","21453","Run Red Light"
"CR-0000087900","ACV-0000179729","F","29","","Unknown","Driver","Impairment Not Known","South","Making Left Turn","Car","Unknown","1","Unknown","Unknown"
"CR-0000087890","ACV-0000179709","","0","","Major","Parked","Not Applicable","Not Applicable","Parked","Car","None Apparent","1","Not Applicable","Not Applicable"
"CR-0000087899","ACV-0000179728","","0","","Unknown","Driver","Impairment Not Known","Unknown","Stopped","Car","Unknown","1","Unknown","Unknown"
"CR-0000087894","ACV-0000179717","F","54","","Moderate","Driver","Had Been Drinking - Under Influence","North","Proceeding Straight","Car","None Apparent","1","22350","Speeding"
"CR-0000087916","ACV-0000179763","M","54","","Not Applicable","Pedestrian","Impairment Not Known","Not Applicable","Other (Ped)","Pedestrian","Unknown","1","Not Applicable","Not Applicable"
"CR-0000087896","ACV-0000179722","M","28","","Minor","Driver","Had Not Been Drinking","South","Stopped","Car","None Apparent","1","Not Applicable","Not Applicable"
"CR-0000087903","ACV-0000179736","M","66","","Minor","Driver","Impairment Not Known","East","Proceeding Straight","Car","None Apparent","1","Not Applicable","Not Applicable"
"CR-0000087911","ACV-0000179753","M","0","","Unknown","Driver","Impairment Not Known","North","Proceeding Straight","Car","Unknown","1","Unknown","Unknown"
"CR-0000087898","ACV-0000179725","","0","","Unknown","Driver","Impairment Not Known","Unknown","Proceeding Straight","Unknown","Unknown","1","Unknown","Unknown"
"CR-0000087902","ACV-0000179734","M","43","","Minor","Driver","Impairment Not Known","South","Stopped","Car","None Apparent","1","Not Applicable","Not Applicable"
"CR-0000087903","ACV-0000179735","M","62","","Minor","Driver","Impairment Not Known","West","Making Left Turn","Car","Other Violation","1","21453","Run Red Light"
"CR-0000087904","ACV-0000179737","F","48","","Moderate","Driver","Had Not Been Drinking","South","Proceeding Straight","Car","None Apparent","1","22450","Fail Stop/Sign"
"CR-0000087892","ACV-0000179713","M","24","","Minor","Driver","Impairment Not Known","East","Proceeding Straight","Panel Truck","None Apparent","1","21703","Follow Too Closely"
"CR-0000087894","ACV-0000179718","M","33","","Minor","Driver","Had Not Been Drinking","North","Stopped","Car","None Apparent","1","Not Applicable","Not Applicable"
"CR-0000087914","ACV-0000179758","F","51","","Unknown","Driver","Not Applicable","Not Applicable","Parked","Car","Unknown","1","Unknown","Unknown"
"CR-0000087896","ACV-0000179721","M","37","","Minor","Driver","Had Not Been Drinking","South","Proceeding Straight","Car","Other Violation","1","22350","Speeding"
"CR-0000087905","ACV-0000179740","M","29","","Minor","Driver","Had Been Drinking - Not Under Influence","North","Stopped","Car","Unknown","1","Not Applicable","Not Applicable"
"CR-0000087915","ACV-0000179761","","0","","Unknown","Parked","Not Applicable","Not Applicable","Parked","Car","Unknown","1","Unknown","Unknown"
"CR-0000087916","ACV-0000179762","","0","","Unknown","Driver","Impairment Not Known","East","Proceeding Straight","Panel Truck","Other Violation","1","22350","Speeding"
"CR-0000087895","ACV-0000179719","","0","","Unknown","Driver","Impairment Not Known","South","Backing","Panel Truck","Other Violation","1","22106","Unsafe Backing"
"CR-0000087901","ACV-0000179731","M","45","","Moderate","Driver","Impairment Not Known","South","Proceeding Straight","Panel Truck","None Apparent","1","22350","Speeding"
"CR-0000087901","ACV-0000179732","M","75","","Moderate","Driver","Impairment Not Known","South","Proceeding Straight","Car","None Apparent","1","Not Applicable","Not Applicable"
"CR-0000087914","ACV-0000179759","","0","","Unknown","Driver","Impairment Not Known","East","Proceeding Straight","Car","Unknown","1","Unknown","Unknown"
"CR-0000087891","ACV-0000179712","M","52","","Moderate","Driver","Had Not Been Drinking","West","Proceeding Straight","Car","Unknown","1","Not Applicable","Not Applicable"
"CR-0000087893","ACV-0000179716","M","37","","Moderate","Driver","Had Not Been Drinking","West","Proceeding Straight","Semi Truck","None Apparent","1","Not Applicable","Not Applicable"
"CR-0000087905","ACV-0000179739","F","64","","Minor","Driver","Had Been Drinking - Not Under Influence","North","Proceeding Straight","Car","Other Violation","1","21703","Follow Too Closely"
"CR-0000087910","ACV-0000179750","F","57","","Minor","Driver","Had Not Been Drinking","North","Proceeding Straight","Car","None Apparent","1","Not Applicable","Not Applicable"
"CR-0000087902","ACV-0000179733","M","34","","Minor","Driver","Impairment Not Known","North","Backing","Car","None Apparent","1","22106","Unsafe Backing"
"CR-0000087917","ACV-0000179765","M","29","","Not Applicable","Bicycle","Impairment Not Known","South","Proceeding Straight","Bicycle","Unknown","1","Not Applicable","Not Applicable"
"CR-0000087911","ACV-0000179752","F","24","","Unknown","Driver","Impairment Not Known","North","Stopped","Car","Unknown","1","Unknown","Unknown"
"CR-0000087917","ACV-0000179764","","0","","Unknown","Driver","Impairment Not Known","West","Proceeding Straight","Car","Other Violation","1","21453","Run Red Light"
"CR-0000087904","ACV-0000179738","M","33","","Moderate","Driver","Had Not Been Drinking","West","Proceeding Straight","Car","None Apparent","1","Not Applicable","Not Applicable"
"CR-0000087910","ACV-0000179751","F","44","","Major","Driver","Had Not Been Drinking","North","Proceeding Straight","Car","None Apparent","1","Not Applicable","Not Applicable"
"CR-0000087918","ACV-0000179766","F","42","","Not Applicable","Bicycle","Had Not Been Drinking","West","Proceeding Straight","Bicycle","Other Violation","1","Unknown","Unknown"
"CR-0000087919","ACV-0000179768","M","63","","None","Driver","Had Not Been Drinking","South","Making Left Turn","Car","None Apparent","1","21451","Failure To Go On Green/Arrow"
"CR-0000087925","ACV-0000179782","","0","","Minor","Parked","Not Applicable","Not Applicable","Parked","Car","None Apparent","1","Not Applicable","Not Applicable"
"CR-0000087926","ACV-0000179784","M","73","","Not Applicable","Bicycle","Had Not Been Drinking","South","Proceeding Straight","Bicycle","None Apparent","1","Not Applicable","Not Applicable"
"CR-0000087918","ACV-0000179767","F","23","","Minor","Driver","Had Not Been Drinking","North","Making Right Turn","Car","Other Violation","1","Unknown","Unknown"
"CR-0000087921","ACV-0000179773","M","44","","Major","Driver","Had Not Been Drinking","West","Proceeding Straight","Panel Truck","Unknown","1","Not Applicable","Not Applicable"
"CR-0000087927","ACV-0000179785","F","51","","Minor","Driver","Impairment Not Known","North","Proceeding Straight","Car","Other Violation","1","21703","Follow Too Closely"
"CR-0000087923","ACV-0000179776","F","30","","Unknown","Driver","Impairment Not Known","South","Proceeding Straight","Car","Unknown","1","Unknown","Unknown"
"CR-0000087929","ACV-0000179790","M","55","","Minor","Driver","Had Not Been Drinking","South","Proceeding Straight","Panel Truck","Stop And Go Traffic","1","22350","Speeding"
"CR-0000087931","ACV-0000179795","M","46","","Major","Driver","Impairment Not Known","South","Proceeding Straight","Car","Other Violation","1","22350","Speeding"
"CR-0000087920","ACV-0000179771","M","43","","Minor","Driver","Impairment Not Known","East","Stopped","Car","None Apparent","1","Not Applicable","Not Applicable"
"CR-0000087927","ACV-0000179787","M","26","","Minor","Driver","Impairment Not Known","North","Stopped","Car","None Apparent","1","Not Applicable","Not Applicable"
"CR-0000087928","ACV-0000179789","F","15","","Not Applicable","Bicycle","Had Not Been Drinking","South","Proceeding Straight","Bicycle","None Apparent","1","Not Applicable","Not Applicable"
"CR-0000087923","ACV-0000179777","","0","","Unknown","Driver","Impairment Not Known","South","Slowing/Stopping","Car","Unknown","1","Unknown","Unknown"
"CR-0000087932","ACV-0000179801","","0","","Minor","Parked","Not Applicable","Not Applicable","Parked","Car","None Apparent","1","Not Applicable","Not Applicable"
"CR-0000087925","ACV-0000179781","M","21","","Totaled","Driver","Had Not Been Drinking","East","Proceeding Straight","Car","None Apparent","1","Not Applicable","Not Applicable"
"CR-0000087933","ACV-0000179804","M","63","","Unknown","Driver","Impairment Not Known","South","Stopped","Car","Unknown","1","Unknown","Unknown"
"CR-0000087925","ACV-0000179780","M","80","","Major","Driver","Had Not Been Drinking","North","Backing","Car","None Apparent","1","22106","Unsafe Backing"
"CR-0000087932","ACV-0000179803","","0","","Moderate","Parked","Not Applicable","Not Applicable","Parked","Car","None Apparent","1","Not Applicable","Not Applicable"
"CR-0000087929","ACV-0000179791","F","23","","Moderate","Driver","Had Not Been Drinking","South","Stopped","Car","Stop And Go Traffic","1","Not Applicable","Not Applicable"
"CR-0000087919","ACV-0000179769","F","78","","Not Applicable","Pedestrian","Had Not Been Drinking","North","Other (Ped)","Pedestrian","None Apparent","1","Not Applicable","Not Applicable"
"CR-0000087920","ACV-0000179770","","0","","Unknown","Driver","Impairment Not Known","East","Making Right Turn","Car","Other Violation","1","22107","Unsafe Turn Movement"
"CR-0000087926","ACV-0000179783","F","43","","Moderate","Driver","Had Not Been Drinking","North","Making Left Turn","Car","None Apparent","1","21801","Yield Left Turn"
"CR-0000087931","ACV-0000179796","","0","","Moderate","Parked","Not Applicable","Not Applicable","Parked","Car","None Apparent","1","Not Applicable","Not Applicable"
"CR-0000087932","ACV-0000179800","M","33","","Major","Driver","Had Not Been Drinking","South","Proceeding Straight","Car","Unknown","1","Not Applicable","Not Applicable"
"CR-0000087934","ACV-0000179807","","0","","Minor","Parked","Not Applicable","Not Applicable","Parked","Car","Unknown","1","Not Applicable","Not Applicable"
"CR-0000087935","ACV-0000179808","","0","","Unknown","Driver","Impairment Not Known","North","Other Unsafe Turning","Car","Unknown","1","Unknown","Unknown"
"CR-0000087927","ACV-0000179786","F","39","","Minor","Driver","Impairment Not Known","North","Stopped","Car","None Apparent","1","Not Applicable","Not Applicable"
"CR-0000087930","ACV-0000179793","M","65","","Major","Driver","Had Not Been Drinking","South","Traveling Wrong Way","Car","None Apparent","1","22107","Unsafe Turn Movement"
"CR-0000087922","ACV-0000179775","F","22","","Major","Driver","Had Not Been Drinking","South","Proceeding Straight","Car","Unknown","1","Not Applicable","Not Applicable"
"CR-0000087935","ACV-0000179809","","0","","Unknown","Parked","Impairment Not Known","Not Applicable","Parked","Car","Unknown","1","Unknown","Unknown"
"CR-0000087922","ACV-0000179774","","0","","Unknown","Driver","Impairment Not Known","East","Proceeding Straight","Car","Other Violation","1","21453","Run Red Light"
"CR-0000087929","ACV-0000179792","F","20","","Minor","Driver","Had Not Been Drinking","South","Slowing/Stopping","Car","Stop And Go Traffic","1","Not Applicable","Not Applicable"