"CrashName","Name","Sex","Age","Speed","VehicleDamage","PartyCategory","Sobriety","VehicleDirection","MovementPrecedingCollision","PartyType","OtherAssociatedFactor","VehicleCount","ViolationCode","ViolationCodeDescription"
"CR-0000087921","ACV-0000179772","M","58","","Major","Driver","Impairment Not Known","North","Proceeding Straight","Car","Unknown","1","22450","Fail Stop/Sign"
"CR-0000087924","ACV-0000179778","M","38","","Moderate","Driver","Under Drug Influence","South","Other Unsafe Turning","Car","Other Violation","1","22350","Speeding"
"CR-0000087924","ACV-0000179779","","0","","Moderate","Parked","Had Not Been Drinking","Not Applicable","Parked","Car","Unknown","1","Not Applicable","Not Applicable"
"CR-0000087931","ACV-0000179797","","0","","Minor","Parked","Not Applicable","Not Applicable","Parked","Car","None Apparent","1","Not Applicable","Not Applicable"
"CR-0000087928","ACV-0000179788","F","44","","Minor","Driver","Had Not Been Drinking","West","Making Right Turn","Car","None Apparent","1","22107","Unsafe Turn Movement"
"CR-0000087934","ACV-0000179806","","0","","Unknown","Driver","Impairment Not Known","South","Backing","Car","Other Violation","1","22106","Unsafe Backing"
"CR-0000087932","ACV-0000179802","","0","","Moderate","Parked","Not Applicable","Not Applicable","Parked","Car","None Apparent","1","Not Applicable","Not Applicable"
"CR-0000087931","ACV-0000179798","","0","","Major","Parked","Not Applicable","Not Applicable","Parked","Car","None Apparent","1","Not Applicable","Not Applicable"
"CR-0000087932","ACV-0000179799","F","31","","Major","Driver","Had Not Been Drinking","South","Merging","Car","Speeding","1","22106","Unsafe Backing"
"CR-0000087933","ACV-0000179805","F","0","","Unknown","Driver","Impairment Not Known","South","Proceeding Straight","Car","Unknown","1","Unknown","Unknown"
"CR-0000087930","ACV-0000179794","F","20","","Major","Driver","Had Not Been Drinking","North","Proceeding Straight","Car","None Apparent","1","Not Applicable","Not Applicable"
"CR-0000087936","ACV-0000179811","F","47","","Unknown","Driver","Had Not Been Drinking","East","Making Left Turn","Car","Inattention","1","22450","Fail Stop/Sign"
"CR-0000087936","ACV-0000179810","","0","","Unknown","Driver","Impairment Not Known","South","Proceeding Straight","Unknown","Other Violation","1","Not Applicable","Not Applicable"
"CR-0000087939","ACV-0000179817","F","19","","Unknown","Driver","Impairment Not Known","South","Making Right Turn","Unknown","None Apparent","1","Not Applicable","Not Applicable"
"CR-0000087947","ACV-0000179830","F","63","","Moderate","Driver","Had Not Been Drinking","East","Stopped","Car","None Apparent","1","22350","Speeding"
"CR-0000087947","ACV-0000179831","F","41","","Minor","Driver","Had Not Been Drinking","East","Stopped","Car","None Apparent","1","Not Applicable","Not Applicable"
"CR-0000087937","ACV-0000179812","M","25","","Minor","Driver","Had Not Been Drinking","East","Backing","Car","Vision Obscurement","1","Unknown","Unknown"
"CR-0000087939","ACV-0000179816","F","0","","Unknown","Driver","Impairment Not Known","South","Proceeding Straight","Unknown","None Apparent","1","Unknown","Unknown"
"CR-0000087953","ACV-0000179842","M","48","","Major","Driver","Impairment Not Known","South","Proceeding Straight","Car","Other Violation","1","22350","Speeding"
"CR-0000087951","ACV-0000179839","F","69","","Major","Driver","Had Not Been Drinking","East","Making Left Turn","Car","None Apparent","1","Not Applicable","Not Applicable"
"CR-0000087942","ACV-0000179822","M","58","","Moderate","Driver","Had Not Been Drinking","South","Proceeding Straight","Car","None Apparent","1","Not Applicable","Not Applicable"
"CR-0000087943","ACV-0000179823","","0","","Minor","Driver","Impairment Not Known","Unknown","Proceeding Straight","Car","None Apparent","1","21658","Unsafe Lane Change"
"CR-0000087943","ACV-0000179824","","0","","Minor","Parked","Not Applicable","Not Applicable","Parked","Car","None Apparent","1","Not Applicable","Not Applicable"
"CR-0000087941","ACV-0000179820","M","53","","Minor","Driver","Impairment Not Known","East","Proceeding Straight","Bus - Other","None Apparent","1","Not Applicable","Not Applicable"
"CR-0000087949","ACV-0000179835","M","16","","Unknown","Bicycle","Impairment Not Known","West","Proceeding Straight","Bicycle","None Apparent","1","Not Applicable","Not Applicable"
"CR-0000087944","ACV-0000179825","F","16","","Major","Driver","Impairment Not Known","North","Ran Off Road","Car","Unfamiliar With Road","1","22350","Speeding"
"CR-0000087945","ACV-0000179826","F","66","","Major","Driver","Had Not Been Drinking","West","Proceeding Straight","Car","None Apparent","1","21453","Run Red Light"
"CR-0000087948","ACV-0000179833","F","60","","Unknown","Driver","Impairment Not Known","West","Stopped","Car","Stop And Go Traffic","1","Unknown","Unknown"
"CR-0000087938","ACV-0000179814","F","70","","Moderate","Driver","Had Not Been Drinking","South","Proceeding Straight","Car","Inattention","1","22107","Unsafe Turn Movement"
"CR-0000087942","ACV-0000179821","F","57","","Moderate","Driver","Had Not Been Drinking","North","Stopped","Car","None Apparent","1","22107","Unsafe Turn Movement"
"CR-0000087937","ACV-0000179813","","0","","None","Parked","Not Applicable","Not Applicable","Parked","Car With Trailer","None Apparent","1","Not Applicable","Not Applicable"
"CR-0000087950","ACV-0000179836","M","67","","Major","Driver","Had Not Been Drinking","South","Making Left Turn","Car","None Apparent","1","21802","Yield Stop Sign"
"CR-0000087950","ACV-0000179837","M","26","","Major","Driver","Had Not Been Drinking","West","Proceeding Straight","Car","None Apparent","1","Not Applicable","Not Applicable"
"CR-0000087951","ACV-0000179838","","0","","Major","Driver","Impairment Not Known","South","Proceeding Straight","Car","Other Violation","1","22350","Speeding"
"CR-0000087953","ACV-0000179844","M","16","","Moderate","Driver","Impairment Not Known","South","Stopped","Car","None Apparent","1","Not Applicable","Not Applicable"
"CR-0000087940","ACV-0000179818","M","0","","Major","Driver","Impairment Not Known","West","Proceeding Straight","Car","None Apparent","1","22350","Speeding"
"CR-0000087953","ACV-0000179843","M","37","","Moderate","Driver","Impairment Not Known","South","Stopped","Panel Truck","None Apparent","1","Not Applicable","Not Applicable"
"CR-0000087938","ACV-0000179815","M","69","","Moderate","Driver","Had Not Been Drinking","South","Proceeding Straight","Car","None Apparent","1","Not Applicable","Not Applicable"
"CR-0000087945","ACV-0000179827","F","70","","Major","Driver","Had Not Been Drinking","North","Proceeding Straight","Car","None Apparent","1","Not Applicable","Not Applicable"
"CR-0000087952","ACV-0000179841","M","60","","Moderate","Driver","Had Not Been Drinking","West","Stopped","Car","None Apparent","1","Not Applicable","Not Applicable"
"CR-0000087941","ACV-0000179819","M","61","","Minor","Driver","Impairment Not Known","East","Changing Lanes","Car","None Apparent","1","22107","Unsafe Turn Movement"
"CR-0000087949","ACV-0000179834","M","0","","Unknown","Driver","Impairment Not Known","North","Making Right Turn","Car","Other Violation","1","22107","Unsafe Turn Movement"
"CR-0000087946","ACV-0000179828","F","24","","Unknown","Driver","Impairment Not Known","North","Changing Lanes","Car","None Apparent","1","21802","Yield Stop Sign"
"CR-0000087952","ACV-0000179840","","0","","Unknown","Driver","Impairment Not Known","West","Proceeding Straight","Car","Other Violation","1","21658","Unsafe Lane Change"
"CR-0000087948","ACV-0000179832","","0","","Unknown","Driver","Impairment Not Known","West","Proceeding Straight","Car","Stop And Go Traffic","1","Unknown","Unknown"
"CR-0000087946","ACV-0000179829","M","13","","Minor","Bicycle","Had Not Been Drinking","North","Proceeding Straight","Bicycle","None Apparent","1","21802","Yield Stop Sign"
"CR-0000087954","ACV-0000179845","M","50","","Major","Driver","Had Not Been Drinking","South","Proceeding Straight","Car","None Apparent","1","22350","Speeding"
"CR-0000087955","ACV-0000179848","M","17","","Totaled","Driver","Had Not Been Drinking","South","Ran Off Road","Car","Unknown","1","22350","Speeding"
"CR-0000087954","ACV-0000179846","M","79","","Not Applicable","Pedestrian","Impairment Not Known","East","Other","Pedestrian","None Apparent","1","Not Applicable","Not Applicable"
"CR-0000087956","ACV-0000179850","M","45","","Not Applicable","Pedestrian","Impairment Not Known","South","Other (Ped)","Pedestrian","Unknown","1","Not Applicable","Not Applicable"
"CR-0000087956","ACV-0000179849","","0","","Unknown","Driver","Impairment Not Known","West","Proceeding Straight","Car","Other Violation","1","22450","Fail Stop/Sign"
"CR-0000087954","ACV-0000179847","M","41","","Moderate","Driver","Had Not Been Drinking","South","Slowing/Stopping","Car","None Apparent","1","Not Applicable","Not Applicable"
"CR-0000087969","ACV-0000179872","F","37","","Moderate","Driver","Had Not Been Drinking","South","Proceeding Straight","Car","None Apparent","1","Not Applicable","Not Applicable"
"CR-0000087978","ACV-0000179886","F","69","","Major","Driver","Had Not Been Drinking","South","Proceeding Straight","Car","None Apparent","1","Not Applicable","Not Applicable"
"CR-0000087968","ACV-0000179869","M","17","","Minor","Driver","Had Not Been Drinking","North","Making Left Turn","Car","None Apparent","1","22107","Unsafe Turn Movement"
"CR-0000087976","ACV-0000179880","F","58","","Major","Driver","Impairment Not Known","North","Ran Off Road","Panel Truck","Other Violation","1","21650","Driving Wrong Side"
"CR-0000087975","ACV-0000179879","M","0","","Moderate","Driver","Impairment Not Known","East","Making Right Turn","Car","None Apparent","1","22350","Speeding"
"CR-0000087958","ACV-0000179851","M","29","","Moderate","Driver","Impairment Not Known","West","Entering Traffic","Car","None Apparent","1","22106","Unsafe Backing"
"CR-0000087963","ACV-0000179860","M","20","","Moderate","Driver","Had Not Been Drinking","East","Proceeding Straight","Car","Other Violation","1","21658","Unsafe Lane Change"
"CR-0000087967","ACV-0000179867","M","59","","Moderate","Driver","Had Not Been Drinking","South","Proceeding Straight","Car","Other","1","21453","Run Red Light"
"CR-0000087959","ACV-0000179853","","0","","Minor","Parked","Not Applicable","Not Applicable","Parked","Panel Truck","Unknown","1","22521","Parking On Railroad"
"CR-0000087959","ACV-0000179854","M","27","","None","Driver","Impairment Not Known","Unknown","Proceeding Straight","Train","Unknown","1","Not Applicable","Not Applicable"
"CR-0000087972","ACV-0000179874","M","19","","Major","Driver","Had Not Been Drinking","West","Proceeding Straight","Car","Other Violation","1","21453","Run Red Light"
"CR-0000087966","ACV-0000179866","M","25","","Moderate","Driver","Impairment Not Known","South","Making Left Turn","Car","Unknown","1","Unknown","Unknown"
"CR-0000087964","ACV-0000179862","M","31","","Moderate","Driver","Impairment Not Known","East","Proceeding Straight","Car","Other Violation","1","22350","Speeding"
"CR-0000087978","ACV-0000179885","M","17","","Major","Driver","Had Not Been Drinking","North","Making Left Turn","Car","Inattention","1","21801","Yield Left Turn"
"CR-0000087960","ACV-0000179856","F","43","","Minor","Driver","Impairment Not Known","South","Proceeding Straight","Car","None Apparent","1","Not Applicable","Not Applicable"
"CR-0000087962","ACV-0000179859","M","16","","Major","Driver","Had Not Been Drinking","North","Making Right Turn","Car","None Apparent","1","22107","Unsafe Turn Movement"
"CR-0000087967","ACV-0000179868","M","24","","Moderate","Driver","Had Not Been Drinking","West","Making Left Turn","Car","None Apparent","1","Not Applicable","Not Applicable"
"CR-0000087968","ACV-0000179870","F","31","","Moderate","Driver","Had Not Been Drinking","South","Proceeding Straight","Car","None Apparent","1","Not Applicable","Not Applicable"
"CR-0000087961","ACV-0000179858","M","52","","Minor","Driver","Had Not Been Drinking","East","Stopped","Car","None Apparent","1","Not Applicable","Not Applicable"
"CR-0000087976","ACV-0000179882","F","17","","Moderate","Driver","Had Not Been Drinking","South","Stopped","Car","None Apparent","1","Not Applicable","Not Applicable"
"CR-0000087963","ACV-0000179861","F","23","","Moderate","Driver","Had Not Been Drinking","East","Proceeding Straight","Car","None Apparent","1","Not Applicable","Not Applicable"
"CR-0000087973","ACV-0000179876","F","61","","Major","Driver","Impairment Not Known","North","Proceeding Straight","Car","None Apparent","1","22350","Speeding"
"CR-0000087977","ACV-0000179884","F","38","","Totaled","Driver","Had Been Drinking - Not Under Influence","West","Making Left Turn","Car","None Apparent","1","Not Applicable","Not Applicable"
"CR-0000087958","ACV-0000179852","M","40","","Moderate","Driver","Impairment Not Known","North","Proceeding Straight","Motorcycle/Moped","None Apparent","1","Not Applicable","Not Applicable"
"CR-0000087960","ACV-0000179855","M","53","","Moderate","Driver","Impairment Not Known","South","Making Left Turn","Car","None Apparent","1","22100","Improper Turn"
"CR-0000087969","ACV-0000179871","F","30","","Moderate","Driver","Had Not Been Drinking","East","Entering Traffic","Car","None Apparent","1","21804","Yield From Driveway/Curb"
"CR-0000087974","ACV-0000179877","F","43","","Moderate","Driver","Had Not Been Drinking","North","Proceeding Straight","Car","None Apparent","1","21453","Run Red Light"
"CR-0000087974","ACV-0000179878","F","35","","Moderate","Driver","Had Not Been Drinking","South","Making Left Turn","Car","None Apparent","1","Not Applicable","Not Applicable"
"CR-0000087964","ACV-0000179863","","0","","Moderate","Parked","Not Applicable","Not Applicable","Parked","Car","None Apparent","1","Not Applicable","Not Applicable"
"CR-0000087965","ACV-0000179864","M","81","","Unknown","Driver","Had Not Been Drinking","South","Backing","Car","None Apparent","1","22106","Unsafe Backing"
"CR-0000087965","ACV-0000179865","","0","","Unknown","Parked","Not Applicable","Not Applicable","Parked","Car","None Apparent","1","Not Applicable","Not Applicable"
"CR-0000087970","ACV-0000179873","M","25","","Totaled","Driver","Impairment Not Known","West","Ran Off Road","Panel Truck","Unknown","1","Unknown","Unknown"
"CR-0000087972","ACV-0000179875","M","45","","Major","Driver","Had Not Been Drinking","South","Proceeding Straight","Semi Truck","None Apparent","1","Not Applicable","Not Applicable"
"CR-0000087977","ACV-0000179883","F","47","","Totaled","Driver","Had Been Drinking - Not Under Influence","South","Proceeding Straight","Car","None Apparent","1","21453","Run Red Light"
"CR-0000087961","ACV-0000179857","M","39","","Minor","Driver","Had Not Been Drinking","East","Proceeding Straight","Car","None Apparent","1","22107","Unsafe Turn Movement"
"CR-0000087976","ACV-0000179881","F","61","","Minor","Driver","Had Not Been Drinking","South","Stopped","Car","None Apparent","1","Not Applicable","Not Applicable"
"CR-0000087979","ACV-0000179887","M","30","","Major","Driver","Had Been Drinking - Not Under Influence","East","Proceeding Straight","Car","Inattention","1","00001","Other Improper Driving"
"CR-0000087979","ACV-0000179888","","0","","Major","Parked","Not Applicable","Not Applicable","Parked","Car","None Apparent","1","Not Applicable","Not Applicable"
"CR-0000087980","ACV-0000179890","","0","","Minor","Parked","Not Applicable","Not Applicable","Parked","Panel Truck","None Apparent","1","Not Applicable","Not Applicable"
"CR-0000088009","ACV-0000179951","","0","","Moderate","Parked","Not Applicable","Not Applicable","Parked","Car","None Apparent","1","Not Applicable","Not Applicable"
"CR-0000088018","ACV-0000179968","M","48","","Major","Driver","Had Not Been Drinking","East","Making Left Turn","Car","None Apparent","1","21453","Run Red Light"
"CR-0000088015","ACV-0000179962","M","42","","Moderate","Driver","Had Not Been Drinking","West","Proceeding Straight","Panel Truck","None Apparent","1","21453","Run Red Light"
"CR-0000088020","ACV-0000179972","M","19","","Not Applicable","Bicycle","Had Not Been Drinking","East","Proceeding Straight","Bicycle","None Apparent","1","Not Applicable","Not Applicable"
"CR-0000088017","ACV-0000179967","M","54","","Moderate","Driver","Had Not Been Drinking","South","Proceeding Straight","Car","None Apparent","1","Not Applicable","Not Applicable"
"CR-0000087999","ACV-0000179928","M","0","","Unknown","Driver","Impairment Not Known","South","Proceeding Straight","Panel Truck","None Apparent","1","22350","Speeding"
"CR-0000088023","ACV-0000179978","","0","","Unknown","Parked","Not Applicable","Not Applicable","Parked","Car","Unknown","1","Unknown","Unknown"
"CR-0000087997","ACV-0000179924","M","30","","Major","Driver","Had Not Been Drinking","North","Proceeding Straight","Car","Unknown","1","Not Applicable","Not Applicable"
"CR-0000087988","ACV-0000179907","M","0","","Moderate","Driver","Impairment Not Known","South","Making U-Turn","Car","Other Violation","1","22107","Unsafe Turn Movement"
"CR-0000087986","ACV-0000179902","F","39","","Major","Driver","Impairment Not Known","South","Proceeding Straight","Car","Other Violation","1","22350","Speeding"
"CR-0000088013","ACV-0000179959","M","18","","Major","Driver","Had Not Been Drinking","North","Making Right Turn","Panel Truck","Entering/Leaving Ramp","1","22350","Speeding"
"CR-0000087986","ACV-0000179904","M","54","","Minor","Parked","Not Applicable","Not Applicable","Parked","Car","None Apparent","1","Not Applicable","Not Applicable"
"CR-0000087998","ACV-0000179927","M","53","","Not Applicable","Pedestrian","Had Not Been Drinking","North","Other (Ped)","Pedestrian","None Apparent","1","Not Applicable","Not Applicable"
"CR-0000088022","ACV-0000179975","M","0","","Unknown","Driver","Impairment Not Known","East","Making Left Turn","Car","Unknown","1","Unknown","Unknown"
"CR-0000088003","ACV-0000179936","M","34","","Not Applicable","Bicycle","Had Not Been Drinking","West","Proceeding Straight","Bicycle","Unknown","1","21202","Wrong Way Bike"
"CR-0000088000","ACV-0000179930","","0","","Major","Parked","Not Applicable","Not Applicable","Parked","Panel Truck","Unknown","1","Not Applicable","Not Applicable"
"CR-0000087996","ACV-0000179922","M","29","","Moderate","Driver","Had Been Drinking - Under Influence","East","Making Right Turn","Car","Under Influence","1","22350","Speeding"
"CR-0000087984","ACV-0000179899","M","24","","Major","Driver","Had Been Drinking - Under Influence","North","Crossing Into Opposing Lane","Car","Under Influence","1","21650","Driving Wrong Side"
"CR-0000088021","ACV-0000179974","F","21","","Unknown","Driver","Impairment Not Known","North","Proceeding Straight","Car","None Apparent","1","Not Applicable","Not Applicable"
"CR-0000088007","ACV-0000179945","M","29","","Moderate","Driver","Had Not Been Drinking","East","Ran Off Road","Motorcycle/Moped","Other Violation","1","22350","Speeding"
"CR-0000087981","ACV-0000179893","","0","","Major","Driver","Impairment Not Known","North","Making Left Turn","Car","Other Violation","1","22350","Speeding"
"CR-0000087990","ACV-0000179910","","0","","Major","Driver","Impairment Not Known","North","Proceeding Straight","Car","Other Violation","1","22350","Speeding"
"CR-0000088016","ACV-0000179964","","0","","Unknown","Driver","Impairment Not Known","West","Proceeding Straight","Car","Unknown","1","Unknown","Unknown"
"CR-0000087989","ACV-0000179908","F","35","","Moderate","Driver","Had Not Been Drinking","South","Proceeding Straight","Car","Unknown","1","21453","Run Red Light"
"CR-0000088001","ACV-0000179933","M","31","","Major","Driver","Had Not Been Drinking","West","Proceeding Straight","Car","None Apparent","1","21658","Unsafe Lane Change"
"CR-0000088005","ACV-0000179941","","0","","Moderate","Parked","Not Applicable","Not Applicable","Parked","Car","None Apparent","1","Not Applicable","Not Applicable"
"CR-0000087984","ACV-0000179900","M","35","","Moderate","Driver","Had Not Been Drinking","South","Proceeding Straight","Emergency Vehicle","None Apparent","1","Not Applicable","Not Applicable"
"CR-0000087992","ACV-0000179916","","0","","Major","Parked","Not Applicable","Not Applicable","Parked","Car","Unknown","1","Not Applicable","Not Applicable"
"CR-0000088014","ACV-0000179960","F","54","","None","Driver","Had Not Been Drinking","South","Making Left Turn","Car","None Apparent","1","21950","Yield Pedestrian In Crosswalk"
"CR-0000088022","ACV-0000179976","F","24","","Unknown","Driver","Impairment Not Known","West","Proceeding Straight","Car","Unknown","1","Unknown","Unknown"
"CR-0000087982","ACV-0000179895","M","45","","Minor","Driver","Had Not Been Drinking","South","Making Left Turn","Car","None Apparent","1","Not Applicable","Not Applicable"
"CR-0000088019","ACV-0000179970","M","67","","Major","Driver","Had Not Been Drinking","South","Proceeding Straight","Car","Unknown","1","22107","Unsafe Turn Movement"
"CR-0000088023","ACV-0000179977","","0","","Unknown","Driver","Impairment Not Known","Unknown","Unknown","Car","Unknown","1","Unknown","Unknown"
"CR-0000087993","ACV-0000179918","M","20","","Major","Driver","Impairment Not Known","North","Proceeding Straight","Car","Other Violation","1","22350","Speeding"
"CR-0000087997","ACV-0000179925","M","28","","Minor","Driver","Had Not Been Drinking","North","Proceeding Straight","Car","Unknown","1","Not Applicable","Not Applicable"
"CR-0000087992","ACV-0000179917","","0","","Minor","Driver","Not Applicable","Not Applicable","Parked","Car","Unknown","1","Not Applicable","Not Applicable"
"CR-0000088000","ACV-0000179931","","0","","Major","Parked","Not Applicable","Not Applicable","Parked","Car","Unknown","1","Not Applicable","Not Applicable"
"CR-0000088009","ACV-0000179949","","0","","Moderate","Driver","Impairment Not Known","East","Proceeding Straight","Panel Truck","Other Violation","1","22350","Speeding"
"CR-0000087987","ACV-0000179906","F","22","","Major","Driver","Had Not Been Drinking","North","Making Left Turn","Car","None Apparent","1","Not Applicable","Not Applicable"
"CR-0000088006","ACV-0000179943","F","71","","Major","Driver","Had Not Been Drinking","North","Proceeding Straight","Car","Inattention","1","21453","Run Red Light"
"CR-0000088004","ACV-0000179939","M","60","","Minor","Driver","Had Not Been Drinking","South","Making Left Turn","Car","Unknown","1","Not Applicable","Not Applicable"
"CR-0000087991","ACV-0000179912","M","0","","Moderate","Driver","Impairment Not Known","East","Proceeding Straight","Panel Truck","Other Violation","1","22350","Speeding"
"CR-0000088017","ACV-0000179966","M","28","","Moderate","Driver","Had Not Been Drinking","South","Merging","Car","None Apparent","1","22107","Unsafe Turn Movement"
"CR-0000088010","ACV-0000179953","","0","","Unknown","Driver","Impairment Not Known","South","Other Unsafe Turning","Panel Truck","Unknown","1","Unknown","Unknown"
"CR-0000088009","ACV-0000179952","","0","","Moderate","Driver","Not Applicable","Not Applicable","Parked","Panel Truck","None Apparent","1","Not Applicable","Not Applicable"
"CR-0000087995","ACV-0000179921","M","18","","Minor","Driver","Had Not Been Drinking","South","Making Left Turn","Car","Speeding","1","22107","Unsafe Turn Movement"
"CR-0000088020","ACV-0000179971","M","45","","Minor","Driver","Had Not Been Drinking","West","Making Left Turn","Car","None Apparent","1","21801","Yield Left Turn"
"CR-0000088018","ACV-0000179969","F","34","","Major","Driver","Had Not Been Drinking","West","Proceeding Straight","Car","None Apparent","1","Not Applicable","Not Applicable"
"CR-0000087980","ACV-0000179889","M","24","","Major","Driver","Had Been Drinking - Under Influence","East","Proceeding Straight","Car","Under Influence","1","22350","Speeding"
"CR-0000087983","ACV-0000179898","","0","","Minor","Parked","Not Applicable","Not Applicable","Parked","Car","None Apparent","1","Not Applicable","Not Applicable"
"CR-0000088002","ACV-0000179935","F","66","","Minor","Driver","Had Not Been Drinking","South","Stopped","Car","None Apparent","1","Not Applicable","Not Applicable"
"CR-0000087983","ACV-0000179897","","0","","Minor","Parked","Not Applicable","Not Applicable","Parked","Car","None Apparent","1","Not Applicable","Not Applicable"
"CR-0000088010","ACV-0000179954","","0","","Unknown","Parked","Impairment Not Known","Not Applicable","Parked","Car","Unknown","1","Unknown","Unknown"
"CR-0000087980","ACV-0000179891","","0","","Minor","Parked","Not Applicable","Not Applicable","Parked","Car","None Apparent","1","Not Applicable","Not Applicable"
"CR-0000087989","ACV-0000179909","F","25","","Moderate","Driver","Had Not Been Drinking","East","Making Right Turn","Car","Unknown","1","Not Applicable","Not Applicable"
"CR-0000087986","ACV-0000179903","","0","","Major","Parked","Not Applicable","Not Applicable","Parked","Car","None Apparent","1","Not Applicable","Not Applicable"
"CR-0000088005","ACV-0000179940","","0","","Unknown","Driver","Impairment Not Known","North","Proceeding Straight","Car","Other Violation","1","22107","Unsafe Turn Movement"
"CR-0000088012","ACV-0000179958","F","31","","Moderate","Driver","Had Not Been Drinking","North","Proceeding Straight","Car","Unknown","1","Not Applicable","Not Applicable"
"CR-0000088015","ACV-0000179963","F","44","","Moderate","Driver","Had Not Been Drinking","South","Proceeding Straight","Car","None Apparent","1","Not Applicable","Not Applicable"
"CR-0000088014","ACV-0000179961","M","9","","Not Applicable","Pedestrian","Had Not Been Drinking","North","Other (Ped)","Pedestrian","None Apparent","1","Not Applicable","Not Applicable"
"CR-0000087992","ACV-0000179914","","0","","Major","Driver","Impairment Not Known","West","Proceeding Straight","Car","Other Violation","1","22350","Speeding"
"CR-0000088021","ACV-0000179973","F","36","","Minor","Driver","Had Not Been Drinking","West","Entering Traffic","Car","Entering/Leaving Ramp","1","21804","Yield From Driveway/Curb"
"CR-0000088024","ACV-0000179979","F","0","","Moderate","Driver","Impairment Not Known","West","Proceeding Straight","Emergency Vehicle","Unknown","1","21453","Run Red Light"
"CR-0000088011","ACV-0000179955","","0","","Unknown","Driver","Impairment Not Known","West","Backing","Car","Other Violation","1","22106","Unsafe Backing"
"CR-0000087983","ACV-0000179896","F","0","","Minor","Driver","Impairment Not Known","South","Ran Off Road","Car","Other Violation","1","22107","Unsafe Turn Movement"
"CR-0000087992","ACV-0000179915","","0","","Major","Parked","Not Applicable","Not Applicable","Parked","Car","Unknown","1","Not Applicable","Not Applicable"
"CR-0000087985","ACV-0000179901","M","51","","Major","Driver","Impairment Not Known","West","Proceeding Straight","Car","Unknown","1","22350","Speeding"
"CR-0000087980","ACV-0000179892","","0","","Major","Parked","Not Applicable","Not Applicable","Parked","Panel Truck","None Apparent","1","Not Applicable","Not Applicable"
"CR-0000087982","ACV-0000179894","F","43","","Minor","Driver","Had Not Been Drinking","South","Making Left Turn","Car","None Apparent","1","22350","Speeding"
"CR-0000087997","ACV-0000179923","M","26","","Minor","Driver","Had Not Been Drinking","East","Proceeding Straight","Car","Speeding","1","22450","Fail Stop/Sign"
"CR-0000088000","ACV-0000179929","M","21","","Major","Driver","Had Been Drinking - Under Influence","West","Proceeding Straight","Car","Unknown","1","22350","Speeding"
"CR-0000088011","ACV-0000179956","","0","","Moderate","Parked","Not Applicable","Not Applicable","Parked","Car","None Apparent","1","Not Applicable","Not Applicable"
"CR-0000088009","ACV-0000179950","","0","","Minor","Parked","Not Applicable","Not Applicable","Parked","Car","None Apparent","1","Not Applicable","Not Applicable"
"CR-0000087987","ACV-0000179905","F","34","","Major","Driver","Had Not Been Drinking","South","Proceeding Straight","Car","Speeding","1","21453","Run Red Light"
"CR-0000087994","ACV-0000179920","","0","","Minor","Parked","Not Applicable","Not Applicable","Parked","Panel Truck","Unknown","1","Not Applicable","Not Applicable"
"CR-0000088016","ACV-0000179965","M","78","","Unknown","Driver","Impairment Not Known","West","Stopped","Car","Unknown","1","Unknown","Unknown"
"CR-0000087998","ACV-0000179926","","0","","Unknown","Driver","Impairment Not Known","East","Proceeding Straight","Car","Other Violation","1","22350","Speeding"
"CR-0000088006","ACV-0000179944","F","31","","Moderate","Driver","Had Not Been Drinking","East","Proceeding Straight","Car","None Apparent","1","Not Applicable","Not Applicable"
"CR-0000088008","ACV-0000179948","M","57","","Moderate","Driver","Impairment Not Known","East","Proceeding Straight","Car","None Apparent","1","Not Applicable","Not Applicable"
"CR-0000088003","ACV-0000179937","M","46","","Minor","Driver","Had Not Been Drinking","West","Making Right Turn","Car","Unknown","1","Not Applicable","Not Applicable"
"CR-0000087994","ACV-0000179919","F","18","","Moderate","Driver","Impairment Not Known","West","Proceeding Straight","Car","Inattention","1","22350","Speeding"
"CR-0000088002","ACV-0000179934","","0","","Unknown","Driver","Impairment Not Known","South","Proceeding Straight","Car","Other Violation","1","22107","Unsafe Turn Movement"
"CR-0000088012","ACV-0000179957","F","31","","Moderate","Driver","Had Not Been Drinking","West","Making Right Turn","Car","Unknown","1","21802","Yield Stop Sign"
"CR-0000088005","ACV-0000179942","","0","","Minor","Parked","Not Applicable","Not Applicable","Parked","Car","None Apparent","1","Not Applicable","Not Applicable"
"CR-0000088008","ACV-0000179947","M","25","","Moderate","Driver","Impairment Not Known","West","Making Left Turn","Car","Other Violation","1","22107","Unsafe Turn Movement"
"CR-0000087990","ACV-0000179911","","0","","Moderate","Parked","Not Applicable","Not Applicable","Parked","Panel Truck","None Apparent","1","Not Applicable","Not Applicable"
"CR-0000087991","ACV-0000179913","","0","","Major","Parked","Not Applicable","Not Applicable","Parked","Car","Unknown","1","Not Applicable","Not Applicable"
"CR-0000088000","ACV-0000179932","","0","","Major","Parked","Not Applicable","Not Applicable","Parked","Car","Unknown","1","Not Applicable","Not Applicable"
"CR-0000088024","ACV-0000179980","M","71","","Moderate","Driver","Impairment Not Known","North","Proceeding Straight","Car","Unknown","1","Not Applicable","Not Applicable"
"CR-0000088004","ACV-0000179938","F","30","","Moderate","Driver","Had Not Been Drinking","South","Proceeding Straight","Car","Other Violation","1","21703","Follow Too Closely"