"CrashName","Name","Sex","Age","Speed","VehicleDamage","PartyCategory","Sobriety","VehicleDirection","MovementPrecedingCollision","PartyType","OtherAssociatedFactor","VehicleCount","ViolationCode","ViolationCodeDescription"
"CR-0000088036","ACV-0000179998","M","49","","Major","Driver","Impairment Not Known","West","Making Left Turn","Car","None Apparent","1","21801","Yield Left Turn"
"CR-0000088045","ACV-0000180020","","0","","Unknown","Driver","Impairment Not Known","South","Changing Lanes","Car","Other Violation","1","22107","Unsafe Turn Movement"
"CR-0000088037","ACV-0000180002","","0","","Major","Parked","Not Applicable","Not Applicable","Parked","Car","None Apparent","1","Not Applicable","Not Applicable"
"CR-0000088051","ACV-0000180036","F","26","","Moderate","Driver","Had Not Been Drinking","South","Proceeding Straight","Car","Other Violation","1","Unknown","Unknown"
"CR-0000088053","ACV-0000180040","F","26","","Major","Driver","Had Not Been Drinking","North","Proceeding Straight","Car","None Apparent","1","Not Applicable","Not Applicable"
"CR-0000088055","ACV-0000180043","","0","","Moderate","Driver","Not Applicable","Not Applicable","Parked","Car","None Apparent","1","Not Applicable","Not Applicable"
"CR-0000088033","ACV-0000179992","M","28","","None","Driver","Had Been Drinking - Under Influence","South","Making Left Turn","Car","None Apparent","1","22107","Unsafe Turn Movement"
"CR-0000088050","ACV-0000180032","M","37","","Major","Driver","Had Not Been Drinking","South","Proceeding Straight","Car","Other Violation","1","22350","Speeding"
"CR-0000088030","ACV-0000179985","F","40","","Major","Driver","Had Been Drinking - Under Influence","South","Proceeding Straight","Car","Other Violation","1","23152","Driving Drunk"
"CR-0000088034","ACV-0000179994","","0","","Moderate","Other","Not Applicable","Not Applicable","Parked","Other","None Apparent","1","Not Applicable","Not Applicable"
"CR-0000088054","ACV-0000180041","","0","","Minor","Driver","Impairment Not Known","South","Traveling Wrong Way","Car","Other Violation","1","21650","Driving Wrong Side"
"CR-0000088031","ACV-0000179988","F","80","","Major","Driver","Had Not Been Drinking","West","Proceeding Straight","Car","Unfamiliar With Road","1","22450","Fail Stop/Sign"
"CR-0000088055","ACV-0000180044","","0","","Moderate","Parked","Not Applicable","Not Applicable","Parked","Car","None Apparent","1","Not Applicable","Not Applicable"
"CR-0000088034","ACV-0000179995","","0","","Moderate","Parked","Not Applicable","Not Applicable","Parked","Car","None Apparent","1","Not Applicable","Not Applicable"
"CR-0000088037","ACV-0000180000","F","15","","Major","Driver","Had Not Been Drinking","East","Other Unsafe Turning","Car","Other Violation","1","22350","Speeding"
"CR-0000088029","ACV-0000179984","","0","","Major","Driver","Impairment Not Known","East","Proceeding Straight","Panel Truck","None Apparent","1","22350","Speeding"
"CR-0000088044","ACV-0000180019","","0","","Major","Driver","Impairment Not Known","South","Proceeding Straight","Car","Other Violation","1","22350","Speeding"
"CR-0000088057","ACV-0000180047","","0","","Unknown","Driver","Not Applicable","East","Changing Lanes","Car","None Apparent","1","22107","Unsafe Turn Movement"
"CR-0000088047","ACV-0000180027","M","57","","Major","Driver","Had Been Drinking - Not Under Influence","South","Proceeding Straight","Car","Other","1","Not Applicable","Not Applicable"
"CR-0000088037","ACV-0000180001","","0","","Moderate","Parked","Not Applicable","Not Applicable","Parked","Car","None Apparent","1","Not Applicable","Not Applicable"
"CR-0000088042","ACV-0000180015","","0","","Unknown","Parked","Not Applicable","Not Applicable","Parked","Car","None Apparent","1","Not Applicable","Not Applicable"
"CR-0000088046","ACV-0000180025","","0","","Minor","Parked","Not Applicable","Not Applicable","Parked","Car","None Apparent","1","Not Applicable","Not Applicable"
"CR-0000088028","ACV-0000179983","","0","","Major","Driver","Impairment Not Known","East","Making Right Turn","Car","Other Violation","1","22350","Speeding"
"CR-0000088043","ACV-0000180017","M","0","","None","Driver","Impairment Not Known","South","Making Left Turn","Emergency Vehicle","None Apparent","1","22107","Unsafe Turn Movement"
"CR-0000088057","ACV-0000180048","M","35","","Minor","Driver","Not Applicable","East","Changing Lanes","Car","None Apparent","1","22107","Unsafe Turn Movement"
"CR-0000088056","ACV-0000180045","","0","","Unknown","Driver","Impairment Not Known","East","Proceeding Straight","Unknown","Other Violation","1","Unknown","Unknown"
"CR-0000088038","ACV-0000180003","M","0","","Minor","Driver","Impairment Not Known","North","Changing Lanes","Panel Truck","Other Violation","1","22107","Unsafe Turn Movement"
"CR-0000088031","ACV-0000179989","M","18","","Major","Driver","Had Not Been Drinking","South","Proceeding Straight","Car","None Apparent","1","Not Applicable","Not Applicable"
"CR-0000088053","ACV-0000180039","M","25","","Major","Driver","Had Not Been Drinking","East","Proceeding Straight","Car","None Apparent","1","21453","Run Red Light"
"CR-0000088046","ACV-0000180024","","0","","Minor","Parked","Not Applicable","Not Applicable","Parked","Car","None Apparent","1","Not Applicable","Not Applicable"
"CR-0000088034","ACV-0000179993","M","30","","Major","Driver","Had Been Drinking - Under Influence","South","Stopped","Car","Other Violation","1","22350","Speeding"
"CR-0000088046","ACV-0000180023","","0","","Moderate","Parked","Not Applicable","Not Applicable","Parked","Car","None Apparent","1","Not Applicable","Not Applicable"
"CR-0000088038","ACV-0000180004","F","34","","Minor","Driver","Impairment Not Known","North","Slowing/Stopping","Car","None Apparent","1","Not Applicable","Not Applicable"
"CR-0000088039","ACV-0000180007","M","52","","Moderate","Driver","Impairment Not Known","West","Stopped","Car","None Apparent","1","Not Applicable","Not Applicable"
"CR-0000088045","ACV-0000180021","M","60","","Moderate","Driver","Had Not Been Drinking","South","Making Right Turn","Car","Entering/Leaving Ramp","1","Not Applicable","Not Applicable"
"CR-0000088043","ACV-0000180018","M","65","","Minor","Driver","Impairment Not Known","East","Proceeding Straight","Car","None Apparent","1","Not Applicable","Not Applicable"
"CR-0000088036","ACV-0000179999","F","67","","Major","Driver","Impairment Not Known","East","Proceeding Straight","Car","None Apparent","1","Not Applicable","Not Applicable"
"CR-0000088052","ACV-0000180038","M","39","","None","Driver","Impairment Not Known","West","Proceeding Straight","Car","None Apparent","1","Not Applicable","Not Applicable"
"CR-0000088039","ACV-0000180005","","0","","Major","Driver","Impairment Not Known","Not Applicable","Proceeding Straight","Car","Other Violation","1","21453","Run Red Light"
"CR-0000088032","ACV-0000179991","M","59","","Moderate","Driver","Had Not Been Drinking","East","Proceeding Straight","Car","None Apparent","1","Not Applicable","Not Applicable"
"CR-0000088041","ACV-0000180010","","0","","Minor","Parked","Not Applicable","Not Applicable","Parked","Car","None Apparent","1","Not Applicable","Not Applicable"
"CR-0000088040","ACV-0000180008","M","24","","Major","Driver","Had Not Been Drinking","South","Proceeding Straight","Car","None Apparent","1","22350","Speeding"
"CR-0000088051","ACV-0000180035","M","20","","Moderate","Driver","Had Not Been Drinking","West","Proceeding Straight","Car","Other Violation","1","Unknown","Unknown"
"CR-0000088048","ACV-0000180028","","0","","Unknown","Driver","Impairment Not Known","South","Proceeding Straight","Car","Other Violation","1","22350","Speeding"
"CR-0000088042","ACV-0000180011","M","0","","Major","Driver","Impairment Not Known","North","Other Unsafe Turning","Panel Truck","Other Violation","1","21658","Unsafe Lane Change"
"CR-0000088042","ACV-0000180014","","0","","Moderate","Parked","Not Applicable","Not Applicable","Parked","Panel Truck","None Apparent","1","Not Applicable","Not Applicable"
"CR-0000088042","ACV-0000180013","","0","","Moderate","Parked","Not Applicable","Not Applicable","Parked","Panel Truck","None Apparent","1","Not Applicable","Not Applicable"
"CR-0000088027","ACV-0000179981","F","28","","Major","Driver","Impairment Not Known","West","Proceeding Straight","Car","Inattention","1","Unknown","Unknown"
"CR-0000088049","ACV-0000180030","","0","","Unknown","Driver","Impairment Not Known","South","Proceeding Straight","Panel Truck","None Apparent","1","22350","Speeding"
"CR-0000088042","ACV-0000180012","","0","","Moderate","Parked","Not Applicable","Not Applicable","Parked","Panel Truck","None Apparent","1","Not Applicable","Not Applicable"
"CR-0000088050","ACV-0000180033","","0","","Major","Parked","Not Applicable","Not Applicable","Parked","Car","None Apparent","1","Not Applicable","Not Applicable"
"CR-0000088056","ACV-0000180046","F","19","","Unknown","Parked","Not Applicable","Not Applicable","Parked","Unknown","None Apparent","1","Not Applicable","Not Applicable"
"CR-0000088030","ACV-0000179987","","0","","Minor","Parked","Not Applicable","Not Applicable","Parked","Car","None Apparent","1","Not Applicable","Not Applicable"
"CR-0000088027","ACV-0000179982","M","41","","Major","Driver","Impairment Not Known","South","Proceeding Straight","Car","Inattention","1","Not Applicable","Not Applicable"
"CR-0000088047","ACV-0000180026","M","18","","Major","Driver","Had Been Drinking - Not Under Influence","East","Making Left Turn","Car","Other Violation","1","22107","Unsafe Turn Movement"
"CR-0000088054","ACV-0000180042","M","25","","Minor","Driver","Impairment Not Known","North","Parking Maneuver","Car","None Apparent","1","Not Applicable","Not Applicable"
"CR-0000088035","ACV-0000179996","","0","","Unknown","Driver","Impairment Not Known","West","Backing","Car","Other Violation","1","22109","Stop Suddenly"
"CR-0000088042","ACV-0000180016","","0","","Unknown","Parked","Not Applicable","Not Applicable","Parked","Car","None Apparent","1","Not Applicable","Not Applicable"
"CR-0000088046","ACV-0000180022","M","69","","Moderate","Driver","Had Not Been Drinking","East","Proceeding Straight","Car","Other Violation","1","22107","Unsafe Turn Movement"
"CR-0000088032","ACV-0000179990","M","32","","Major","Bicycle","Had Been Drinking - Under Influence","South","Proceeding Straight","Bicycle","Other Violation","1","22350","Speeding"
"CR-0000088048","ACV-0000180029","M","33","","Major","Driver","Impairment Not Known","South","Proceeding Straight","Car","None Apparent","1","Not Applicable","Not Applicable"
"CR-0000088050","ACV-0000180034","","0","","Moderate","Parked","Not Applicable","Not Applicable","Parked","Panel Truck","None Apparent","1","Not Applicable","Not Applicable"
"CR-0000088052","ACV-0000180037","M","18","","Unknown","Bicycle","Impairment Not Known","North","Proceeding Straight","Bicycle","None Apparent","1","21453","Run Red Light"
"CR-0000088035","ACV-0000179997","F","70","","Minor","Driver","Had Not Been Drinking","East","Stopped","Car","None Apparent","1","Not Applicable","Not Applicable"
"CR-0000088041","ACV-0000180009","M","47","","Minor","Driver","Had Not Been Drinking","North","Making Right Turn","Bus - Other","Stop And Go Traffic","1","22107","Unsafe Turn Movement"
"CR-0000088030","ACV-0000179986","","0","","Minor","Parked","Not Applicable","Not Applicable","Parked","Panel Truck","None Apparent","1","Not Applicable","Not Applicable"
"CR-0000088049","ACV-0000180031","F","33","","Minor","Driver","Had Not Been Drinking","South","Stopped","Bus - Other","None Apparent","1","Not Applicable","Not Applicable"
"CR-0000088039","ACV-0000180006","M","31","","Moderate","Driver","Impairment Not Known","North","Proceeding Straight","Car","None Apparent","1","Not Applicable","Not Applicable"
"CR-0000088065","ACV-0000180063","F","20","","Major","Driver","Had Not Been Drinking","East","Proceeding Straight","Car","None Apparent","1","Not Applicable","Not Applicable"
"CR-0000088071","ACV-0000180079","","0","","Moderate","Parked","Not Applicable","Not Applicable","Parked","Car","None Apparent","1","Not Applicable","Not Applicable"
"CR-0000088074","ACV-0000180085","M","34","","Major","Driver","Had Not Been Drinking","East","Passing Other Vehicles","Motorcycle/Moped","None Apparent","1","21755","Pass On Right"
"CR-0000088062","ACV-0000180057","M","76","","Major","Driver","Had Not Been Drinking","South","Proceeding Straight","Car","None Apparent","1","Not Applicable","Not Applicable"
"CR-0000088061","ACV-0000180054","","0","","Unknown","Driver","Impairment Not Known","East","Passing Other Vehicles","Unknown","Other Violation","1","21651","Divided Highway"
"CR-0000088064","ACV-0000180060","M","54","","Minor","Driver","Had Not Been Drinking","North","Making Right Turn","Bus - Other","None Apparent","1","22107","Unsafe Turn Movement"
"CR-0000088075","ACV-0000180088","","0","","Major","Driver","Impairment Not Known","South","Making Left Turn","Car","Other Violation","1","22350","Speeding"
"CR-0000088064","ACV-0000180061","","0","","Moderate","Parked","Not Applicable","Not Applicable","Parked","Car","None Apparent","1","Not Applicable","Not Applicable"
"CR-0000088061","ACV-0000180055","F","49","","Minor","Driver","Had Not Been Drinking","East","Stopped","Car","None Apparent","1","Not Applicable","Not Applicable"
"CR-0000088076","ACV-0000180094","","0","","Minor","Parked","Not Applicable","Not Applicable","Parked","Car","None Apparent","1","Not Applicable","Not Applicable"
"CR-0000088063","ACV-0000180058","M","29","","Major","Driver","Had Not Been Drinking","West","Proceeding Straight","Car","None Apparent","1","21453","Run Red Light"
"CR-0000088076","ACV-0000180093","","0","","Major","Parked","Not Applicable","Not Applicable","Parked","Car","None Apparent","1","Not Applicable","Not Applicable"
"CR-0000088066","ACV-0000180064","F","42","","Major","Driver","Had Not Been Drinking","West","Proceeding Straight","Car","None Apparent","1","21453","Run Red Light"
"CR-0000088066","ACV-0000180067","F","37","","Major","Driver","Had Not Been Drinking","South","Stopped","Car","None Apparent","1","Not Applicable","Not Applicable"
"CR-0000088076","ACV-0000180091","F","22","","Major","Driver","Impairment Not Known","South","Proceeding Straight","Car","Other Violation","1","22350","Speeding"
"CR-0000088066","ACV-0000180065","F","36","","Major","Driver","Had Not Been Drinking","East","Making Left Turn","Car","None Apparent","1","Not Applicable","Not Applicable"
"CR-0000088067","ACV-0000180068","M","40","","Minor","Driver","Had Been Drinking - Not Under Influence","East","Making Right Turn","Car","None Apparent","1","Not Applicable","Not Applicable"
"CR-0000088070","ACV-0000180076","M","51","","None","Bicycle","Had Not Been Drinking","South","Proceeding Straight","Scooter Motorized","None Apparent","1","Not Applicable","Not Applicable"
"CR-0000088074","ACV-0000180086","M","47","","Minor","Driver","Had Not Been Drinking","East","Making Right Turn","Car","None Apparent","1","Not Applicable","Not Applicable"
"CR-0000088075","ACV-0000180089","","0","","Major","Parked","Not Applicable","Not Applicable","Parked","Car","None Apparent","1","Not Applicable","Not Applicable"
"CR-0000088068","ACV-0000180072","","0","","Major","Parked","Not Applicable","Not Applicable","Parked","Car","None Apparent","1","Not Applicable","Not Applicable"
"CR-0000088072","ACV-0000180082","","0","","Minor","Parked","Not Applicable","Not Applicable","Parked","Car","None Apparent","1","Not Applicable","Not Applicable"
"CR-0000088071","ACV-0000180077","M","17","","Moderate","Driver","Had Not Been Drinking","North","Proceeding Straight","Car","None Apparent","1","22107","Unsafe Turn Movement"
"CR-0000088068","ACV-0000180071","","0","","Moderate","Driver","Not Applicable","Not Applicable","Parked","Car","None Apparent","1","Not Applicable","Not Applicable"
"CR-0000088063","ACV-0000180059","F","31","","Major","Driver","Had Not Been Drinking","East","Making Left Turn","Car","None Apparent","1","Not Applicable","Not Applicable"
"CR-0000088076","ACV-0000180092","","0","","Major","Parked","Not Applicable","Not Applicable","Parked","Car","None Apparent","1","Not Applicable","Not Applicable"
"CR-0000088062","ACV-0000180056","M","19","","Major","Driver","Had Not Been Drinking","West","Proceeding Straight","Car","Other Violation","1","22350","Speeding"
"CR-0000088069","ACV-0000180074","M","0","","Unknown","Parked","Not Applicable","Not Applicable","Parked","Car","None Apparent","1","Not Applicable","Not Applicable"
"CR-0000088058","ACV-0000180049","M","74","","Minor","Driver","Had Not Been Drinking","West","Making Right Turn","Car","None Apparent","1","22107","Unsafe Turn Movement"
"CR-0000088059","ACV-0000180052","","0","","Minor","Parked","Not Applicable","Not Applicable","Parked","Car","None Apparent","1","Not Applicable","Not Applicable"
"CR-0000088069","ACV-0000180073","M","26","","Unknown","Driver","Impairment Not Known","West","Making Right Turn","Unknown","None Apparent","1","Unknown","Unknown"
"CR-0000088071","ACV-0000180080","","0","","Minor","Parked","Not Applicable","Not Applicable","Parked","Car","None Apparent","1","Not Applicable","Not Applicable"
"CR-0000088068","ACV-0000180070","","0","","Moderate","Driver","Impairment Not Known","West","Proceeding Straight","Car","Other Violation","1","22107","Unsafe Turn Movement"
"CR-0000088067","ACV-0000180069","M","37","","Minor","Driver","Had Been Drinking - Not Under Influence","West","Making Left Turn","Car","None Apparent","1","Not Applicable","Not Applicable"
"CR-0000088075","ACV-0000180090","","0","","Minor","Parked","Not Applicable","Not Applicable","Parked","Panel Truck","None Apparent","1","Not Applicable","Not Applicable"
"CR-0000088065","ACV-0000180062","M","0","","Moderate","Driver","Impairment Not Known","South","Making Left Turn","Car","None Apparent","1","21804","Yield From Driveway/Curb"
"CR-0000088072","ACV-0000180081","M","74","","Moderate","Driver","Had Not Been Drinking","South","Ran Off Road","Car","Other","1","22107","Unsafe Turn Movement"
"CR-0000088066","ACV-0000180066","F","39","","Moderate","Driver","Had Not Been Drinking","South","Stopped","Car","None Apparent","1","Not Applicable","Not Applicable"
"CR-0000088073","ACV-0000180083","M","66","","Major","Driver","Had Not Been Drinking","North","Proceeding Straight","Car","Stop And Go Traffic","1","22350","Speeding"
"CR-0000088058","ACV-0000180050","M","36","","Moderate","Bicycle","Had Not Been Drinking","West","Proceeding Straight","Bicycle","None Apparent","1","Not Applicable","Not Applicable"
"CR-0000088071","ACV-0000180078","","0","","Major","Parked","Not Applicable","Not Applicable","Parked","Car","None Apparent","1","Not Applicable","Not Applicable"
"CR-0000088059","ACV-0000180051","M","78","","Unknown","Driver","Impairment Not Known","North","Proceeding Straight","Car","Other Violation","1","22107","Unsafe Turn Movement"
"CR-0000088073","ACV-0000180084","M","37","","Major","Driver","Had Not Been Drinking","North","Stopped","Car","Stop And Go Traffic","1","Not Applicable","Not Applicable"
"CR-0000088074","ACV-0000180087","M","27","","Moderate","Driver","Had Not Been Drinking","North","Stopped","Car","None Apparent","1","Not Applicable","Not Applicable"
"CR-0000088070","ACV-0000180075","","0","","Unknown","Driver","Impairment Not Known","South","Making Right Turn","Car","Other Violation","1","22107","Unsafe Turn Movement"
"CR-0000088060","ACV-0000180053","M","42","","Major","Driver","Had Not Been Drinking","East","Ran Off Road","Panel Truck","None Apparent","1","22107","Unsafe Turn Movement"
"CR-0000088077","ACV-0000180097","","0","","Major","Parked","Not Applicable","Not Applicable","Parked","Car","None Apparent","1","Not Applicable","Not Applicable"
"CR-0000088078","ACV-0000180101","F","0","","Unknown","Bicycle","Impairment Not Known","South","Crossing Into Opposing Lane","Bicycle","None Apparent","1","Not Applicable","Not Applicable"
"CR-0000088106","ACV-0000180162","F","35","","Minor","Driver","Impairment Not Known","North","Proceeding Straight","Car","None Apparent","1","Not Applicable","Not Applicable"
"CR-0000088102","ACV-0000180153","F","19","","Minor","Driver","Had Not Been Drinking","North","Proceeding Straight","Car","None Apparent","1","Not Applicable","Not Applicable"
"CR-0000088077","ACV-0000180098","","0","","Moderate","Parked","Not Applicable","Not Applicable","Parked","Car","None Apparent","1","Not Applicable","Not Applicable"
"CR-0000088093","ACV-0000180135","M","19","","Major","Driver","Had Not Been Drinking","North","Making Right Turn","Car","Inattention","1","22107","Unsafe Turn Movement"
"CR-0000088108","ACV-0000180166","M","59","","Unknown","Parked","Impairment Not Known","Not Applicable","Parked","Car","None Apparent","1","Not Applicable","Not Applicable"
"CR-0000088106","ACV-0000180161","M","36","","Minor","Driver","Impairment Not Known","West","Making Right Turn","Car","None Apparent","1","22350","Speeding"
"CR-0000088080","ACV-0000180106","","0","","Minor","Parked","Not Applicable","Not Applicable","Parked","Car","None Apparent","1","Not Applicable","Not Applicable"
"CR-0000088083","ACV-0000180115","M","0","","Minor","Driver","Had Not Been Drinking","East","Making Left Turn","Car","Other Violation","1","21801","Yield Left Turn"
"CR-0000088077","ACV-0000180095","","0","","Moderate","Driver","Impairment Not Known","North","Traveling Wrong Way","Car","None Apparent","1","22107","Unsafe Turn Movement"
"CR-0000088098","ACV-0000180147","","0","","Major","Parked","Not Applicable","Not Applicable","Parked","Car","None Apparent","1","Not Applicable","Not Applicable"
"CR-0000088099","ACV-0000180148","F","18","","Major","Driver","Had Not Been Drinking","North","Making Left Turn","Car","None Apparent","1","21803","Yield Yield Sign"
"CR-0000088086","ACV-0000180120","","0","","Unknown","Driver","Impairment Not Known","North","Proceeding Straight","Unknown","Other Violation","1","22350","Speeding"
"CR-0000088105","ACV-0000180159","","0","","Moderate","Driver","Impairment Not Known","South","Making Left Turn","Unknown","Other Violation","1","Not Applicable","Not Applicable"
"CR-0000088079","ACV-0000180102","M","24","","Major","Driver","Had Been Drinking - Impairment Unknown","East","Proceeding Straight","Car","Other Violation","1","22350","Speeding"
"CR-0000088113","ACV-0000180176","M","0","","Unknown","Driver","Impairment Not Known","North","Proceeding Straight","Car","None Apparent","1","Not Applicable","Not Applicable"
"CR-0000088111","ACV-0000180172","F","0","","Unknown","Driver","Impairment Not Known","East","Proceeding Straight","Car","None Apparent","1","Not Applicable","Not Applicable"
"CR-0000088104","ACV-0000180157","F","17","","Major","Driver","Had Not Been Drinking","West","Making U-Turn","Car","None Apparent","1","Not Applicable","Not Applicable"
"CR-0000088099","ACV-0000180149","M","54","","Major","Driver","Had Not Been Drinking","West","Proceeding Straight","Car","None Apparent","1","Not Applicable","Not Applicable"
"CR-0000088081","ACV-0000180109","","0","","Unknown","Driver","Impairment Not Known","Unknown","Other Unsafe Turning","Unknown","None Apparent","1","Unknown","Unknown"
"CR-0000088084","ACV-0000180118","M","17","","Unknown","Bicycle","Had Not Been Drinking","West","Proceeding Straight","Bicycle","None Apparent","1","21200","Laws Applied To Bike"
"CR-0000088085","ACV-0000180119","M","24","","Minor","Driver","Had Not Been Drinking","North","Proceeding Straight","Car","None Apparent","1","Unknown","Unknown"
"CR-0000088112","ACV-0000180174","","0","","Unknown","Parked","Not Applicable","Not Applicable","Parked","Panel Truck","None Apparent","1","Not Applicable","Not Applicable"
"CR-0000088080","ACV-0000180107","","0","","Minor","Parked","Not Applicable","Not Applicable","Parked","Panel Truck","None Apparent","1","Not Applicable","Not Applicable"
"CR-0000088084","ACV-0000180117","M","20","","Minor","Driver","Had Not Been Drinking","West","Making Left Turn","Car","None Apparent","1","Not Applicable","Not Applicable"
"CR-0000088087","ACV-0000180123","","20","","Major","Parked","Not Applicable","Not Applicable","Parked","Car","None Apparent","1","Not Applicable","Not Applicable"
"CR-0000088091","ACV-0000180130","M","59","","None","Driver","Impairment Not Known","South","Making Left Turn","Panel Truck","None Apparent","1","21950","Yield Pedestrian In Crosswalk"
"CR-0000088096","ACV-0000180143","M","61","","Moderate","Driver","Impairment Not Known","West","Proceeding Straight","Panel Truck","None Apparent","1","Not Applicable","Not Applicable"
"CR-0000088087","ACV-0000180124","F","19","","Minor","Parked","Not Applicable","Not Applicable","Parked","Car","None Apparent","1","Not Applicable","Not Applicable"
"CR-0000088103","ACV-0000180155","M","55","","Moderate","Driver","Had Not Been Drinking","West","Stopped","Car","Stop And Go Traffic","1","Not Applicable","Not Applicable"
"CR-0000088080","ACV-0000180103","M","46","","Moderate","Driver","Had Been Drinking - Under Influence","West","Proceeding Straight","Panel Truck","Other Violation","1","22107","Unsafe Turn Movement"
"CR-0000088097","ACV-0000180145","F","49","","Minor","Driver","Had Not Been Drinking","West","Stopped","Car","None Apparent","1","Not Applicable","Not Applicable"
"CR-0000088080","ACV-0000180108","","0","","Moderate","Parked","Not Applicable","Not Applicable","Parked","Car","None Apparent","1","Not Applicable","Not Applicable"
"CR-0000088103","ACV-0000180154","M","47","","Major","Driver","Had Not Been Drinking","West","Proceeding Straight","Car","Stop And Go Traffic","1","22350","Speeding"
"CR-0000088112","ACV-0000180173","F","21","","Unknown","Driver","Impairment Not Known","Unknown","Backing","Car","None Apparent","1","Unknown","Unknown"
"CR-0000088082","ACV-0000180114","","0","","Minor","Parked","Not Applicable","Not Applicable","Parked","Car","None Apparent","1","Not Applicable","Not Applicable"
"CR-0000088082","ACV-0000180113","","0","","Unknown","Parked","Not Applicable","Not Applicable","Parked","Car","None Apparent","1","Not Applicable","Not Applicable"
"CR-0000088093","ACV-0000180136","","0","","Major","Parked","Not Applicable","Not Applicable","Parked","Car","None Apparent","1","Not Applicable","Not Applicable"
"CR-0000088091","ACV-0000180131","F","51","","Not Applicable","Pedestrian","Impairment Not Known","North","Other (Ped)","Pedestrian","None Apparent","1","Not Applicable","Not Applicable"
"CR-0000088097","ACV-0000180144","F","54","","Minor","Driver","Had Not Been Drinking","West","Proceeding Straight","Car","None Apparent","1","22350","Speeding"
"CR-0000088105","ACV-0000180160","","0","","Moderate","Parked","Not Applicable","Not Applicable","Parked","Car","None Apparent","1","Not Applicable","Not Applicable"
"CR-0000088088","ACV-0000180125","","0","","Moderate","Driver","Impairment Not Known","South","Ran Off Road","Car","None Apparent","1","22350","Speeding"
"CR-0000088080","ACV-0000180104","","0","","Minor","Parked","Not Applicable","Not Applicable","Parked","Motorcycle/Moped","None Apparent","1","Not Applicable","Not Applicable"
"CR-0000088083","ACV-0000180116","M","66","","Minor","Driver","Had Not Been Drinking","South","Proceeding Straight","Car","None Apparent","1","Not Applicable","Not Applicable"
"CR-0000088077","ACV-0000180096","","0","","Moderate","Parked","Not Applicable","Not Applicable","Parked","Car","None Apparent","1","Not Applicable","Not Applicable"
"CR-0000088108","ACV-0000180165","","0","","Unknown","Driver","Impairment Not Known","North","Unknown","Unknown","None Apparent","1","Unknown","Unknown"
"CR-0000088082","ACV-0000180112","","0","","Major","Parked","Not Applicable","Not Applicable","Parked","Car","None Apparent","1","Not Applicable","Not Applicable"
"CR-0000088091","ACV-0000180132","M","58","","Not Applicable","Pedestrian","Impairment Not Known","North","Other (Ped)","Pedestrian","None Apparent","1","Not Applicable","Not Applicable"
"CR-0000088100","ACV-0000180150","F","31","","Moderate","Driver","Had Not Been Drinking","East","Proceeding Straight","Car","None Apparent","1","21804","Yield From Driveway/Curb"
"CR-0000088089","ACV-0000180127","M","49","","Minor","Driver","Had Not Been Drinking","West","Stopped","Emergency Vehicle","None Apparent","1","Not Applicable","Not Applicable"
"CR-0000088077","ACV-0000180099","","0","","Major","Parked","Not Applicable","Not Applicable","Parked","Car","None Apparent","1","Not Applicable","Not Applicable"
"CR-0000088094","ACV-0000180139","","0","","Minor","Parked","Not Applicable","Not Applicable","Parked","Semi Truck","None Apparent","1","Not Applicable","Not Applicable"
"CR-0000088090","ACV-0000180128","","0","","Unknown","Driver","Impairment Not Known","West","Proceeding Straight","Unknown","Other Violation","1","21955","Crossing Controlled Intersection/Jaywalking"
"CR-0000088113","ACV-0000180175","","0","","Unknown","Driver","Impairment Not Known","North","Making Left Turn","Unknown","Inattention","1","Unknown","Unknown"
"CR-0000088090","ACV-0000180129","M","52","","Not Applicable","Pedestrian","Under Drug Influence","North","Entering Traffic","Pedestrian","None Apparent","1","Not Applicable","Not Applicable"
"CR-0000088080","ACV-0000180105","","0","","Minor","Parked","Not Applicable","Not Applicable","Parked","Panel Truck","None Apparent","1","Not Applicable","Not Applicable"
"CR-0000088093","ACV-0000180137","","0","","Major","Parked","Not Applicable","Not Applicable","Parked","Car","None Apparent","1","Not Applicable","Not Applicable"
"CR-0000088095","ACV-0000180140","","0","","Unknown","Driver","Impairment Not Known","West","Proceeding Straight","Car","Other Violation","1","22107","Unsafe Turn Movement"
"CR-0000088086","ACV-0000180121","M","53","","Minor","Driver","Had Not Been Drinking","North","Stopped","Car","None Apparent","1","22350","Speeding"
"CR-0000088109","ACV-0000180167","","0","","Unknown","Driver","Impairment Not Known","Unknown","Unknown","Unknown","None Apparent","1","Unknown","Unknown"
"CR-0000088092","ACV-0000180133","F","26","","Moderate","Driver","Impairment Not Known","East","Proceeding Straight","Car","None Apparent","1","Not Applicable","Not Applicable"
"CR-0000088109","ACV-0000180168","M","0","","Not Applicable","Parked","Not Applicable","Not Applicable","Parked","Car","None Apparent","1","Not Applicable","Not Applicable"
"CR-0000088111","ACV-0000180171","F","61","","Not Applicable","Driver","Impairment Not Known","South","Entering Traffic","Car","None Apparent","1","Unknown","Unknown"
"CR-0000088081","ACV-0000180110","F","0","","Unknown","Parked","Impairment Not Known","Not Applicable","Parked","Car","None Apparent","1","Not Applicable","Not Applicable"