"CrashName","Name","Sex","Age","Speed","VehicleDamage","PartyCategory","Sobriety","VehicleDirection","MovementPrecedingCollision","PartyType","OtherAssociatedFactor","VehicleCount","ViolationCode","ViolationCodeDescription"
"CR-0000088102","ACV-0000180152","M","41","","Minor","Driver","Impairment Not Known","North","Proceeding Straight","Car","Other Violation","1","Not Applicable","Not Applicable"
"CR-0000088094","ACV-0000180138","F","15","","Moderate","Driver","Had Not Been Drinking","North","Proceeding Straight","Car","None Apparent","1","21658","Unsafe Lane Change"
"CR-0000088110","ACV-0000180169","M","52","","Minor","Driver","Impairment Not Known","North","Proceeding Straight","Car","Inattention","1","Unknown","Unknown"
"CR-0000088096","ACV-0000180142","M","32","","Moderate","Driver","Impairment Not Known","South","Making Right Turn","Car","None Apparent","1","21804","Yield From Driveway/Curb"
"CR-0000088089","ACV-0000180126","M","56","","None","Driver","Had Not Been Drinking","West","Making Left Turn","Semi Truck","None Apparent","1","21658","Unsafe Lane Change"
"CR-0000088092","ACV-0000180134","F","65","","Moderate","Driver","Impairment Not Known","East","Proceeding Straight","Car","None Apparent","1","Not Applicable","Not Applicable"
"CR-0000088107","ACV-0000180163","F","24","","Unknown","Driver","Impairment Not Known","Unknown","Proceeding Straight","Car","None Apparent","1","Unknown","Unknown"
"CR-0000088082","ACV-0000180111","M","78","","Moderate","Driver","Had Not Been Drinking","East","Proceeding Straight","Car","Inattention","1","22107","Unsafe Turn Movement"
"CR-0000088104","ACV-0000180156","M","19","","Major","Driver","Had Not Been Drinking","East","Proceeding Straight","Car","None Apparent","1","Not Applicable","Not Applicable"
"CR-0000088100","ACV-0000180151","M","57","","Major","Driver","Had Not Been Drinking","South","Proceeding Straight","Car","None Apparent","1","Not Applicable","Not Applicable"
"CR-0000088107","ACV-0000180164","M","77","","Unknown","Driver","Impairment Not Known","Unknown","Proceeding Straight","Car","None Apparent","1","Unknown","Unknown"
"CR-0000088110","ACV-0000180170","M","28","","Moderate","Driver","Had Not Been Drinking","North","Stopped","Car","None Apparent","1","Not Applicable","Not Applicable"
"CR-0000088087","ACV-0000180122","M","33","","Totaled","Driver","Had Been Drinking - Under Influence","North","Other Unsafe Turning","Panel Truck","Other Violation","1","22350","Speeding"
"CR-0000088078","ACV-0000180100","M","81","","Minor","Driver","Impairment Not Known","East","Proceeding Straight","Panel Truck","None Apparent","1","21955","Crossing Controlled Intersection/Jaywalking"
"CR-0000088098","ACV-0000180146","F","39","","Major","Driver","Had Not Been Drinking","South","Proceeding Straight","Car","None Apparent","1","22350","Speeding"
"CR-0000088095","ACV-0000180141","F","62","","Unknown","Parked","Not Applicable","Not Applicable","Parked","Car","None Apparent","1","Not Applicable","Not Applicable"
"CR-0000088115","ACV-0000180180","M","65","","Unknown","Driver","Impairment Not Known","South","Stopped","Car","Unknown","1","Not Applicable","Not Applicable"
"CR-0000088114","ACV-0000180178","M","68","","Moderate","Driver","Impairment Not Known","South","Stopped","Car","Unknown","1","Not Applicable","Not Applicable"
"CR-0000088116","ACV-0000180182","","26","","Unknown","Driver","Impairment Not Known","West","Making Left Turn","Car","Unknown","1","Unknown","Unknown"
"CR-0000088118","ACV-0000180186","M","40","","Major","Driver","Had Not Been Drinking","North","Proceeding Straight","Car","None Apparent","1","Not Applicable","Not Applicable"
"CR-0000088115","ACV-0000180179","","0","","Minor","Driver","Impairment Not Known","South","Proceeding Straight","Car","Other Violation","1","Unknown","Unknown"
"CR-0000088117","ACV-0000180183","F","48","","Unknown","Driver","Impairment Not Known","South","Proceeding Straight","Car","Unknown","1","Unknown","Unknown"
"CR-0000088119","ACV-0000180187","M","33","","Moderate","Driver","Had Not Been Drinking","East","Proceeding Straight","Panel Truck","None Apparent","1","22350","Speeding"
"CR-0000088114","ACV-0000180177","","0","","Unknown","Driver","Impairment Not Known","South","Proceeding Straight","Car","Other Violation","1","22350","Speeding"
"CR-0000088116","ACV-0000180181","","0","","Unknown","Driver","Impairment Not Known","West","Making Left Turn","Panel Truck","Unknown","1","Unknown","Unknown"
"CR-0000088118","ACV-0000180185","F","40","","Major","Driver","Had Not Been Drinking","West","Merging","Car","None Apparent","1","21802","Yield Stop Sign"
"CR-0000088117","ACV-0000180184","","0","","Unknown","Driver","Impairment Not Known","South","Proceeding Straight","Car","Unknown","1","Unknown","Unknown"
"CR-0000088119","ACV-0000180188","F","58","","Moderate","Driver","Had Not Been Drinking","East","Stopped","Car","None Apparent","1","Not Applicable","Not Applicable"
"CR-0000088122","ACV-0000180192","F","18","","Major","Driver","Had Not Been Drinking","North","Making Left Turn","Car","Other Violation","1","22107","Unsafe Turn Movement"
"CR-0000088120","ACV-0000180190","F","21","","Moderate","Driver","Had Been Drinking - Not Under Influence","South","Proceeding Straight","Car","None Apparent","1","Not Applicable","Not Applicable"
"CR-0000088123","ACV-0000180194","","0","","Minor","Driver","Impairment Not Known","East","Making Left Turn","Car","Other Violation","1","22107","Unsafe Turn Movement"
"CR-0000088121","ACV-0000180191","M","38","","Major","Driver","Had Been Drinking - Under Influence","East","Proceeding Straight","Car","Unknown","1","23152","Driving Drunk"
"CR-0000088123","ACV-0000180195","F","41","","Minor","Driver","Impairment Not Known","East","Making Left Turn","Car","Unknown","1","Not Applicable","Not Applicable"
"CR-0000088125","ACV-0000180199","M","62","","Minor","Driver","Had Not Been Drinking","East","Stopped","Car","None Apparent","1","Not Applicable","Not Applicable"
"CR-0000088120","ACV-0000180189","M","68","","Moderate","Driver","Had Been Drinking - Not Under Influence","East","Making Right Turn","Panel Truck","None Apparent","1","21802","Yield Stop Sign"
"CR-0000088122","ACV-0000180193","F","22","","Major","Driver","Had Not Been Drinking","West","Proceeding Straight","Car","None Apparent","1","Not Applicable","Not Applicable"
"CR-0000088124","ACV-0000180196","M","25","","Major","Driver","Had Not Been Drinking","West","Proceeding Straight","Car","Inattention","1","22350","Speeding"
"CR-0000088125","ACV-0000180200","F","41","","Minor","Driver","Had Not Been Drinking","East","Proceeding Straight","Car","None Apparent","1","Not Applicable","Not Applicable"
"CR-0000088127","ACV-0000180204","","0","","Moderate","Parked","Not Applicable","Not Applicable","Parked","Car","Unknown","1","Not Applicable","Not Applicable"
"CR-0000088125","ACV-0000180198","F","25","","Moderate","Driver","Had Not Been Drinking","East","Stopped","Car","None Apparent","1","Not Applicable","Not Applicable"
"CR-0000088126","ACV-0000180202","M","74","","Minor","Driver","Had Not Been Drinking","West","Stopped","Panel Truck","Unknown","1","Not Applicable","Not Applicable"
"CR-0000088128","ACV-0000180206","M","31","","Major","Driver","Had Not Been Drinking","South","Making Left Turn","Car","Other Violation","1","21453","Run Red Light"
"CR-0000088127","ACV-0000180203","","0","","Moderate","Driver","Impairment Not Known","North","Proceeding Straight","Car","Other Violation","1","22350","Speeding"
"CR-0000088128","ACV-0000180207","M","23","","Major","Driver","Had Not Been Drinking","North","Proceeding Straight","Panel Truck","None Apparent","1","Not Applicable","Not Applicable"
"CR-0000088130","ACV-0000180211","F","17","","Minor","Driver","Had Not Been Drinking","East","Making Right Turn","Car","None Apparent","1","Not Applicable","Not Applicable"
"CR-0000088125","ACV-0000180197","M","21","","Moderate","Driver","Under Drug Influence","East","Proceeding Straight","Car","Other","1","22350","Speeding"
"CR-0000088126","ACV-0000180201","F","26","","Minor","Driver","Had Not Been Drinking","West","Proceeding Straight","Car","Speeding","1","21703","Follow Too Closely"
"CR-0000088127","ACV-0000180205","","0","","Minor","Parked","Not Applicable","Not Applicable","Parked","Car","Unknown","1","Not Applicable","Not Applicable"
"CR-0000088129","ACV-0000180208","M","31","","Major","Driver","Had Not Been Drinking","South","Entering Traffic","Car","Vision Obscurement","1","21804","Yield From Driveway/Curb"
"CR-0000088131","ACV-0000180212","M","20","","Major","Driver","Had Not Been Drinking","West","Proceeding Straight","Car","Inattention","1","22350","Speeding"
"CR-0000088132","ACV-0000180217","","0","","Unknown","Driver","Impairment Not Known","South","Proceeding Straight","Car","Unknown","1","Unknown","Unknown"
"CR-0000088130","ACV-0000180210","","0","","Unknown","Driver","Impairment Not Known","South","Proceeding Straight","Car","Other Violation","1","21453","Run Red Light"
"CR-0000088131","ACV-0000180214","M","26","","Moderate","Driver","Had Not Been Drinking","West","Stopped","Car","Stop And Go Traffic","1","Not Applicable","Not Applicable"
"CR-0000088133","ACV-0000180218","M","34","","Unknown","Driver","Impairment Not Known","Unknown","Stopped","Car","Unknown","1","Unknown","Unknown"
"CR-0000088131","ACV-0000180215","M","52","","Minor","Driver","Had Not Been Drinking","West","Stopped","Panel Truck","Stop And Go Traffic","1","Not Applicable","Not Applicable"
"CR-0000088133","ACV-0000180219","F","27","","Unknown","Driver","Impairment Not Known","Unknown","Proceeding Straight","Panel Truck","Unknown","1","Unknown","Unknown"
"CR-0000088135","ACV-0000180223","M","19","","Moderate","Driver","Had Not Been Drinking","North","Proceeding Straight","Car","Unknown","1","Not Applicable","Not Applicable"
"CR-0000088135","ACV-0000180222","F","44","","Moderate","Driver","Had Not Been Drinking","West","Proceeding Straight","Car","Unknown","1","22450","Fail Stop/Sign"
"CR-0000088137","ACV-0000180226","","0","","Unknown","Driver","Impairment Not Known","East","Proceeding Straight","Panel Truck","Other Violation","1","22350","Speeding"
"CR-0000088139","ACV-0000180230","","0","","Unknown","Driver","Impairment Not Known","East","Making Right Turn","Car","Other Violation","1","22107","Unsafe Turn Movement"
"CR-0000088134","ACV-0000180220","M","29","","Unknown","Driver","Impairment Not Known","West","Stopped","Car","Unknown","1","Unknown","Unknown"
"CR-0000088136","ACV-0000180224","M","59","","Unknown","Driver","Impairment Not Known","West","Proceeding Straight","Panel Truck","Other Violation","1","21950","Yield Pedestrian In Crosswalk"
"CR-0000088138","ACV-0000180228","","0","","Unknown","Driver","Impairment Not Known","North","Proceeding Straight","Motorcycle/Moped","Other Violation","1","21453","Run Red Light"
"CR-0000088129","ACV-0000180209","M","80","","Major","Driver","Had Not Been Drinking","East","Proceeding Straight","Car","None Apparent","1","Not Applicable","Not Applicable"
"CR-0000088131","ACV-0000180213","F","63","","Major","Driver","Had Not Been Drinking","West","Stopped","Car","Stop And Go Traffic","1","Not Applicable","Not Applicable"
"CR-0000088132","ACV-0000180216","M","41","","Unknown","Driver","Impairment Not Known","East","Proceeding Straight","Car","Unknown","1","Unknown","Unknown"
"CR-0000088137","ACV-0000180227","M","37","","Minor","Driver","Had Not Been Drinking","East","Stopped","Car","None Apparent","1","Not Applicable","Not Applicable"
"CR-0000088139","ACV-0000180231","","0","","Moderate","Parked","Not Applicable","Not Applicable","Parked","Car","None Apparent","1","Not Applicable","Not Applicable"
"CR-0000088140","ACV-0000180235","M","69","","Minor","Driver","Had Been Drinking - Not Under Influence","North","Stopped","Panel Truck","None Apparent","1","Not Applicable","Not Applicable"
"CR-0000088140","ACV-0000180234","F","69","","Major","Driver","Had Been Drinking - Not Under Influence","North","Stopped","Car","None Apparent","1","Not Applicable","Not Applicable"
"CR-0000088142","ACV-0000180238","F","27","","Major","Driver","Impairment Not Known","South","Proceeding Straight","Car","Unknown","1","21804","Yield From Driveway/Curb"
"CR-0000088140","ACV-0000180232","M","26","","Major","Driver","Had Been Drinking - Not Under Influence","North","Proceeding Straight","Car","Inattention","1","21703","Follow Too Closely"
"CR-0000088141","ACV-0000180236","F","42","","Moderate","Driver","Impairment Not Known","North","Making Left Turn","Car","None Apparent","1","21800","Yield Uncontrolled Intersection"
"CR-0000088134","ACV-0000180221","M","61","","Unknown","Driver","Impairment Not Known","East","Backing","Car","Unknown","1","Unknown","Unknown"
"CR-0000088136","ACV-0000180225","M","14","","Not Applicable","Pedestrian","Impairment Not Known","East","Other (Ped)","Pedestrian","Unknown","1","Not Applicable","Not Applicable"
"CR-0000088138","ACV-0000180229","M","59","","Minor","Driver","Impairment Not Known","West","Making Left Turn","Car","Unknown","1","Not Applicable","Not Applicable"
"CR-0000088145","ACV-0000180244","M","30","","Minor","Driver","Had Not Been Drinking","West","Entering Traffic","Car","None Apparent","1","21804","Yield From Driveway/Curb"
"CR-0000088143","ACV-0000180240","M","28","","Minor","Driver","Had Not Been Drinking","North","Backing","Emergency Vehicle","None Apparent","1","22106","Unsafe Backing"
"CR-0000088142","ACV-0000180239","M","51","","Major","Driver","Impairment Not Known","North","Making Left Turn","Car","Unknown","1","Not Applicable","Not Applicable"
"CR-0000088145","ACV-0000180245","F","50","","Minor","Driver","Had Not Been Drinking","North","Proceeding Straight","Car","None Apparent","1","Not Applicable","Not Applicable"
"CR-0000088143","ACV-0000180241","F","26","","Minor","Driver","Had Not Been Drinking","North","Backing","Emergency Vehicle","None Apparent","1","Not Applicable","Not Applicable"
"CR-0000088140","ACV-0000180233","F","0","","Major","Driver","Had Been Drinking - Not Under Influence","North","Stopped","Car","None Apparent","1","Not Applicable","Not Applicable"
"CR-0000088141","ACV-0000180237","M","44","","Moderate","Driver","Impairment Not Known","East","Proceeding Straight","Car","None Apparent","1","Not Applicable","Not Applicable"
"CR-0000088144","ACV-0000180242","","0","","Unknown","Driver","Impairment Not Known","North","Proceeding Straight","Car","None Apparent","1","22350","Speeding"
"CR-0000088146","ACV-0000180246","F","37","","None","Driver","Had Not Been Drinking","East","Making Left Turn","Car","None Apparent","1","21801","Yield Left Turn"
"CR-0000088147","ACV-0000180248","M","46","","Moderate","Driver","Had Not Been Drinking","North","Proceeding Straight","Car","Unknown","1","22350","Speeding"
"CR-0000088144","ACV-0000180243","F","45","","Moderate","Driver","Had Not Been Drinking","North","Parking Maneuver","Car","None Apparent","1","Not Applicable","Not Applicable"
"CR-0000088146","ACV-0000180247","M","30","","Major","Driver","Had Not Been Drinking","North","Ran Off Road","Emergency Vehicle","Uninvolved Vehicle","1","Not Applicable","Not Applicable"
"CR-0000088147","ACV-0000180249","M","81","","Not Applicable","Pedestrian","Impairment Not Known","East","Other (Ped)","Pedestrian","Violation By Pedestrian","1","Not Applicable","Not Applicable"
"CR-0000088148","ACV-0000180250","M","49","","Moderate","Driver","Had Been Drinking - Under Influence","West","Ran Off Road","Car","Other Violation","1","23152","Driving Drunk"
"CR-0000088151","ACV-0000180255","F","35","","Major","Driver","Had Not Been Drinking","West","Proceeding Straight","Car","None Apparent","1","Not Applicable","Not Applicable"
"CR-0000088150","ACV-0000180253","","0","","Major","Driver","Impairment Not Known","East","Proceeding Straight","Panel Truck","Other Violation","1","22350","Speeding"
"CR-0000088149","ACV-0000180252","M","29","","Moderate","Driver","Had Not Been Drinking","East","Proceeding Straight","Car","Other","1","00001","Other Improper Driving"
"CR-0000088152","ACV-0000180257","F","27","","Unknown","Driver","Impairment Not Known","Unknown","Stopped","Car","None Apparent","1","Not Applicable","Not Applicable"
"CR-0000088154","ACV-0000180260","M","30","","Moderate","Driver","Had Not Been Drinking","South","Making Left Turn","Panel Truck","Other","1","22350","Speeding"
"CR-0000088148","ACV-0000180251","","0","","Moderate","Parked","Not Applicable","Not Applicable","Parked","Car","None Apparent","1","Not Applicable","Not Applicable"
"CR-0000088151","ACV-0000180254","F","66","","Moderate","Driver","Had Not Been Drinking","West","Entering Traffic","Car","None Apparent","1","21804","Yield From Driveway/Curb"
"CR-0000088153","ACV-0000180258","F","16","","Moderate","Driver","Impairment Not Known","West","Proceeding Straight","Car","None Apparent","1","21453","Run Red Light"
"CR-0000088153","ACV-0000180259","F","43","","Moderate","Driver","Impairment Not Known","South","Proceeding Straight","Car","None Apparent","1","Not Applicable","Not Applicable"
"CR-0000088155","ACV-0000180263","","0","","Minor","Parked","Not Applicable","Not Applicable","Parked","Car","None Apparent","1","Not Applicable","Not Applicable"
"CR-0000088157","ACV-0000180267","M","77","","Minor","Driver","Had Not Been Drinking","North","Proceeding Straight","Car","None Apparent","1","Not Applicable","Not Applicable"
"CR-0000088152","ACV-0000180256","M","0","","Unknown","Driver","Impairment Not Known","Unknown","Making Left Turn","Car","None Apparent","1","Unknown","Unknown"
"CR-0000088154","ACV-0000180261","M","55","","Moderate","Driver","Had Not Been Drinking","West","Proceeding Straight","Car","Other","1","Not Applicable","Not Applicable"
"CR-0000088156","ACV-0000180265","M","0","","Not Applicable","Pedestrian","Impairment Not Known","West","Other (Ped)","Pedestrian","None Apparent","1","Not Applicable","Not Applicable"
"CR-0000088155","ACV-0000180262","M","42","","Unknown","Driver","Impairment Not Known","South","Proceeding Straight","Semi Truck","None Apparent","1","Unknown","Unknown"
"CR-0000088157","ACV-0000180266","F","11","","Not Applicable","Pedestrian","Had Not Been Drinking","East","Other (Ped)","Pedestrian","None Apparent","1","21456","Pedestrian Don't Walk"
"CR-0000088156","ACV-0000180264","M","32","","Minor","Driver","Impairment Not Known","North","Making Right Turn","Car","None Apparent","1","21950","Yield Pedestrian In Crosswalk"
"CR-0000088158","ACV-0000180268","M","87","","Moderate","Driver","Had Not Been Drinking","West","Proceeding Straight","Car","Inattention","1","22350","Speeding"
"CR-0000088162","ACV-0000180272","F","25","","Moderate","Driver","Had Been Drinking - Impairment Unknown","North","Proceeding Straight","Car","Other Violation","1","22350","Speeding"
"CR-0000088161","ACV-0000180271","F","43","","Minor","Driver","Impairment Not Known","South","Stopped","Car","None Apparent","1","Not Applicable","Not Applicable"
"CR-0000088163","ACV-0000180275","M","36","","Unknown","Driver","Impairment Not Known","East","Entering Traffic","Car","None Apparent","1","Unknown","Unknown"
"CR-0000088165","ACV-0000180279","","0","","Unknown","Driver","Impairment Not Known","North","Proceeding Straight","Panel Truck","None Apparent","1","Unknown","Unknown"
"CR-0000088158","ACV-0000180269","M","44","","Moderate","Driver","Had Not Been Drinking","West","Slowing/Stopping","Car","None Apparent","1","Not Applicable","Not Applicable"
"CR-0000088162","ACV-0000180273","","0","","Unknown","Parked","Not Applicable","Not Applicable","Parked","Car","None Apparent","1","Not Applicable","Not Applicable"
"CR-0000088164","ACV-0000180277","","0","","Unknown","Driver","Impairment Not Known","Unknown","Other Unsafe Turning","Unknown","None Apparent","1","Not Applicable","Not Applicable"
"CR-0000088161","ACV-0000180270","F","20","","Moderate","Driver","Impairment Not Known","South","Proceeding Straight","Car","Other Violation","1","22350","Speeding"
"CR-0000088162","ACV-0000180274","","0","","Moderate","Parked","Not Applicable","Not Applicable","Parked","Car","None Apparent","1","Not Applicable","Not Applicable"
"CR-0000088164","ACV-0000180278","M","0","","Unknown","Parked","Impairment Not Known","Not Applicable","Parked","Car","None Apparent","1","Not Applicable","Not Applicable"
"CR-0000088163","ACV-0000180276","","0","","Unknown","Parked","Impairment Not Known","Not Applicable","Parked","Unknown","None Apparent","1","Not Applicable","Not Applicable"
"CR-0000088165","ACV-0000180280","F","19","","Unknown","Driver","Impairment Not Known","West","Proceeding Straight","Car","None Apparent","1","Not Applicable","Not Applicable"
"CR-0000088167","ACV-0000180284","M","19","","Minor","Driver","Impairment Not Known","South","Stopped","Car","None Apparent","1","Not Applicable","Not Applicable"
"CR-0000088166","ACV-0000180281","M","32","","Minor","Driver","Had Not Been Drinking","North","Changing Lanes","Car","None Apparent","1","22107","Unsafe Turn Movement"
"CR-0000088168","ACV-0000180285","M","61","","Moderate","Driver","Impairment Not Known","North","Proceeding Straight","Motorcycle/Moped","Other Violation","1","22350","Speeding"
"CR-0000088171","ACV-0000180289","M","0","","Minor","Parked","Not Applicable","Not Applicable","Parked","Car","None Apparent","1","Not Applicable","Not Applicable"
"CR-0000088167","ACV-0000180283","","0","","Unknown","Driver","Impairment Not Known","North","Backing","Car","Other Violation","1","22106","Unsafe Backing"
"CR-0000088170","ACV-0000180287","F","21","","Major","Driver","Impairment Not Known","West","Proceeding Straight","Car","None Apparent","1","22107","Unsafe Turn Movement"
"CR-0000088171","ACV-0000180291","","0","","Major","Parked","Not Applicable","Not Applicable","Parked","Car","None Apparent","1","Not Applicable","Not Applicable"
"CR-0000088166","ACV-0000180282","M","26","","Moderate","Driver","Had Not Been Drinking","North","Proceeding Straight","Car","None Apparent","1","Not Applicable","Not Applicable"
"CR-0000088169","ACV-0000180286","","0","","Major","Driver","Impairment Not Known","North","Ran Off Road","Panel Truck","Other Violation","1","Unknown","Unknown"
"CR-0000088171","ACV-0000180290","","0","","Minor","Parked","Not Applicable","Not Applicable","Parked","Car","None Apparent","1","Not Applicable","Not Applicable"
"CR-0000088171","ACV-0000180288","M","0","","Totaled","Driver","Impairment Not Known","West","Proceeding Straight","Car","Other Violation","1","Not Applicable","Not Applicable"
"CR-0000088172","ACV-0000180292","M","25","","Major","Driver","Had Not Been Drinking","East","Proceeding Straight","Car","None Apparent","1","22350","Speeding"
"CR-0000088173","ACV-0000180296","F","35","","Minor","Driver","Had Not Been Drinking","East","Making Right Turn","Car","None Apparent","1","Not Applicable","Not Applicable"
"CR-0000088173","ACV-0000180295","F","35","","Minor","Driver","Had Not Been Drinking","West","Proceeding Straight","Car","None Apparent","1","Not Applicable","Not Applicable"
"CR-0000088172","ACV-0000180293","F","23","","Major","Driver","Had Not Been Drinking","East","Slowing/Stopping","Car","None Apparent","1","Not Applicable","Not Applicable"
"CR-0000088174","ACV-0000180297","M","0","","Minor","Driver","Impairment Not Known","Not Applicable","Proceeding Straight","Motorcycle/Moped","Other Violation","1","23103","Reckless Driving 2"
"CR-0000088173","ACV-0000180294","F","20","","Minor","Driver","Had Not Been Drinking","South","Proceeding Straight","Car","None Apparent","1","21453","Run Red Light"
"CR-0000088174","ACV-0000180298","","0","","Minor","Parked","Not Applicable","Not Applicable","Parked","Car","None Apparent","1","Not Applicable","Not Applicable"
"CR-0000088175","ACV-0000180300","F","36","","Unknown","Driver","Impairment Not Known","North","Proceeding Straight","Car","None Apparent","1","Not Applicable","Not Applicable"
"CR-0000088177","ACV-0000180304","M","58","","Minor","Driver","Had Not Been Drinking","North","Making Left Turn","Bus - Other","None Apparent","1","Not Applicable","Not Applicable"
"CR-0000088176","ACV-0000180301","M","47","","Moderate","Driver","Had Been Drinking - Under Influence","East","Entering Traffic","Car","None Apparent","1","23152","Driving Drunk"
"CR-0000088178","ACV-0000180305","M","23","","Moderate","Driver","Had Not Been Drinking","West","Proceeding Straight","Car","None Apparent","1","22350","Speeding"
"CR-0000088180","ACV-0000180309","","0","","Major","Driver","Impairment Not Known","North","Proceeding Straight","Unknown","Other Violation","1","21804","Yield From Driveway/Curb"
"CR-0000088175","ACV-0000180299","M","0","","Unknown","Driver","Impairment Not Known","North","Proceeding Straight","Panel Truck","None Apparent","1","Unknown","Unknown"
"CR-0000088177","ACV-0000180303","M","25","","Major","Driver","Impairment Not Known","South","Proceeding Straight","Car","None Apparent","1","22350","Speeding"
"CR-0000088179","ACV-0000180307","F","28","","None","Driver","Impairment Not Known","North","Making Right Turn","Car","None Apparent","1","21950","Yield Pedestrian In Crosswalk"
"CR-0000088179","ACV-0000180308","F","21","","Not Applicable","Bicycle","Impairment Not Known","West","Proceeding Straight","Scooter Motorized","None Apparent","1","Not Applicable","Not Applicable"
"CR-0000088176","ACV-0000180302","","0","","Minor","Parked","Not Applicable","Not Applicable","Parked","Car","None Apparent","1","Not Applicable","Not Applicable"
"CR-0000088178","ACV-0000180306","M","33","","Major","Driver","Had Not Been Drinking","West","Slowing/Stopping","Car","None Apparent","1","Not Applicable","Not Applicable"
"CR-0000088180","ACV-0000180311","","0","","Unknown","Parked","Not Applicable","Not Applicable","Parked","Car","None Apparent","1","Not Applicable","Not Applicable"
"CR-0000088180","ACV-0000180310","","0","","Major","Parked","Not Applicable","Not Applicable","Parked","Car","None Apparent","1","Not Applicable","Not Applicable"
"CR-0000088181","ACV-0000180315","F","20","","Minor","Driver","Had Been Drinking - Impairment Unknown","West","Proceeding Straight","Car","None Apparent","1","Not Applicable","Not Applicable"
"CR-0000088182","ACV-0000180316","M","61","","Major","Driver","Had Not Been Drinking","South","Making Left Turn","Car","None Apparent","1","Unknown","Unknown"
"CR-0000088181","ACV-0000180314","F","55","","Minor","Driver","Had Been Drinking - Impairment Unknown","West","Proceeding Straight","Car","None Apparent","1","Not Applicable","Not Applicable"
"CR-0000088182","ACV-0000180317","M","60","","Major","Driver","Had Not Been Drinking","North","Proceeding Straight","Car","None Apparent","1","Not Applicable","Not Applicable"
"CR-0000088181","ACV-0000180313","M","41","","Moderate","Driver","Had Been Drinking - Impairment Unknown","West","Proceeding Straight","Car","None Apparent","1","Not Applicable","Not Applicable"
"CR-0000088183","ACV-0000180318","F","72","","Major","Driver","Impairment Not Known","West","Ran Off Road","Car","None Apparent","1","22350","Speeding"
"CR-0000088185","ACV-0000180322","F","52","","Major","Driver","Had Not Been Drinking","East","Proceeding Straight","Car","None Apparent","1","Not Applicable","Not Applicable"
"CR-0000088181","ACV-0000180312","M","23","","Major","Driver","Had Been Drinking - Impairment Unknown","West","Proceeding Straight","Car","None Apparent","1","21703","Follow Too Closely"
"CR-0000088185","ACV-0000180321","F","33","","Moderate","Driver","Had Not Been Drinking","North","Proceeding Straight","Car","Unfamiliar With Road","1","21806","Yield Emergency Vehicle"
"CR-0000088186","ACV-0000180325","","0","","Moderate","Parked","Not Applicable","Not Applicable","Parked","Car","None Apparent","1","Not Applicable","Not Applicable"
"CR-0000088187","ACV-0000180326","M","24","","Minor","Driver","Had Not Been Drinking","West","Proceeding Straight","Car","Other Violation","1","22350","Speeding"
"CR-0000088189","ACV-0000180330","M","27","","Unknown","Parked","Not Applicable","Not Applicable","Parked","Car","None Apparent","1","Not Applicable","Not Applicable"
"CR-0000088191","ACV-0000180335","M","0","","Not Applicable","Bicycle","Impairment Not Known","Unknown","Proceeding Straight","Bicycle","None Apparent","1","Not Applicable","Not Applicable"
"CR-0000088184","ACV-0000180320","M","48","","Minor","Driver","Had Not Been Drinking","East","Making Right Turn","Car","Other","1","Not Applicable","Not Applicable"
"CR-0000088186","ACV-0000180324","","0","","Moderate","Parked","Not Applicable","Not Applicable","Parked","Car","None Apparent","1","Not Applicable","Not Applicable"
"CR-0000088188","ACV-0000180328","F","36","","Not Applicable","Driver","Impairment Not Known","North","Making Left Turn","Car","None Apparent","1","Unknown","Unknown"
"CR-0000088193","ACV-0000180338","M","51","","Not Applicable","Bicycle","Had Not Been Drinking","West","Proceeding Straight","Bicycle","Inattention","1","22450","Fail Stop/Sign"
"CR-0000088195","ACV-0000180342","M","27","","Totaled","Driver","Had Not Been Drinking","West","Proceeding Straight","Panel Truck","Other Violation","1","Unknown","Unknown"
"CR-0000088184","ACV-0000180319","F","75","","Minor","Driver","Had Not Been Drinking","West","Making Right Turn","Car","Other","1","Unknown","Unknown"
"CR-0000088186","ACV-0000180323","M","23","","Major","Driver","Impairment Not Known","North","Proceeding Straight","Car","Other Violation","1","22350","Speeding"
"CR-0000088187","ACV-0000180327","M","47","","Minor","Driver","Had Not Been Drinking","West","Changing Lanes","Car","None Apparent","1","Not Applicable","Not Applicable"
"CR-0000088188","ACV-0000180329","M","71","","Unknown","Driver","Impairment Not Known","South","Making Left Turn","Car","None Apparent","1","Unknown","Unknown"
"CR-0000088190","ACV-0000180333","M","18","","Not Applicable","Driver","Impairment Not Known","Unknown","Proceeding Straight","Panel Truck","None Apparent","1","Unknown","Unknown"
"CR-0000088192","ACV-0000180337","","0","","Minor","Parked","Not Applicable","Not Applicable","Parked","Panel Truck","None Apparent","1","Not Applicable","Not Applicable"
"CR-0000088190","ACV-0000180332","M","45","","Not Applicable","Parked","Not Applicable","Not Applicable","Parked","Car","None Apparent","1","Not Applicable","Not Applicable"
"CR-0000088192","ACV-0000180336","M","20","","Major","Driver","Had Been Drinking - Under Influence","North","Proceeding Straight","Car","Other Violation","1","22350","Speeding"
"CR-0000088194","ACV-0000180341","F","24","","Major","Driver","Had Not Been Drinking","South","Proceeding Straight","Car","None Apparent","1","Not Applicable","Not Applicable"