"CrashName","Name","Sex","Age","Speed","VehicleDamage","PartyCategory","Sobriety","VehicleDirection","MovementPrecedingCollision","PartyType","OtherAssociatedFactor","VehicleCount","ViolationCode","ViolationCodeDescription"
"CR-0000088194","ACV-0000180340","F","20","","Major","Driver","Had Not Been Drinking","East","Entering Traffic","Car","None Apparent","1","21804","Yield From Driveway/Curb"
"CR-0000088189","ACV-0000180331","","0","","Not Applicable","Driver","Not Applicable","Not Applicable","Backing","Car","None Apparent","1","Unknown","Unknown"
"CR-0000088191","ACV-0000180334","M","50","","Unknown","Driver","Impairment Not Known","Not Applicable","Proceeding Straight","Car","None Apparent","1","Unknown","Unknown"
"CR-0000088193","ACV-0000180339","F","26","","Minor","Driver","Had Not Been Drinking","South","Proceeding Straight","Car","None Apparent","1","Not Applicable","Not Applicable"
"CR-0000088195","ACV-0000180343","M","46","","Moderate","Driver","Had Not Been Drinking","South","Proceeding Straight","Car","None Apparent","1","Not Applicable","Not Applicable"
"CR-0000088196","ACV-0000180345","F","54","","Minor","Driver","Impairment Not Known","North","Proceeding Straight","Car","None Apparent","1","Not Applicable","Not Applicable"
"CR-0000088198","ACV-0000180349","M","21","","Moderate","Driver","Had Not Been Drinking","South","Making Left Turn","Car","None Apparent","1","Not Applicable","Not Applicable"
"CR-0000088196","ACV-0000180344","","0","","Unknown","Driver","Impairment Not Known","North","Changing Lanes","Car","Other Violation","1","22107","Unsafe Turn Movement"
"CR-0000088198","ACV-0000180348","M","37","","Moderate","Driver","Had Not Been Drinking","South","Making Left Turn","Motorcycle/Moped","None Apparent","1","22107","Unsafe Turn Movement"
"CR-0000088197","ACV-0000180347","F","38","","Minor","Driver","Had Not Been Drinking","West","Merging","Car","Inattention","1","Not Applicable","Not Applicable"
"CR-0000088197","ACV-0000180346","","0","","Minor","Driver","Impairment Not Known","West","Making Right Turn","Car","Other Violation","1","22107","Unsafe Turn Movement"
"CR-0000088199","ACV-0000180350","M","55","","Moderate","Driver","Had Not Been Drinking","East","Making Left Turn","Car","None Apparent","1","22350","Speeding"
"CR-0000088200","ACV-0000180354","M","37","","Minor","Parked","Not Applicable","Not Applicable","Parked","Panel Truck","None Apparent","1","Not Applicable","Not Applicable"
"CR-0000088200","ACV-0000180353","M","37","","Minor","Parked","Not Applicable","Not Applicable","Parked","Car With Trailer","None Apparent","1","Not Applicable","Not Applicable"
"CR-0000088201","ACV-0000180357","","0","","Moderate","Parked","Not Applicable","Not Applicable","Parked","Car","None Apparent","1","Not Applicable","Not Applicable"
"CR-0000088200","ACV-0000180352","","0","","Unknown","Driver","Impairment Not Known","North","Making Right Turn","Car","Other Violation","1","22107","Unsafe Turn Movement"
"CR-0000088201","ACV-0000180356","","0","","Unknown","Driver","Had Been Drinking - Impairment Unknown","South","Proceeding Straight","Car","Other Violation","1","22350","Speeding"
"CR-0000088202","ACV-0000180358","M","18","","Major","Driver","Had Been Drinking - Impairment Unknown","West","Ran Off Road","Car","None Apparent","1","22350","Speeding"
"CR-0000088199","ACV-0000180351","M","69","","Not Applicable","Pedestrian","Had Not Been Drinking","West","Other (Ped)","Pedestrian","None Apparent","1","Not Applicable","Not Applicable"
"CR-0000088200","ACV-0000180355","F","31","","Not Applicable","Parked","Not Applicable","Not Applicable","Parked","Car","None Apparent","1","Not Applicable","Not Applicable"
"CR-0000088203","ACV-0000180360","","0","","Moderate","Parked","Not Applicable","Not Applicable","Parked","Car","None Apparent","1","Not Applicable","Not Applicable"
"CR-0000088203","ACV-0000180359","","0","","Moderate","Driver","Impairment Not Known","East","Changing Lanes","Car","Other Violation","1","22107","Unsafe Turn Movement"
"CR-0000088237","ACV-0000180433","M","46","","Moderate","Driver","Had Not Been Drinking","North","Proceeding Straight","Motorcycle/Moped","None Apparent","1","Not Applicable","Not Applicable"
"CR-0000088210","ACV-0000180377","M","56","","Moderate","Parked","Not Applicable","Not Applicable","Parked","Car","None Apparent","1","Not Applicable","Not Applicable"
"CR-0000088209","ACV-0000180374","M","47","","Moderate","Parked","Not Applicable","Not Applicable","Parked","Car","None Apparent","1","Not Applicable","Not Applicable"
"CR-0000088224","ACV-0000180406","M","46","","Moderate","Parked","Not Applicable","Not Applicable","Parked","Car","None Apparent","1","Not Applicable","Not Applicable"
"CR-0000088235","ACV-0000180428","M","25","","Minor","Driver","Had Not Been Drinking","West","Proceeding Straight","Emergency Vehicle","None Apparent","1","22106","Unsafe Backing"
"CR-0000088206","ACV-0000180366","M","36","","Minor","Driver","Had Not Been Drinking","South","Proceeding Straight","Car","Other Violation","1","21703","Follow Too Closely"
"CR-0000088232","ACV-0000180423","M","22","","Moderate","Driver","Had Not Been Drinking","East","Stopped","Car","None Apparent","1","Not Applicable","Not Applicable"
"CR-0000088230","ACV-0000180419","F","30","","Moderate","Driver","Had Not Been Drinking","South","Proceeding Straight","Car","None Apparent","1","Not Applicable","Not Applicable"
"CR-0000088232","ACV-0000180422","F","51","","Moderate","Driver","Had Been Drinking - Under Influence","East","Other Unsafe Turning","Car","Other Violation","1","22107","Unsafe Turn Movement"
"CR-0000088234","ACV-0000180427","M","58","","Not Applicable","Bicycle","Had Not Been Drinking","East","Proceeding Straight","Bicycle","None Apparent","1","Not Applicable","Not Applicable"
"CR-0000088221","ACV-0000180398","M","53","","Major","Driver","Impairment Not Known","South","Stopped","Car","None Apparent","1","Not Applicable","Not Applicable"
"CR-0000088216","ACV-0000180386","F","68","","Moderate","Driver","Had Not Been Drinking","South","Stopped","Car","Inattention","1","21453","Run Red Light"
"CR-0000088210","ACV-0000180375","M","0","","Minor","Driver","Had Been Drinking - Impairment Unknown","Unknown","Making Right Turn","Car","Other Violation","1","22107","Unsafe Turn Movement"
"CR-0000088209","ACV-0000180373","","0","","Unknown","Driver","Impairment Not Known","Not Applicable","Other","Unknown","Other Violation","1","Unknown","Unknown"
"CR-0000088221","ACV-0000180399","F","47","","Moderate","Driver","Impairment Not Known","Unknown","Stopped","Car","None Apparent","1","Not Applicable","Not Applicable"
"CR-0000088238","ACV-0000180434","M","53","","Minor","Driver","Had Not Been Drinking","North","Proceeding Straight","Bus - Other","None Apparent","1","21703","Follow Too Closely"
"CR-0000088229","ACV-0000180416","","0","","Unknown","Driver","Impairment Not Known","East","Proceeding Straight","Car","Other Violation","1","22350","Speeding"
"CR-0000088217","ACV-0000180390","M","58","","Moderate","Driver","Had Not Been Drinking","North","Making U-Turn","Panel Truck","None Apparent","1","21453","Run Red Light"
"CR-0000088226","ACV-0000180412","M","55","","Major","Parked","Not Applicable","Not Applicable","Parked","Car","None Apparent","1","Not Applicable","Not Applicable"
"CR-0000088229","ACV-0000180417","","0","","Minor","Parked","Not Applicable","Not Applicable","Parked","Emergency Vehicle","None Apparent","1","Not Applicable","Not Applicable"
"CR-0000088208","ACV-0000180371","","0","","Moderate","Parked","Not Applicable","Not Applicable","Parked","Panel Truck","None Apparent","1","Not Applicable","Not Applicable"
"CR-0000088222","ACV-0000180400","M","30","","Moderate","Driver","Had Not Been Drinking","East","Entering Traffic","Car","None Apparent","1","21804","Yield From Driveway/Curb"
"CR-0000088233","ACV-0000180425","M","48","","Moderate","Parked","Not Applicable","Not Applicable","Parked","Car","None Apparent","1","Not Applicable","Not Applicable"
"CR-0000088219","ACV-0000180394","F","45","","None","Driver","Had Not Been Drinking","East","Making Right Turn","Car","None Apparent","1","Unknown","Unknown"
"CR-0000088226","ACV-0000180411","F","27","","Major","Driver","Had Not Been Drinking","East","Proceeding Straight","Car","None Apparent","1","Not Applicable","Not Applicable"
"CR-0000088214","ACV-0000180382","M","0","","Unknown","Driver","Impairment Not Known","East","Proceeding Straight","Unknown","Other Violation","1","22450","Fail Stop/Sign"
"CR-0000088225","ACV-0000180409","F","47","","Moderate","Driver","Had Been Drinking - Not Under Influence","West","Making Left Turn","Car","None Apparent","1","Not Applicable","Not Applicable"
"CR-0000088238","ACV-0000180435","F","22","","Moderate","Driver","Had Not Been Drinking","North","Stopped","Car","None Apparent","1","Not Applicable","Not Applicable"
"CR-0000088207","ACV-0000180369","M","58","","Moderate","Driver","Impairment Not Known","South","Making Left Turn","Car","None Apparent","1","Not Applicable","Not Applicable"
"CR-0000088221","ACV-0000180397","M","31","","Major","Driver","Impairment Not Known","South","Proceeding Straight","Car","None Apparent","1","Not Applicable","Not Applicable"
"CR-0000088233","ACV-0000180424","","0","","Moderate","Driver","Impairment Not Known","South","Proceeding Straight","Car","Other Violation","1","22350","Speeding"
"CR-0000088226","ACV-0000180410","M","82","","Major","Driver","Had Not Been Drinking","North","Making Left Turn","Car","None Apparent","1","22107","Unsafe Turn Movement"
"CR-0000088220","ACV-0000180395","M","31","","Moderate","Driver","Had Not Been Drinking","East","Proceeding Straight","Car","None Apparent","1","22450","Fail Stop/Sign"
"CR-0000088219","ACV-0000180393","M","18","","Not Applicable","Pedestrian","Had Not Been Drinking","South","Proceeding Straight","Skateboard","None Apparent","1","Unknown","Unknown"
"CR-0000088208","ACV-0000180372","","0","","Minor","Parked","Not Applicable","Not Applicable","Parked","Panel Truck","None Apparent","1","Not Applicable","Not Applicable"
"CR-0000088222","ACV-0000180401","M","80","","Major","Driver","Had Not Been Drinking","West","Proceeding Straight","Car","None Apparent","1","Not Applicable","Not Applicable"
"CR-0000088207","ACV-0000180368","","0","","Unknown","Driver","Impairment Not Known","North","Proceeding Straight","Car","Other Violation","1","21800","Yield Uncontrolled Intersection"
"CR-0000088213","ACV-0000180381","","0","","Minor","Parked","Not Applicable","Not Applicable","Parked","Car","None Apparent","1","Not Applicable","Not Applicable"
"CR-0000088223","ACV-0000180402","","0","","Unknown","Driver","Impairment Not Known","North","Other","Car","Other Violation","1","22350","Speeding"
"CR-0000088227","ACV-0000180414","M","44","","Moderate","Driver","Impairment Not Known","West","Other","Car","None Apparent","1","Not Applicable","Not Applicable"
"CR-0000088218","ACV-0000180391","M","37","","Major","Driver","Had Not Been Drinking","North","Making Left Turn","Car","Other Violation","1","21453","Run Red Light"
"CR-0000088205","ACV-0000180364","","0","","Unknown","Driver","Impairment Not Known","South","Slowing/Stopping","Car","Other Violation","1","22350","Speeding"
"CR-0000088206","ACV-0000180367","F","44","","Minor","Driver","Had Not Been Drinking","South","Proceeding Straight","Car","None Apparent","1","Not Applicable","Not Applicable"
"CR-0000088215","ACV-0000180385","M","13","","Minor","Bicycle","Had Not Been Drinking","West","Proceeding Straight","Bicycle","None Apparent","1","Not Applicable","Not Applicable"
"CR-0000088224","ACV-0000180407","F","74","","Moderate","Parked","Not Applicable","Not Applicable","Parked","Car","None Apparent","1","Not Applicable","Not Applicable"
"CR-0000088214","ACV-0000180383","M","16","","Not Applicable","Bicycle","Impairment Not Known","South","Proceeding Straight","Bicycle","None Apparent","1","Not Applicable","Not Applicable"
"CR-0000088218","ACV-0000180392","M","63","","Major","Driver","Had Not Been Drinking","South","Proceeding Straight","Car","None Apparent","1","Not Applicable","Not Applicable"
"CR-0000088223","ACV-0000180403","M","37","","Moderate","Parked","Not Applicable","Not Applicable","Parked","Car","None Apparent","1","Not Applicable","Not Applicable"
"CR-0000088236","ACV-0000180430","M","0","","Not Applicable","Pedestrian","Had Been Drinking - Impairment Unknown","South","Other (Ped)","Pedestrian","None Apparent","1","21954","Pedestrian Yield Car"
"CR-0000088215","ACV-0000180384","F","44","","Minor","Driver","Had Not Been Drinking","East","Making Right Turn","Car","None Apparent","1","22107","Unsafe Turn Movement"
"CR-0000088227","ACV-0000180413","M","29","","Moderate","Driver","Impairment Not Known","West","Passing Other Vehicles","Motorcycle/Moped","None Apparent","1","21755","Pass On Right"
"CR-0000088216","ACV-0000180387","M","30","","Moderate","Driver","Had Not Been Drinking","East","Making Left Turn","Panel Truck","None Apparent","1","Not Applicable","Not Applicable"
"CR-0000088234","ACV-0000180426","M","40","","Minor","Driver","Had Not Been Drinking","East","Proceeding Straight","Unknown","None Apparent","1","00001","Other Improper Driving"
"CR-0000088210","ACV-0000180376","M","35","","Minor","Driver","Had Been Drinking - Impairment Unknown","West","Making Right Turn","Car","Other Violation","1","Not Applicable","Not Applicable"
"CR-0000088230","ACV-0000180418","M","21","","Minor","Driver","Had Not Been Drinking","East","Entering Traffic","Car","None Apparent","1","21804","Yield From Driveway/Curb"
"CR-0000088205","ACV-0000180365","F","52","","Minor","Driver","Had Not Been Drinking","South","Stopped","Car","None Apparent","1","Not Applicable","Not Applicable"
"CR-0000088204","ACV-0000180363","","0","","Major","Parked","Not Applicable","Not Applicable","Parked","Car","None Apparent","1","Not Applicable","Not Applicable"
"CR-0000088225","ACV-0000180408","F","32","","Major","Driver","Had Been Drinking - Not Under Influence","North","Proceeding Straight","Car","None Apparent","1","Not Applicable","Not Applicable"
"CR-0000088231","ACV-0000180421","M","63","","Unknown","Driver","Had Not Been Drinking","West","Proceeding Straight","Motorcycle/Moped","None Apparent","1","Not Applicable","Not Applicable"
"CR-0000088220","ACV-0000180396","F","49","","Moderate","Driver","Had Not Been Drinking","North","Making Left Turn","Car","Entering/Leaving Ramp","1","Not Applicable","Not Applicable"
"CR-0000088213","ACV-0000180380","","0","","Not Applicable","Driver","Impairment Not Known","North","Backing","Panel Truck","Other Violation","1","00001","Other Improper Driving"
"CR-0000088224","ACV-0000180404","F","17","","Moderate","Driver","Had Not Been Drinking","West","Crossing Into Opposing Lane","Car","None Apparent","1","22350","Speeding"
"CR-0000088217","ACV-0000180389","M","0","","Moderate","Driver","Had Not Been Drinking","North","Proceeding Straight","Car","Other Violation","1","21453","Run Red Light"
"CR-0000088216","ACV-0000180388","M","33","","Moderate","Driver","Had Not Been Drinking","West","Making Left Turn","Car","None Apparent","1","Not Applicable","Not Applicable"
"CR-0000088236","ACV-0000180431","M","47","","None","Driver","Had Been Drinking - Impairment Unknown","West","Proceeding Straight","Panel Truck","None Apparent","1","Not Applicable","Not Applicable"
"CR-0000088204","ACV-0000180361","","0","","Unknown","Driver","Impairment Not Known","South","Ran Off Road","Unknown","Other Violation","1","22350","Speeding"
"CR-0000088212","ACV-0000180379","M","28","","Major","Driver","Had Not Been Drinking","South","Proceeding Straight","Car","Other Violation","1","Not Applicable","Not Applicable"
"CR-0000088211","ACV-0000180378","M","39","","Minor","Driver","Impairment Not Known","South","Proceeding Straight","Semi Truck","Other Violation","1","22107","Unsafe Turn Movement"
"CR-0000088224","ACV-0000180405","M","44","","Moderate","Parked","Not Applicable","Not Applicable","Parked","Panel Truck","None Apparent","1","Not Applicable","Not Applicable"
"CR-0000088228","ACV-0000180415","M","43","","Major","Driver","Had Not Been Drinking","North","Proceeding Straight","Car","Other Violation","1","22350","Speeding"
"CR-0000088235","ACV-0000180429","M","63","","Minor","Driver","Had Not Been Drinking","West","Proceeding Straight","Car","None Apparent","1","Not Applicable","Not Applicable"
"CR-0000088237","ACV-0000180432","F","51","","Moderate","Driver","Had Not Been Drinking","South","Making Left Turn","Car","None Apparent","1","22107","Unsafe Turn Movement"
"CR-0000088204","ACV-0000180362","","0","","Major","Parked","Not Applicable","Not Applicable","Parked","Car","None Apparent","1","Not Applicable","Not Applicable"
"CR-0000088208","ACV-0000180370","","0","","Moderate","Driver","Had Been Drinking - Impairment Unknown","East","Making Right Turn","Car","Other Violation","1","22107","Unsafe Turn Movement"
"CR-0000088231","ACV-0000180420","M","66","","Minor","Driver","Had Not Been Drinking","South","Making Right Turn","Car","None Apparent","1","21800","Yield Uncontrolled Intersection"
"CR-0000088247","ACV-0000180453","M","26","","Major","Driver","Had Not Been Drinking","East","Proceeding Straight","Car","None Apparent","1","Not Applicable","Not Applicable"
"CR-0000088240","ACV-0000180438","M","64","","None","Driver","Had Not Been Drinking","West","Making Right Turn","Car","Other Violation","1","21950","Yield Pedestrian In Crosswalk"
"CR-0000088269","ACV-0000180497","F","20","","Unknown","Driver","Impairment Not Known","Unknown","Other Unsafe Turning","Unknown","None Apparent","1","Unknown","Unknown"
"CR-0000088284","ACV-0000180528","M","81","","Minor","Driver","Had Not Been Drinking","North","Making Left Turn","Panel Truck","Inattention","1","21950","Yield Pedestrian In Crosswalk"
"CR-0000088258","ACV-0000180476","F","41","","Unknown","Driver","Impairment Not Known","North","Stopped","Car","None Apparent","1","Not Applicable","Not Applicable"
"CR-0000088266","ACV-0000180492","M","0","","Unknown","Driver","Impairment Not Known","West","Proceeding Straight","Car","None Apparent","1","22350","Speeding"
"CR-0000088243","ACV-0000180448","M","0","","Not Applicable","Parked","Not Applicable","Not Applicable","Parked","Car","None Apparent","1","Not Applicable","Not Applicable"
"CR-0000088242","ACV-0000180443","F","39","","Minor","Driver","Had Not Been Drinking","West","Proceeding Straight","Emergency Vehicle","None Apparent","1","21703","Follow Too Closely"
"CR-0000088276","ACV-0000180512","F","0","","Unknown","Driver","Impairment Not Known","North","Backing","Unknown","Inattention","1","Unknown","Unknown"
"CR-0000088254","ACV-0000180466","M","39","","Major","Driver","Impairment Not Known","North","Proceeding Straight","Panel Truck","None Apparent","1","21453","Run Red Light"
"CR-0000088261","ACV-0000180480","","0","","Unknown","Driver","Impairment Not Known","South","Proceeding Straight","Car","Other Violation","1","21453","Run Red Light"
"CR-0000088271","ACV-0000180503","F","0","","Unknown","Driver","Impairment Not Known","Unknown","Unknown","Panel Truck","None Apparent","1","Not Applicable","Not Applicable"
"CR-0000088278","ACV-0000180516","M","0","","Unknown","Driver","Impairment Not Known","North","Entering Traffic","Unknown","None Apparent","1","Not Applicable","Not Applicable"
"CR-0000088266","ACV-0000180493","","0","","Minor","Parked","Not Applicable","Not Applicable","Parked","Car","None Apparent","1","Not Applicable","Not Applicable"
"CR-0000088275","ACV-0000180510","","0","","Unknown","Driver","Impairment Not Known","Unknown","Proceeding Straight","Panel Truck","None Apparent","1","Unknown","Unknown"
"CR-0000088282","ACV-0000180524","F","59","","Moderate","Driver","Had Not Been Drinking","West","Making Left Turn","Car","None Apparent","1","21804","Yield From Driveway/Curb"
"CR-0000088283","ACV-0000180527","F","52","","Major","Driver","Had Been Drinking - Impairment Unknown","West","Crossing Into Opposing Lane","Car","None Apparent","1","Not Applicable","Not Applicable"
"CR-0000088269","ACV-0000180498","","0","","Unknown","Parked","Not Applicable","Not Applicable","Parked","Car","None Apparent","1","Not Applicable","Not Applicable"
"CR-0000088274","ACV-0000180508","","0","","Unknown","Driver","Impairment Not Known","North","Making Right Turn","Other","None Apparent","1","Unknown","Unknown"
"CR-0000088242","ACV-0000180444","F","58","","Minor","Driver","Had Not Been Drinking","West","Stopped","Car","None Apparent","1","Not Applicable","Not Applicable"
"CR-0000088285","ACV-0000180531","","0","","Minor","Parked","Not Applicable","Not Applicable","Parked","Panel Truck","None Apparent","1","Not Applicable","Not Applicable"
"CR-0000088264","ACV-0000180489","F","32","","Minor","Driver","Had Not Been Drinking","South","Stopped","Car","None Apparent","1","Not Applicable","Not Applicable"
"CR-0000088255","ACV-0000180469","M","74","","Minor","Driver","Had Not Been Drinking","South","Proceeding Straight","Car","Inattention","1","22350","Speeding"
"CR-0000088274","ACV-0000180509","F","25","","Unknown","Driver","Impairment Not Known","North","Stopped","Car","None Apparent","1","Not Applicable","Not Applicable"
"CR-0000088248","ACV-0000180454","F","17","","Moderate","Driver","Had Not Been Drinking","East","Proceeding Straight","Car","None Apparent","1","22350","Speeding"
"CR-0000088257","ACV-0000180474","F","21","","Moderate","Driver","Had Not Been Drinking","North","Proceeding Straight","Car","None Apparent","1","Not Applicable","Not Applicable"
"CR-0000088241","ACV-0000180441","F","53","","Major","Driver","Had Not Been Drinking","North","Stopped","Car","None Apparent","1","Not Applicable","Not Applicable"
"CR-0000088253","ACV-0000180465","F","32","","Moderate","Driver","Impairment Not Known","South","Making Left Turn","Car","None Apparent","1","Not Applicable","Not Applicable"
"CR-0000088282","ACV-0000180525","M","21","","Moderate","Driver","Had Not Been Drinking","North","Proceeding Straight","Car","None Apparent","1","Not Applicable","Not Applicable"
"CR-0000088270","ACV-0000180499","","0","","Unknown","Driver","Impairment Not Known","Unknown","Proceeding Straight","Unknown","None Apparent","1","Unknown","Unknown"
"CR-0000088271","ACV-0000180502","F","18","","Unknown","Driver","Impairment Not Known","Not Applicable","Proceeding Straight","Car","None Apparent","1","Unknown","Unknown"
"CR-0000088265","ACV-0000180490","F","16","","Moderate","Driver","Had Not Been Drinking","East","Making Left Turn","Car","Other Violation","1","Not Applicable","Not Applicable"
"CR-0000088264","ACV-0000180488","M","44","","Major","Driver","Had Not Been Drinking","South","Stopped","Car","None Apparent","1","Not Applicable","Not Applicable"
"CR-0000088276","ACV-0000180513","M","46","","Unknown","Driver","Impairment Not Known","East","Proceeding Straight","Panel Truck","None Apparent","1","Not Applicable","Not Applicable"
"CR-0000088262","ACV-0000180483","F","22","","Moderate","Driver","Had Not Been Drinking","East","Stopped","Car","None Apparent","1","Not Applicable","Not Applicable"
"CR-0000088270","ACV-0000180500","F","28","","Unknown","Driver","Had Not Been Drinking","Unknown","Stopped","Car","None Apparent","1","Not Applicable","Not Applicable"
"CR-0000088248","ACV-0000180455","F","54","","Moderate","Driver","Had Not Been Drinking","East","Stopped","Car","None Apparent","1","Not Applicable","Not Applicable"
"CR-0000088241","ACV-0000180440","M","22","","Major","Driver","Had Not Been Drinking","North","Proceeding Straight","Car","Other Violation","1","22350","Speeding"
"CR-0000088261","ACV-0000180481","F","0","","Unknown","Driver","Had Not Been Drinking","West","Making Left Turn","Car","None Apparent","1","Not Applicable","Not Applicable"
"CR-0000088248","ACV-0000180456","F","30","","Minor","Driver","Had Not Been Drinking","East","Stopped","Car","None Apparent","1","Not Applicable","Not Applicable"
"CR-0000088262","ACV-0000180482","M","21","","Moderate","Driver","Had Not Been Drinking","East","Proceeding Straight","Car","Other Violation","1","22350","Speeding"
"CR-0000088241","ACV-0000180442","M","27","","Moderate","Driver","Had Not Been Drinking","North","Stopped","Car","None Apparent","1","Not Applicable","Not Applicable"
"CR-0000088243","ACV-0000180447","M","0","","Major","Parked","Not Applicable","Not Applicable","Parked","Panel Truck","None Apparent","1","Not Applicable","Not Applicable"
"CR-0000088264","ACV-0000180487","F","82","","Major","Driver","Had Not Been Drinking","South","Proceeding Straight","Car","None Apparent","1","22350","Speeding"
"CR-0000088239","ACV-0000180436","M","29","","Minor","Driver","Had Not Been Drinking","West","Backing","Emergency Vehicle","None Apparent","1","Unknown","Unknown"
"CR-0000088258","ACV-0000180475","","0","","Unknown","Driver","Impairment Not Known","North","Making Left Turn","Unknown","None Apparent","1","Unknown","Unknown"
"CR-0000088285","ACV-0000180530","M","28","","Major","Driver","Impairment Not Known","West","Proceeding Straight","Car","Inattention","1","22350","Speeding"
"CR-0000088279","ACV-0000180519","M","41","","Not Applicable","Driver","Impairment Not Known","East","Making Left Turn","Car","None Apparent","1","Not Applicable","Not Applicable"
"CR-0000088279","ACV-0000180518","M","76","","Unknown","Driver","Impairment Not Known","East","Changing Lanes","Car","None Apparent","1","Not Applicable","Not Applicable"
"CR-0000088265","ACV-0000180491","M","28","","Unknown","Driver","Impairment Not Known","South","Proceeding Straight","Panel Truck","Other Violation","1","Not Applicable","Not Applicable"
"CR-0000088273","ACV-0000180506","","0","","Unknown","Driver","Impairment Not Known","South","Making U-Turn","Panel Truck","Unknown","1","Unknown","Unknown"
"CR-0000088277","ACV-0000180514","F","0","","Unknown","Driver","Impairment Not Known","North","Passing Other Vehicles","Car","None Apparent","1","Unknown","Unknown"
"CR-0000088259","ACV-0000180478","F","19","","Minor","Driver","Impairment Not Known","South","Stopped","Car","None Apparent","1","Not Applicable","Not Applicable"
"CR-0000088268","ACV-0000180496","M","21","","Major","Driver","Impairment Not Known","North","Ran Off Road","Car","Other Violation","1","23103","Reckless Driving 2"
"CR-0000088263","ACV-0000180485","M","23","","Minor","Driver","Had Not Been Drinking","West","Changing Lanes","Panel Truck","Other Violation","1","22107","Unsafe Turn Movement"
"CR-0000088254","ACV-0000180468","M","73","","Major","Driver","Impairment Not Known","West","Proceeding Straight","Car","None Apparent","1","Not Applicable","Not Applicable"
"CR-0000088281","ACV-0000180522","","0","","Unknown","Driver","Impairment Not Known","West","Proceeding Straight","Car","Other Violation","1","21658","Unsafe Lane Change"
"CR-0000088256","ACV-0000180472","","0","","Minor","Parked","Not Applicable","Not Applicable","Parked","Car","None Apparent","1","Not Applicable","Not Applicable"
"CR-0000088259","ACV-0000180477","","0","","Unknown","Driver","Impairment Not Known","North","Crossing Into Opposing Lane","Unknown","Other Violation","1","21460","Driving Over Centerline"
"CR-0000088252","ACV-0000180463","","0","","Major","Driver","Impairment Not Known","North","Proceeding Straight","Car","Other Violation","1","Unknown","Unknown"
"CR-0000088243","ACV-0000180446","M","63","","Major","Driver","Had Not Been Drinking","East","Proceeding Straight","Car","Inattention","1","22350","Speeding"
"CR-0000088280","ACV-0000180521","F","56","","Unknown","Driver","Impairment Not Known","South","Proceeding Straight","Car","None Apparent","1","Not Applicable","Not Applicable"
"CR-0000088253","ACV-0000180464","F","40","","Moderate","Driver","Impairment Not Known","North","Proceeding Straight","Panel Truck","Other Violation","1","21453","Run Red Light"
"CR-0000088262","ACV-0000180484","F","23","","Minor","Driver","Impairment Not Known","East","Stopped","Car","None Apparent","1","Not Applicable","Not Applicable"
"CR-0000088277","ACV-0000180515","F","18","","Not Applicable","Driver","Impairment Not Known","North","Making Right Turn","Car","None Apparent","1","Not Applicable","Not Applicable"
"CR-0000088250","ACV-0000180459","M","34","","None","Driver","Had Not Been Drinking","North","Making Left Turn","Car","None Apparent","1","21950","Yield Pedestrian In Crosswalk"
"CR-0000088240","ACV-0000180439","M","13","","Not Applicable","Pedestrian","Had Not Been Drinking","West","Other (Ped)","Pedestrian","None Apparent","1","Not Applicable","Not Applicable"
"CR-0000088245","ACV-0000180450","","0","","Major","Driver","Impairment Not Known","West","Proceeding Straight","Car","Other Violation","1","00001","Other Improper Driving"
"CR-0000088278","ACV-0000180517","F","47","","Not Applicable","Driver","Impairment Not Known","West","Proceeding Straight","Car","None Apparent","1","Not Applicable","Not Applicable"
"CR-0000088244","ACV-0000180449","M","30","","Major","Driver","Had Been Drinking - Under Influence","East","Proceeding Straight","Car","None Apparent","1","23152","Driving Drunk"
"CR-0000088271","ACV-0000180501","F","75","","Unknown","Driver","Impairment Not Known","Unknown","Stopped","Car","None Apparent","1","Not Applicable","Not Applicable"
"CR-0000088280","ACV-0000180520","M","0","","Unknown","Driver","Impairment Not Known","South","Proceeding Straight","Car","None Apparent","1","Unknown","Unknown"
"CR-0000088257","ACV-0000180473","M","35","","Moderate","Driver","Had Not Been Drinking","West","Proceeding Straight","Panel Truck","None Apparent","1","21453","Run Red Light"
"CR-0000088283","ACV-0000180526","F","48","","Moderate","Driver","Had Been Drinking - Impairment Unknown","East","Crossing Into Opposing Lane","Car","Other Violation","1","Not Applicable","Not Applicable"
"CR-0000088260","ACV-0000180479","","0","","Totaled","Driver","Impairment Not Known","North","Making U-Turn","Car","None Apparent","1","21801","Yield Left Turn"
"CR-0000088272","ACV-0000180504","","0","","Unknown","Driver","Impairment Not Known","Unknown","Unknown","Panel Truck","None Apparent","1","Unknown","Unknown"
"CR-0000088242","ACV-0000180445","M","25","","Minor","Driver","Had Not Been Drinking","West","Stopped","Car","None Apparent","1","Not Applicable","Not Applicable"
"CR-0000088263","ACV-0000180486","M","23","","Major","Driver","Had Not Been Drinking","West","Proceeding Straight","Motorcycle/Moped","None Apparent","1","Not Applicable","Not Applicable"
"CR-0000088255","ACV-0000180470","F","39","","Minor","Driver","Had Not Been Drinking","South","Stopped","Car","None Apparent","1","Not Applicable","Not Applicable"