"CrashName","Name","Sex","Age","Speed","VehicleDamage","PartyCategory","Sobriety","VehicleDirection","MovementPrecedingCollision","PartyType","OtherAssociatedFactor","VehicleCount","ViolationCode","ViolationCodeDescription"
"CR-0000088246","ACV-0000180451","M","31","","Moderate","Driver","Impairment Not Known","South","Making Right Turn","Car","Other Violation","1","22350","Speeding"
"CR-0000088250","ACV-0000180460","F","39","","Not Applicable","Pedestrian","Had Not Been Drinking","South","Other (Ped)","Pedestrian","Inattention","1","Not Applicable","Not Applicable"
"CR-0000088267","ACV-0000180494","F","26","","Moderate","Driver","Had Not Been Drinking","North","Proceeding Straight","Car","Other Violation","1","22350","Speeding"
"CR-0000088275","ACV-0000180511","F","43","","Unknown","Driver","Impairment Not Known","Unknown","Stopped","Car","None Apparent","1","Not Applicable","Not Applicable"
"CR-0000088256","ACV-0000180471","","0","","Moderate","Driver","Impairment Not Known","East","Making Right Turn","Car","Other Violation","1","Unknown","Unknown"
"CR-0000088273","ACV-0000180507","","0","","Unknown","Driver","Impairment Not Known","North","Proceeding Straight","Car","Unknown","1","Not Applicable","Not Applicable"
"CR-0000088249","ACV-0000180458","F","69","","Major","Driver","Had Not Been Drinking","North","Proceeding Straight","Car","None Apparent","1","Not Applicable","Not Applicable"
"CR-0000088251","ACV-0000180461","F","42","","Minor","Driver","Impairment Not Known","West","Changing Lanes","Car","Other","1","00001","Other Improper Driving"
"CR-0000088254","ACV-0000180467","M","18","","Major","Driver","Impairment Not Known","West","Proceeding Straight","Car","None Apparent","1","Not Applicable","Not Applicable"
"CR-0000088251","ACV-0000180462","M","66","","Totaled","Driver","Impairment Not Known","West","Merging","Panel Truck","Entering/Leaving Ramp","1","Not Applicable","Not Applicable"
"CR-0000088239","ACV-0000180437","M","62","","Minor","Driver","Had Not Been Drinking","East","Proceeding Straight","Car","None Apparent","1","Not Applicable","Not Applicable"
"CR-0000088272","ACV-0000180505","M","30","","Unknown","Driver","Impairment Not Known","Unknown","Making Right Turn","Car","None Apparent","1","Not Applicable","Not Applicable"
"CR-0000088267","ACV-0000180495","M","39","","Minor","Driver","Had Not Been Drinking","North","Stopped","Car","None Apparent","1","Not Applicable","Not Applicable"
"CR-0000088247","ACV-0000180452","","0","","Major","Driver","Impairment Not Known","East","Proceeding Straight","Car","Other Violation","1","22350","Speeding"
"CR-0000088281","ACV-0000180523","F","25","","Minor","Driver","Had Not Been Drinking","West","Proceeding Straight","Car","None Apparent","1","Not Applicable","Not Applicable"
"CR-0000088249","ACV-0000180457","F","43","","Major","Driver","Had Not Been Drinking","South","Making Left Turn","Car","None Apparent","1","22107","Unsafe Turn Movement"
"CR-0000088284","ACV-0000180529","M","59","","Not Applicable","Pedestrian","Had Not Been Drinking","South","Proceeding Straight","Pedestrian","None Apparent","1","Not Applicable","Not Applicable"
"CR-0000088286","ACV-0000180532","M","26","","Moderate","Driver","Had Not Been Drinking","East","Changing Lanes","Panel Truck","None Apparent","1","22107","Unsafe Turn Movement"
"CR-0000088287","ACV-0000180533","M","15","","Minor","Bicycle","Had Not Been Drinking","North","Making Left Turn","Bicycle","None Apparent","1","22450","Fail Stop/Sign"
"CR-0000088288","ACV-0000180536","F","52","","Major","Driver","Had Not Been Drinking","South","Proceeding Straight","Car","None Apparent","1","22107","Unsafe Turn Movement"
"CR-0000088287","ACV-0000180534","M","47","","Minor","Driver","Had Not Been Drinking","East","Proceeding Straight","Car","None Apparent","1","Not Applicable","Not Applicable"
"CR-0000088289","ACV-0000180538","M","61","","None","Driver","Impairment Not Known","South","Entering Traffic","Panel Truck","None Apparent","1","Not Applicable","Not Applicable"
"CR-0000088289","ACV-0000180537","F","21","","None","Bicycle","Impairment Not Known","East","Traveling Wrong Way","Scooter Motorized","None Apparent","1","21200","Laws Applied To Bike"
"CR-0000088288","ACV-0000180535","M","50","","Moderate","Driver","Had Not Been Drinking","East","Making Right Turn","Panel Truck","None Apparent","1","22107","Unsafe Turn Movement"
"CR-0000088292","ACV-0000180546","","0","","Major","Parked","Not Applicable","Not Applicable","Parked","Car","None Apparent","1","Not Applicable","Not Applicable"
"CR-0000088290","ACV-0000180540","M","62","","Minor","Driver","Had Not Been Drinking","North","Making Right Turn","Car","None Apparent","1","Not Applicable","Not Applicable"
"CR-0000088291","ACV-0000180542","M","39","","Moderate","Parked","Not Applicable","Not Applicable","Parked","Panel Truck","None Apparent","1","Not Applicable","Not Applicable"
"CR-0000088292","ACV-0000180548","","0","","Minor","Parked","Not Applicable","Not Applicable","Parked","Car","None Apparent","1","Not Applicable","Not Applicable"
"CR-0000088291","ACV-0000180543","","0","","Major","Parked","Not Applicable","Not Applicable","Parked","Panel Truck","None Apparent","1","Not Applicable","Not Applicable"
"CR-0000088292","ACV-0000180545","M","24","","Major","Driver","Had Not Been Drinking","East","Proceeding Straight","Car","Other Violation","1","23152","Driving Drunk"
"CR-0000088290","ACV-0000180539","","0","","Unknown","Driver","Impairment Not Known","North","Entering Traffic","Panel Truck","Other Violation","1","21804","Yield From Driveway/Curb"
"CR-0000088292","ACV-0000180547","","0","","Major","Parked","Not Applicable","Not Applicable","Parked","Car","None Apparent","1","Not Applicable","Not Applicable"
"CR-0000088291","ACV-0000180544","","0","","Minor","Parked","Not Applicable","Not Applicable","Parked","Panel Truck","None Apparent","1","Not Applicable","Not Applicable"
"CR-0000088291","ACV-0000180541","F","31","","Major","Driver","Had Not Been Drinking","North","Other Unsafe Turning","Car","Other Violation","1","22107","Unsafe Turn Movement"
"CR-0000088323","ACV-0000180608","M","20","","Unknown","Driver","Impairment Not Known","South","Proceeding Straight","Car","Other Violation","1","22350","Speeding"
"CR-0000088316","ACV-0000180595","M","24","","Major","Driver","Had Not Been Drinking","East","Proceeding Straight","Car","None Apparent","1","21453","Run Red Light"
"CR-0000088294","ACV-0000180552","F","40","","Major","Driver","Had Not Been Drinking","North","Proceeding Straight","Car","None Apparent","1","Not Applicable","Not Applicable"
"CR-0000088305","ACV-0000180576","M","25","","Moderate","Driver","Had Not Been Drinking","West","Proceeding Straight","Car","None Apparent","1","22350","Speeding"
"CR-0000088315","ACV-0000180594","M","50","","Major","Driver","Had Not Been Drinking","East","Making Left Turn","Panel Truck","None Apparent","1","Not Applicable","Not Applicable"
"CR-0000088310","ACV-0000180585","","0","","Unknown","Driver","Impairment Not Known","Unknown","Unknown","Unknown","Unknown","1","Unknown","Unknown"
"CR-0000088293","ACV-0000180550","M","28","","Minor","Driver","Had Not Been Drinking","East","Making Left Turn","Panel Truck","Unknown","1","Not Applicable","Not Applicable"
"CR-0000088317","ACV-0000180597","M","43","","Minor","Driver","Had Not Been Drinking","West","Proceeding Straight","Car","Vision Obscurement","1","21950","Yield Pedestrian In Crosswalk"
"CR-0000088302","ACV-0000180570","","0","","Unknown","Driver","Impairment Not Known","East","Making Right Turn","Car","Other Violation","1","22350","Speeding"
"CR-0000088303","ACV-0000180572","","0","","Unknown","Driver","Impairment Not Known","East","Passing Other Vehicles","Car","Other Violation","1","21750","Passing On Left"
"CR-0000088294","ACV-0000180551","M","37","","Major","Driver","Had Not Been Drinking","West","Proceeding Straight","Emergency Vehicle","None Apparent","1","21453","Run Red Light"
"CR-0000088298","ACV-0000180561","M","59","","Moderate","Driver","Had Been Drinking - Under Influence","North","Proceeding Straight","Car","Under Influence","1","22350","Speeding"
"CR-0000088323","ACV-0000180610","M","41","","Moderate","Parked","Not Applicable","Not Applicable","Parked","Car","None Apparent","1","Not Applicable","Not Applicable"
"CR-0000088297","ACV-0000180559","","0","","Major","Parked","Not Applicable","Not Applicable","Parked","Panel Truck","None Apparent","1","Not Applicable","Not Applicable"
"CR-0000088314","ACV-0000180591","M","21","","Minor","Driver","Had Not Been Drinking","North","Proceeding Straight","Panel Truck","Inattention","1","21453","Run Red Light"
"CR-0000088295","ACV-0000180553","M","34","","Minor","Driver","Had Not Been Drinking","South","Proceeding Straight","Car","Inattention","1","21703","Follow Too Closely"
"CR-0000088323","ACV-0000180611","M","63","","Moderate","Parked","Not Applicable","Not Applicable","Parked","Panel Truck","None Apparent","1","Not Applicable","Not Applicable"
"CR-0000088312","ACV-0000180588","","0","","Major","Driver","Impairment Not Known","West","Crossing Into Opposing Lane","Car","Other Violation","1","22350","Speeding"
"CR-0000088298","ACV-0000180562","","0","","Moderate","Parked","Not Applicable","Not Applicable","Parked","Panel Truck","None Apparent","1","Not Applicable","Not Applicable"
"CR-0000088306","ACV-0000180578","","0","","Moderate","Driver","Impairment Not Known","North","Proceeding Straight","Car","Other Violation","1","22350","Speeding"
"CR-0000088309","ACV-0000180584","M","37","","Not Applicable","Bicycle","Had Not Been Drinking","South","Proceeding Straight","Bicycle","Unknown","1","Not Applicable","Not Applicable"
"CR-0000088319","ACV-0000180600","M","40","","Minor","Driver","Had Not Been Drinking","North","Proceeding Straight","Car","Inattention","1","21453","Run Red Light"
"CR-0000088322","ACV-0000180606","","0","","Unknown","Driver","Impairment Not Known","East","Making Right Turn","Car","Other Violation","1","22107","Unsafe Turn Movement"
"CR-0000088311","ACV-0000180587","M","23","","Major","Driver","Impairment Not Known","East","Proceeding Straight","Car","Other Violation","1","22350","Speeding"
"CR-0000088306","ACV-0000180579","","0","","Minor","Parked","Not Applicable","Not Applicable","Parked","Panel Truck","None Apparent","1","Not Applicable","Not Applicable"
"CR-0000088324","ACV-0000180612","M","61","","Minor","Driver","Had Been Drinking - Under Influence","North","Making Left Turn","Panel Truck","Other Violation","1","22107","Unsafe Turn Movement"
"CR-0000088296","ACV-0000180556","M","23","","Major","Driver","Impairment Not Known","South","Other","Car","Other Violation","1","23103","Reckless Driving 2"
"CR-0000088303","ACV-0000180573","M","40","","Minor","Driver","Had Not Been Drinking","East","Proceeding Straight","Car","None Apparent","1","Not Applicable","Not Applicable"
"CR-0000088293","ACV-0000180549","F","29","","None","Driver","Had Not Been Drinking","East","Making Left Turn","Emergency Vehicle","Inattention","1","21703","Follow Too Closely"
"CR-0000088297","ACV-0000180560","","0","","Minor","Parked","Not Applicable","Not Applicable","Parked","Car","None Apparent","1","Not Applicable","Not Applicable"
"CR-0000088299","ACV-0000180566","M","0","","Unknown","Driver","Had Been Drinking - Impairment Unknown","South","Passing Other Vehicles","Car","Other Violation","1","22107","Unsafe Turn Movement"
"CR-0000088304","ACV-0000180575","M","30","","Minor","Driver","Had Been Drinking - Not Under Influence","West","Stopped","Car","Unknown","1","Not Applicable","Not Applicable"
"CR-0000088313","ACV-0000180590","F","45","","Moderate","Driver","Had Not Been Drinking","South","Proceeding Straight","Car","None Apparent","1","Not Applicable","Not Applicable"
"CR-0000088316","ACV-0000180596","M","64","","Major","Driver","Had Not Been Drinking","South","Proceeding Straight","Car","None Apparent","1","Not Applicable","Not Applicable"
"CR-0000088297","ACV-0000180557","M","27","","Major","Driver","Had Not Been Drinking","North","Proceeding Straight","Car","Other Violation","1","00001","Other Improper Driving"
"CR-0000088295","ACV-0000180554","M","30","","Moderate","Driver","Had Not Been Drinking","South","Proceeding Straight","Car","Unknown","1","Not Applicable","Not Applicable"
"CR-0000088319","ACV-0000180601","M","61","","Moderate","Driver","Had Not Been Drinking","East","Proceeding Straight","Motorcycle/Moped","None Apparent","1","Not Applicable","Not Applicable"
"CR-0000088298","ACV-0000180563","","0","","Minor","Parked","Not Applicable","Not Applicable","Parked","Car","None Apparent","1","Not Applicable","Not Applicable"
"CR-0000088320","ACV-0000180602","F","59","","Moderate","Driver","Impairment Not Known","West","Making Right Turn","Car","None Apparent","1","22107","Unsafe Turn Movement"
"CR-0000088297","ACV-0000180558","","0","","Major","Parked","Not Applicable","Not Applicable","Parked","Car","None Apparent","1","Not Applicable","Not Applicable"
"CR-0000088314","ACV-0000180592","M","56","","Moderate","Driver","Had Not Been Drinking","East","Making Left Turn","Car","None Apparent","1","Not Applicable","Not Applicable"
"CR-0000088301","ACV-0000180568","","0","","Moderate","Driver","Impairment Not Known","East","Other Unsafe Turning","Car","Other Violation","1","22107","Unsafe Turn Movement"
"CR-0000088313","ACV-0000180589","","0","","Minor","Parked","Not Applicable","Not Applicable","Parked","Car With Trailer","None Apparent","1","22500","Parking Unlawfully"
"CR-0000088305","ACV-0000180577","M","21","","Major","Driver","Had Not Been Drinking","West","Proceeding Straight","Car","None Apparent","1","Not Applicable","Not Applicable"
"CR-0000088304","ACV-0000180574","M","23","","Minor","Driver","Had Been Drinking - Not Under Influence","West","Changing Lanes","Car","Unknown","1","22107","Unsafe Turn Movement"
"CR-0000088309","ACV-0000180583","M","0","","Unknown","Driver","Impairment Not Known","West","Making Right Turn","Car","Other Violation","1","22107","Unsafe Turn Movement"
"CR-0000088301","ACV-0000180569","","0","","Moderate","Parked","Not Applicable","Not Applicable","Parked","Car","Unknown","1","Not Applicable","Not Applicable"
"CR-0000088298","ACV-0000180564","F","0","","Minor","Parked","Not Applicable","Not Applicable","Parked","Car","None Apparent","1","Not Applicable","Not Applicable"
"CR-0000088302","ACV-0000180571","F","23","","Minor","Driver","Impairment Not Known","East","Stopped","Car","None Apparent","1","Not Applicable","Not Applicable"
"CR-0000088318","ACV-0000180599","","0","","None","Driver","Impairment Not Known","East","Proceeding Straight","Car With Trailer","Other Violation","1","22350","Speeding"
"CR-0000088320","ACV-0000180603","F","72","","Moderate","Driver","Impairment Not Known","East","Proceeding Straight","Car","None Apparent","1","Not Applicable","Not Applicable"
"CR-0000088315","ACV-0000180593","M","59","","Major","Driver","Had Not Been Drinking","West","Proceeding Straight","Car","Inattention","1","21453","Run Red Light"
"CR-0000088317","ACV-0000180598","M","53","","Not Applicable","Bicycle","Had Not Been Drinking","North","Proceeding Straight","Bicycle","None Apparent","1","Not Applicable","Not Applicable"
"CR-0000088307","ACV-0000180581","M","21","","Major","Driver","Had Been Drinking - Under Influence","West","Making Left Turn","Car","Unknown","1","22350","Speeding"
"CR-0000088323","ACV-0000180609","F","49","","Moderate","Parked","Not Applicable","Not Applicable","Parked","Car","None Apparent","1","Not Applicable","Not Applicable"
"CR-0000088300","ACV-0000180567","F","19","","Totaled","Driver","Impairment Not Known","North","Other Unsafe Turning","Car","None Apparent","1","22350","Speeding"
"CR-0000088322","ACV-0000180607","M","35","","Unknown","Driver","Impairment Not Known","East","Making Right Turn","Car","None Apparent","1","Not Applicable","Not Applicable"
"CR-0000088299","ACV-0000180565","M","49","","Moderate","Driver","Had Not Been Drinking","South","Proceeding Straight","Car","None Apparent","1","Not Applicable","Not Applicable"
"CR-0000088308","ACV-0000180582","F","57","","Moderate","Driver","Had Been Drinking - Under Influence","North","Ran Off Road","Car","Other Violation","1","22107","Unsafe Turn Movement"
"CR-0000088295","ACV-0000180555","F","18","","Minor","Driver","Had Not Been Drinking","South","Proceeding Straight","Car","Unknown","1","Not Applicable","Not Applicable"
"CR-0000088321","ACV-0000180605","","0","","Minor","Parked","Not Applicable","Not Applicable","Parked","Panel Truck","None Apparent","1","Not Applicable","Not Applicable"
"CR-0000088310","ACV-0000180586","","0","","Unknown","Parked","Not Applicable","Not Applicable","Parked","Car","Unknown","1","Unknown","Unknown"
"CR-0000088321","ACV-0000180604","M","25","","Unknown","Driver","Impairment Not Known","East","Proceeding Straight","Car","Other Violation","1","22350","Speeding"
"CR-0000088306","ACV-0000180580","","0","","Minor","Parked","Not Applicable","Not Applicable","Parked","Car","None Apparent","1","Not Applicable","Not Applicable"
"CR-0000088335","ACV-0000180634","M","22","","Major","Driver","Had Not Been Drinking","West","Making Left Turn","Car","None Apparent","1","22350","Speeding"
"CR-0000088344","ACV-0000180650","","0","","Unknown","Driver","Impairment Not Known","West","Proceeding Straight","Car","Other Violation","1","22350","Speeding"
"CR-0000088337","ACV-0000180637","M","57","","Unknown","Driver","Impairment Not Known","North","Proceeding Straight","Car","Other Violation","1","21453","Run Red Light"
"CR-0000088339","ACV-0000180642","M","48","","Moderate","Driver","Had Not Been Drinking","South","Proceeding Straight","Car","None Apparent","1","Not Applicable","Not Applicable"
"CR-0000088328","ACV-0000180620","","0","","Moderate","Parked","Not Applicable","Not Applicable","Parked","Car","None Apparent","1","Not Applicable","Not Applicable"
"CR-0000088331","ACV-0000180626","F","56","","Minor","Driver","Had Not Been Drinking","East","Proceeding Straight","Car","Other Violation","1","22107","Unsafe Turn Movement"
"CR-0000088344","ACV-0000180651","","0","","Unknown","Parked","Not Applicable","Unknown","Parked","Car","None Apparent","1","Not Applicable","Not Applicable"
"CR-0000088345","ACV-0000180656","","0","","Minor","Parked","Not Applicable","Not Applicable","Parked","Car","None Apparent","1","Not Applicable","Not Applicable"
"CR-0000088334","ACV-0000180633","F","20","","Major","Driver","Impairment Not Known","South","Entering Traffic","Car","None Apparent","1","Not Applicable","Not Applicable"
"CR-0000088326","ACV-0000180616","M","58","","Major","Driver","Had Been Drinking - Under Influence","North","Proceeding Straight","Car","Other Violation","1","22350","Speeding"
"CR-0000088339","ACV-0000180641","M","28","","Moderate","Driver","Had Not Been Drinking","East","Proceeding Straight","Panel Truck","Inattention","1","21453","Run Red Light"
"CR-0000088340","ACV-0000180644","M","42","","Major","Driver","Had Been Drinking - Not Under Influence","West","Proceeding Straight","Car","None Apparent","1","Not Applicable","Not Applicable"
"CR-0000088332","ACV-0000180628","M","34","","Not Applicable","Bicycle","Not Applicable","East","Proceeding Straight","Bicycle","Unfamiliar With Road","1","21202","Wrong Way Bike"
"CR-0000088330","ACV-0000180625","","0","","Moderate","Parked","Not Applicable","Not Applicable","Parked","Car","None Apparent","1","Not Applicable","Not Applicable"
"CR-0000088342","ACV-0000180647","M","0","","Minor","Driver","Impairment Not Known","South","Proceeding Straight","Car","None Apparent","1","Not Applicable","Not Applicable"
"CR-0000088343","ACV-0000180649","F","31","","Major","Driver","Had Not Been Drinking","South","Making Left Turn","Car","None Apparent","1","Not Applicable","Not Applicable"
"CR-0000088345","ACV-0000180652","M","42","","Minor","Driver","Had Been Drinking - Under Influence","North","Proceeding Straight","Panel Truck","Other Violation","1","23152","Driving Drunk"
"CR-0000088340","ACV-0000180643","F","20","","Major","Driver","Had Been Drinking - Not Under Influence","East","Making Left Turn","Car","None Apparent","1","21801","Yield Left Turn"
"CR-0000088345","ACV-0000180653","","0","","Major","Parked","Not Applicable","Not Applicable","Parked","Car","None Apparent","1","Not Applicable","Not Applicable"
"CR-0000088338","ACV-0000180639","F","33","","None","Driver","Had Not Been Drinking","North","Making Left Turn","Panel Truck","None Apparent","1","22107","Unsafe Turn Movement"
"CR-0000088337","ACV-0000180638","M","69","","Major","Driver","Had Not Been Drinking","West","Proceeding Straight","Car","None Apparent","1","Not Applicable","Not Applicable"
"CR-0000088336","ACV-0000180635","M","30","","Moderate","Driver","Had Been Drinking - Under Influence","North","Proceeding Straight","Car","None Apparent","1","22350","Speeding"
"CR-0000088345","ACV-0000180654","","0","","Major","Parked","Not Applicable","Not Applicable","Parked","Car","None Apparent","1","Not Applicable","Not Applicable"
"CR-0000088346","ACV-0000180657","","0","","Major","Driver","Impairment Not Known","West","Proceeding Straight","Car","Other Violation","1","22107","Unsafe Turn Movement"
"CR-0000088329","ACV-0000180623","M","22","","Not Applicable","Driver","Impairment Not Known","Unknown","Proceeding Straight","Car","None Apparent","1","Not Applicable","Not Applicable"
"CR-0000088347","ACV-0000180660","","0","","Moderate","Driver","Impairment Not Known","South","Other Unsafe Turning","Car","Other Violation","1","22107","Unsafe Turn Movement"
"CR-0000088333","ACV-0000180630","F","51","","Unknown","Driver","Impairment Not Known","East","Making U-Turn","Car","Inattention","1","22350","Speeding"
"CR-0000088325","ACV-0000180613","M","26","","Major","Driver","Impairment Not Known","North","Ran Off Road","Panel Truck","None Apparent","1","22107","Unsafe Turn Movement"
"CR-0000088332","ACV-0000180629","M","41","","Unknown","Parked","Not Applicable","Not Applicable","Parked","Car","Other Violation","1","Not Applicable","Not Applicable"
"CR-0000088343","ACV-0000180648","F","26","","Major","Driver","Had Not Been Drinking","North","Proceeding Straight","Car","Other Violation","1","21453","Run Red Light"
"CR-0000088328","ACV-0000180619","M","20","","Totaled","Driver","Impairment Not Known","East","Other Unsafe Turning","Car","None Apparent","1","22107","Unsafe Turn Movement"
"CR-0000088346","ACV-0000180658","","0","","Major","Parked","Not Applicable","Not Applicable","Parked","Car","None Apparent","1","Not Applicable","Not Applicable"
"CR-0000088347","ACV-0000180661","","0","","Moderate","Parked","Not Applicable","Not Applicable","Parked","Car","Unknown","1","Not Applicable","Not Applicable"
"CR-0000088331","ACV-0000180627","","0","","Minor","Parked","Not Applicable","Not Applicable","Parked","Car","None Apparent","1","Not Applicable","Not Applicable"
"CR-0000088325","ACV-0000180614","F","39","","Major","Parked","Not Applicable","Not Applicable","Parked","Car","None Apparent","1","Not Applicable","Not Applicable"
"CR-0000088327","ACV-0000180617","M","0","","Unknown","Driver","Impairment Not Known","West","Proceeding Straight","Car","Other Violation","1","21703","Follow Too Closely"
"CR-0000088346","ACV-0000180659","","0","","Minor","Parked","Not Applicable","Not Applicable","Parked","Car","None Apparent","1","Not Applicable","Not Applicable"
"CR-0000088345","ACV-0000180655","","0","","Minor","Parked","Not Applicable","Not Applicable","Parked","Car","None Apparent","1","Not Applicable","Not Applicable"
"CR-0000088330","ACV-0000180624","","0","","Unknown","Driver","Impairment Not Known","East","Proceeding Straight","Unknown","Other Violation","1","22350","Speeding"
"CR-0000088341","ACV-0000180645","","0","","Unknown","Driver","Impairment Not Known","South","Proceeding Straight","Car","Other Violation","1","22350","Speeding"
"CR-0000088341","ACV-0000180646","","0","","Moderate","Parked","Not Applicable","Not Applicable","Parked","Car","None Apparent","1","Not Applicable","Not Applicable"
"CR-0000088338","ACV-0000180640","F","48","","Not Applicable","Pedestrian","Had Not Been Drinking","North","Proceeding Straight","Pedestrian","None Apparent","1","Not Applicable","Not Applicable"
"CR-0000088325","ACV-0000180615","","0","","Moderate","Parked","Not Applicable","Not Applicable","Parked","Car","None Apparent","1","Not Applicable","Not Applicable"
"CR-0000088334","ACV-0000180632","M","55","","Major","Driver","Impairment Not Known","North","Proceeding Straight","Car","None Apparent","1","22350","Speeding"
"CR-0000088327","ACV-0000180618","F","45","","Minor","Driver","Had Not Been Drinking","West","Stopped","Car","None Apparent","1","Not Applicable","Not Applicable"
"CR-0000088328","ACV-0000180621","","0","","Minor","Parked","Not Applicable","Not Applicable","Parked","Panel Truck","None Apparent","1","Not Applicable","Not Applicable"
"CR-0000088333","ACV-0000180631","M","53","","Not Applicable","Bicycle","Impairment Not Known","East","Stopped","Bicycle","None Apparent","1","Not Applicable","Not Applicable"
"CR-0000088329","ACV-0000180622","M","68","","Unknown","Driver","Impairment Not Known","Unknown","Proceeding Straight","Car","None Apparent","1","Unknown","Unknown"
"CR-0000088336","ACV-0000180636","F","50","","Moderate","Driver","Had Not Been Drinking","North","Stopped","Car","None Apparent","1","Not Applicable","Not Applicable"
"CR-0000088350","ACV-0000180665","F","17","","Major","Driver","Had Been Drinking - Not Under Influence","West","Proceeding Straight","Car","Unknown","1","Unknown","Unknown"
"CR-0000088368","ACV-0000180697","","0","","Moderate","Driver","Impairment Not Known","West","Making Right Turn","Other","Other Violation","1","22107","Unsafe Turn Movement"
"CR-0000088349","ACV-0000180664","M","28","","Minor","Driver","Had Been Drinking - Under Influence","North","Ran Off Road","Panel Truck","Under Influence","1","21658","Unsafe Lane Change"
"CR-0000088351","ACV-0000180669","M","36","","Minor","Driver","Had Not Been Drinking","West","Stopped","Bus - Other","None Apparent","1","Not Applicable","Not Applicable"
"CR-0000088362","ACV-0000180689","","0","","Unknown","Driver","Impairment Not Known","South","Proceeding Straight","Car","Unknown","1","Unknown","Unknown"
"CR-0000088352","ACV-0000180670","F","37","","None","Driver","Impairment Not Known","East","Proceeding Straight","Car","None Apparent","1","21950","Yield Pedestrian In Crosswalk"
"CR-0000088359","ACV-0000180685","","0","","Minor","Parked","Not Applicable","Not Applicable","Parked","Car","None Apparent","1","Not Applicable","Not Applicable"
"CR-0000088350","ACV-0000180667","","0","","Unknown","Parked","Not Applicable","Not Applicable","Parked","Car","Unknown","1","Unknown","Unknown"
"CR-0000088366","ACV-0000180694","F","21","","Minor","Driver","Had Not Been Drinking","South","Making U-Turn","Car","Unknown","1","21801","Yield Left Turn"
"CR-0000088369","ACV-0000180699","","0","","Major","Driver","Impairment Not Known","West","Proceeding Straight","Car","Other Violation","1","23103","Reckless Driving 2"
"CR-0000088361","ACV-0000180687","M","25","","Major","Driver","Impairment Not Known","South","Ran Off Road","Car","Unknown","1","22350","Speeding"
"CR-0000088358","ACV-0000180683","F","26","","Moderate","Driver","Had Not Been Drinking","East","Proceeding Straight","Car","None Apparent","1","Not Applicable","Not Applicable"
"CR-0000088369","ACV-0000180700","","0","","Moderate","Parked","Not Applicable","Not Applicable","Parked","Car","Unknown","1","Not Applicable","Not Applicable"
"CR-0000088359","ACV-0000180684","","0","","Moderate","Driver","Impairment Not Known","East","Traveling Wrong Way","Car","Other Violation","1","21651","Divided Highway"
"CR-0000088352","ACV-0000180671","F","25","","Not Applicable","Pedestrian","Impairment Not Known","North","Proceeding Straight","Pedestrian","None Apparent","1","Not Applicable","Not Applicable"
"CR-0000088368","ACV-0000180698","","0","","Moderate","Parked","Not Applicable","Not Applicable","Parked","Car","Unknown","1","Not Applicable","Not Applicable"
"CR-0000088351","ACV-0000180668","","0","","Unknown","Driver","Impairment Not Known","West","Proceeding Straight","Car","Other Violation","1","22107","Unsafe Turn Movement"
"CR-0000088355","ACV-0000180676","M","22","","Moderate","Driver","Impairment Not Known","North","Making Right Turn","Car","Other Violation","1","21703","Follow Too Closely"
"CR-0000088366","ACV-0000180695","F","73","","Minor","Driver","Had Not Been Drinking","South","Proceeding Straight","Car","Unknown","1","Not Applicable","Not Applicable"
"CR-0000088373","ACV-0000180707","","0","","Unknown","Parked","Not Applicable","Not Applicable","Parked","Car","Unknown","1","Unknown","Unknown"
"CR-0000088364","ACV-0000180692","","0","","Unknown","Driver","Impairment Not Known","South","Making Left Turn","Car","Other Violation","1","22107","Unsafe Turn Movement"
"CR-0000088370","ACV-0000180701","M","54","","Unknown","Driver","Impairment Not Known","Unknown","Stopped","Car","Unknown","1","Unknown","Unknown"
"CR-0000088373","ACV-0000180708","","0","","Unknown","Driver","Impairment Not Known","Unknown","Unknown","Unknown","Unknown","1","Unknown","Unknown"
"CR-0000088348","ACV-0000180663","F","25","","Unknown","Driver","Impairment Not Known","Unknown","Changing Lanes","Car","Unknown","1","Unknown","Unknown"
"CR-0000088370","ACV-0000180702","M","44","","Unknown","Driver","Impairment Not Known","Unknown","Proceeding Straight","Panel Truck","Unknown","1","Unknown","Unknown"
"CR-0000088371","ACV-0000180703","F","34","","Unknown","Driver","Impairment Not Known","Unknown","Making Left Turn","Car","Unknown","1","Unknown","Unknown"
"CR-0000088362","ACV-0000180688","M","39","","Unknown","Driver","Impairment Not Known","South","Stopped","Car","Unknown","1","Unknown","Unknown"
"CR-0000088364","ACV-0000180693","M","25","","Major","Driver","Had Not Been Drinking","West","Stopped","Motorcycle/Moped","Unknown","1","Not Applicable","Not Applicable"
"CR-0000088366","ACV-0000180696","F","28","","Minor","Driver","Had Not Been Drinking","North","Stopped","Car","Unknown","1","Not Applicable","Not Applicable"
"CR-0000088363","ACV-0000180690","M","0","","Unknown","Driver","Impairment Not Known","East","Proceeding Straight","Panel Truck","Other Violation","1","22350","Speeding"
"CR-0000088372","ACV-0000180705","M","70","","Unknown","Driver","Impairment Not Known","North","Making Right Turn","Panel Truck","Unknown","1","Unknown","Unknown"
"CR-0000088354","ACV-0000180674","M","48","","Minor","Driver","Had Not Been Drinking","West","Proceeding Straight","Car","None Apparent","1","Not Applicable","Not Applicable"