"CrashName","Name","Sex","Age","Speed","VehicleDamage","PartyCategory","Sobriety","VehicleDirection","MovementPrecedingCollision","PartyType","OtherAssociatedFactor","VehicleCount","ViolationCode","ViolationCodeDescription"
"CR-0000088371","ACV-0000180704","","0","","Unknown","Driver","Impairment Not Known","Unknown","Making Left Turn","Semi Truck","Unknown","1","Unknown","Unknown"
"CR-0000088360","ACV-0000180686","F","85","","Moderate","Driver","Impairment Not Known","South","Ran Off Road","Car","Uninvolved Vehicle","1","21663","Driving On Sidewalk"
"CR-0000088356","ACV-0000180680","","0","","Major","Parked","Not Applicable","Not Applicable","Parked","Car","Unknown","1","Not Applicable","Not Applicable"
"CR-0000088350","ACV-0000180666","M","65","","Major","Driver","Had Been Drinking - Not Under Influence","North","Proceeding Straight","Car","Unknown","1","Unknown","Unknown"
"CR-0000088355","ACV-0000180677","M","66","","Moderate","Driver","Had Not Been Drinking","North","Making Right Turn","Panel Truck","None Apparent","1","Not Applicable","Not Applicable"
"CR-0000088356","ACV-0000180678","M","31","","Major","Driver","Impairment Not Known","East","Ran Off Road","Car","Other Violation","1","22350","Speeding"
"CR-0000088356","ACV-0000180679","","0","","Minor","Parked","Not Applicable","Not Applicable","Parked","Car","Unknown","1","Not Applicable","Not Applicable"
"CR-0000088348","ACV-0000180662","M","0","","Unknown","Driver","Impairment Not Known","Unknown","Proceeding Straight","Car","Unknown","1","Unknown","Unknown"
"CR-0000088354","ACV-0000180675","M","75","","Not Applicable","Pedestrian","Had Been Drinking - Under Influence","North","Other (Ped)","Pedestrian","None Apparent","1","21456","Pedestrian Don't Walk"
"CR-0000088363","ACV-0000180691","F","31","","Minor","Driver","Impairment Not Known","East","Stopped","Car","Unknown","1","Not Applicable","Not Applicable"
"CR-0000088353","ACV-0000180672","F","33","","Major","Driver","Had Been Drinking - Under Influence","North","Changing Lanes","Car","Other Violation","1","22107","Unsafe Turn Movement"
"CR-0000088372","ACV-0000180706","F","0","","Unknown","Driver","Impairment Not Known","North","Changing Lanes","Car","Unknown","1","Unknown","Unknown"
"CR-0000088353","ACV-0000180673","","0","","Minor","Parked","Not Applicable","Not Applicable","Parked","Panel Truck","Unknown","1","Not Applicable","Not Applicable"
"CR-0000088357","ACV-0000180681","F","61","","Moderate","Driver","Impairment Not Known","North","Ran Off Road","Car","Other","1","21651","Divided Highway"
"CR-0000088358","ACV-0000180682","M","36","","Minor","Driver","Had Not Been Drinking","West","Making Left Turn","Panel Truck","None Apparent","1","21453","Run Red Light"
"CR-0000088375","ACV-0000180711","","0","","Unknown","Parked","Not Applicable","Not Applicable","Parked","Car","Unknown","1","Unknown","Unknown"
"CR-0000088377","ACV-0000180717","M","79","","Minor","Driver","Had Not Been Drinking","West","Slowing/Stopping","Car","Unknown","1","Not Applicable","Not Applicable"
"CR-0000088378","ACV-0000180718","M","74","","Moderate","Driver","Impairment Physical","North","Proceeding Straight","Car","Other","1","22350","Speeding"
"CR-0000088375","ACV-0000180712","","0","","Unknown","Driver","Impairment Not Known","Unknown","Unknown","Unknown","Unknown","1","Unknown","Unknown"
"CR-0000088376","ACV-0000180713","M","11","","Not Applicable","Bicycle","Had Not Been Drinking","West","Entering Traffic","Bicycle","Vision Obscurement","1","22106","Unsafe Backing"
"CR-0000088376","ACV-0000180714","F","22","","Minor","Driver","Had Not Been Drinking","North","Proceeding Straight","Car","Vision Obscurement","1","Not Applicable","Not Applicable"
"CR-0000088377","ACV-0000180715","F","63","","Major","Driver","Had Not Been Drinking","West","Proceeding Straight","Car","Inattention","1","22350","Speeding"
"CR-0000088377","ACV-0000180716","F","42","","Minor","Driver","Had Not Been Drinking","West","Slowing/Stopping","Car","Unknown","1","Not Applicable","Not Applicable"
"CR-0000088378","ACV-0000180719","F","40","","Minor","Driver","Had Not Been Drinking","North","Stopped","Car","None Apparent","1","Not Applicable","Not Applicable"
"CR-0000088374","ACV-0000180709","","0","","Unknown","Parked","Not Applicable","Not Applicable","Parked","Car","Unknown","1","Unknown","Unknown"
"CR-0000088374","ACV-0000180710","","0","","Unknown","Driver","Impairment Not Known","Unknown","Unknown","Unknown","Unknown","1","Unknown","Unknown"
"CR-0000088378","ACV-0000180720","F","59","","Minor","Driver","Had Not Been Drinking","North","Stopped","Car","None Apparent","1","Not Applicable","Not Applicable"
"CR-0000088380","ACV-0000180721","M","37","","Major","Driver","Impairment Not Known","East","Ran Off Road","Panel Truck","Unknown","1","23103","Reckless Driving 2"
"CR-0000088396","ACV-0000180752","M","24","","Unknown","Driver","Impairment Not Known","Unknown","Proceeding Straight","Car","Unknown","1","Unknown","Unknown"
"CR-0000088391","ACV-0000180741","","0","","Unknown","Parked","Not Applicable","Not Applicable","Parked","Car","Unknown","1","Unknown","Unknown"
"CR-0000088389","ACV-0000180739","F","31","","Moderate","Driver","Impairment Not Known","South","Proceeding Straight","Car","None Apparent","1","Not Applicable","Not Applicable"
"CR-0000088383","ACV-0000180726","M","22","","Major","Driver","Had Not Been Drinking","West","Proceeding Straight","Car","Other Violation","1","00001","Other Improper Driving"
"CR-0000088396","ACV-0000180753","M","57","","Unknown","Driver","Impairment Not Known","Unknown","Making Right Turn","Car","Unknown","1","Unknown","Unknown"
"CR-0000088393","ACV-0000180747","F","49","","Minor","Driver","Had Not Been Drinking","West","Making Right Turn","Car","None Apparent","1","Not Applicable","Not Applicable"
"CR-0000088399","ACV-0000180758","M","20","","Major","Driver","Impairment Not Known","North","Proceeding Straight","Car","Other Violation","1","00001","Other Improper Driving"
"CR-0000088397","ACV-0000180757","M","36","","Major","Driver","Not Applicable","South","Proceeding Straight","Car","None Apparent","1","21802","Yield Stop Sign"
"CR-0000088395","ACV-0000180748","M","10","","Not Applicable","Pedestrian","Had Not Been Drinking","West","Other (Ped)","Pedestrian","Vision Obscurement","1","21954","Pedestrian Yield Car"
"CR-0000088391","ACV-0000180742","","0","","Unknown","Driver","Impairment Not Known","Unknown","Unknown","Unknown","Unknown","1","Unknown","Unknown"
"CR-0000088395","ACV-0000180751","","39","","None","Driver","Had Not Been Drinking","South","Proceeding Straight","Car","Stop And Go Traffic","1","Not Applicable","Not Applicable"
"CR-0000088384","ACV-0000180729","","0","","Minor","Parked","Not Applicable","Not Applicable","Parked","Emergency Vehicle","Unknown","1","Not Applicable","Not Applicable"
"CR-0000088400","ACV-0000180760","F","32","","Minor","Driver","Had Not Been Drinking","North","Making Right Turn","Car","None Apparent","1","22350","Speeding"
"CR-0000088392","ACV-0000180743","M","62","","None","Driver","Had Not Been Drinking","West","Entering Traffic","Panel Truck","Unknown","1","21804","Yield From Driveway/Curb"
"CR-0000088388","ACV-0000180736","","0","","Moderate","Driver","Impairment Not Known","South","Making Left Turn","Car","Other Violation","1","22350","Speeding"
"CR-0000088382","ACV-0000180724","M","42","","Minor","Driver","Had Not Been Drinking","North","Making Left Turn","Car","Unknown","1","21802","Yield Stop Sign"
"CR-0000088385","ACV-0000180730","M","35","","Minor","Driver","Had Not Been Drinking","North","Proceeding Straight","Car","Other Violation","1","22106","Unsafe Backing"
"CR-0000088398","ACV-0000180755","M","0","","Moderate","Driver","Impairment Not Known","West","Proceeding Straight","Car","Other Violation","1","22350","Speeding"
"CR-0000088397","ACV-0000180754","F","49","","Major","Driver","Not Applicable","East","Making Left Turn","Car","None Apparent","1","21802","Yield Stop Sign"
"CR-0000088382","ACV-0000180725","M","41","","Moderate","Driver","Had Not Been Drinking","East","Proceeding Straight","Motorcycle/Moped","Unknown","1","Not Applicable","Not Applicable"
"CR-0000088390","ACV-0000180740","","0","","Unknown","Parked","Not Applicable","Not Applicable","Parked","Car","Unknown","1","Unknown","Unknown"
"CR-0000088399","ACV-0000180759","","0","","Minor","Parked","Not Applicable","Not Applicable","Parked","Car","Unknown","1","Not Applicable","Not Applicable"
"CR-0000088386","ACV-0000180732","","0","","Unknown","Driver","Impairment Not Known","North","Making Right Turn","Car","Other Violation","1","22350","Speeding"
"CR-0000088383","ACV-0000180727","F","21","","Major","Driver","Had Not Been Drinking","North","Proceeding Straight","Car","None Apparent","1","Not Applicable","Not Applicable"
"CR-0000088386","ACV-0000180733","F","30","","Moderate","Driver","Impairment Not Known","East","Proceeding Straight","Car","Unknown","1","Not Applicable","Not Applicable"
"CR-0000088393","ACV-0000180746","F","40","","Minor","Driver","Had Not Been Drinking","West","Stopped","Car","None Apparent","1","Not Applicable","Not Applicable"
"CR-0000088388","ACV-0000180737","","0","","Major","Parked","Not Applicable","Not Applicable","Parked","Car","None Apparent","1","Not Applicable","Not Applicable"
"CR-0000088394","ACV-0000180749","F","25","","Major","Driver","Had Not Been Drinking","South","Making Left Turn","Car","None Apparent","1","21801","Yield Left Turn"
"CR-0000088379","ACV-0000180722","M","47","","Major","Driver","Had Not Been Drinking","East","Proceeding Straight","Car","Inattention","1","22350","Speeding"
"CR-0000088384","ACV-0000180728","M","40","","Unknown","Driver","Had Been Drinking - Under Influence","South","Proceeding Straight","Car","Other Violation","1","00001","Other Improper Driving"
"CR-0000088385","ACV-0000180731","F","32","","Minor","Driver","Had Not Been Drinking","North","Stopped","Car","Unknown","1","Not Applicable","Not Applicable"
"CR-0000088389","ACV-0000180738","","0","","Unknown","Driver","Impairment Not Known","South","Making Left Turn","Car","Other Violation","1","21801","Yield Left Turn"
"CR-0000088398","ACV-0000180756","M","49","","Moderate","Driver","Had Not Been Drinking","South","Stopped","Car","Unknown","1","Not Applicable","Not Applicable"
"CR-0000088379","ACV-0000180723","F","56","","Major","Driver","Had Not Been Drinking","East","Making Left Turn","Car","None Apparent","1","Not Applicable","Not Applicable"
"CR-0000088394","ACV-0000180750","M","67","","Major","Driver","Had Not Been Drinking","North","Proceeding Straight","Car","None Apparent","1","Not Applicable","Not Applicable"
"CR-0000088400","ACV-0000180761","F","57","","Not Applicable","Bicycle","Had Not Been Drinking","North","Proceeding Straight","Bicycle","None Apparent","1","Not Applicable","Not Applicable"
"CR-0000088392","ACV-0000180744","M","17","","Not Applicable","Bicycle","Had Not Been Drinking","South","Traveling Wrong Way","Bicycle","Unknown","1","21650","Driving Wrong Side"
"CR-0000088387","ACV-0000180735","M","25","","Moderate","Driver","Had Not Been Drinking","South","Proceeding Straight","Panel Truck","None Apparent","1","Not Applicable","Not Applicable"
"CR-0000088401","ACV-0000180762","F","51","","Moderate","Driver","Had Not Been Drinking","West","Proceeding Straight","Car","None Apparent","1","21453","Run Red Light"
"CR-0000088387","ACV-0000180734","M","32","","Major","Driver","Impairment Not Known","South","Proceeding Straight","Car","Other Violation","1","22350","Speeding"
"CR-0000088393","ACV-0000180745","M","43","","Minor","Driver","Had Not Been Drinking","West","Proceeding Straight","Panel Truck","Stop And Go Traffic","1","22350","Speeding"
"CR-0000088401","ACV-0000180763","F","27","","Moderate","Driver","Had Not Been Drinking","East","Making Left Turn","Car","None Apparent","1","Not Applicable","Not Applicable"
"CR-0000088406","ACV-0000180773","F","31","","Not Applicable","Pedestrian","Impairment Not Known","Not Applicable","Other (Ped)","Pedestrian","None Apparent","1","21954","Pedestrian Yield Car"
"CR-0000088409","ACV-0000180778","M","37","","Not Applicable","Bicycle","Had Not Been Drinking","South","Proceeding Straight","Bicycle","None Apparent","1","Not Applicable","Not Applicable"
"CR-0000088410","ACV-0000180780","","0","","Moderate","Parked","Not Applicable","Not Applicable","Parked","Panel Truck","None Apparent","1","Not Applicable","Not Applicable"
"CR-0000088406","ACV-0000180772","M","32","","Moderate","Driver","Had Not Been Drinking","East","Proceeding Straight","Car","Other Violation","1","Not Applicable","Not Applicable"
"CR-0000088414","ACV-0000180787","M","0","","Not Applicable","Bicycle","Had Not Been Drinking","South","Traveling Wrong Way","Bicycle","None Apparent","1","21650","Driving Wrong Side"
"CR-0000088414","ACV-0000180788","F","26","","Unknown","Driver","Had Not Been Drinking","West","Making Right Turn","Car","None Apparent","1","Not Applicable","Not Applicable"
"CR-0000088412","ACV-0000180783","F","65","","None","Driver","Had Not Been Drinking","South","Making Left Turn","Car","Other Violation","1","22350","Speeding"
"CR-0000088411","ACV-0000180782","M","17","","Major","Driver","Had Not Been Drinking","North","Proceeding Straight","Panel Truck","None Apparent","1","Not Applicable","Not Applicable"
"CR-0000088411","ACV-0000180781","M","61","","Major","Driver","Had Not Been Drinking","South","Making Left Turn","Car","None Apparent","1","22107","Unsafe Turn Movement"
"CR-0000088407","ACV-0000180774","","0","","Unknown","Parked","Not Applicable","Not Applicable","Parked","Panel Truck","Unknown","1","Unknown","Unknown"
"CR-0000088403","ACV-0000180766","F","28","","Unknown","Driver","Impairment Not Known","West","Stopped","Car","Unknown","1","Unknown","Unknown"
"CR-0000088405","ACV-0000180770","F","22","","Moderate","Driver","Had Not Been Drinking","West","Proceeding Straight","Car","Other Violation","1","22350","Speeding"
"CR-0000088405","ACV-0000180771","F","45","","Minor","Driver","Had Not Been Drinking","West","Proceeding Straight","Car","None Apparent","1","Not Applicable","Not Applicable"
"CR-0000088404","ACV-0000180769","","0","","Unknown","Driver","Impairment Not Known","South","Merging","Car","Unknown","1","Unknown","Unknown"
"CR-0000088409","ACV-0000180777","M","73","","Minor","Driver","Had Not Been Drinking","South","Proceeding Straight","Car","None Apparent","1","21209","Driving In Bike Lane"
"CR-0000088410","ACV-0000180779","M","25","","Major","Driver","Had Not Been Drinking","South","Proceeding Straight","Car","None Apparent","1","22350","Speeding"
"CR-0000088402","ACV-0000180764","F","50","","Unknown","Driver","Impairment Not Known","Unknown","Stopped","Panel Truck","Unknown","1","Unknown","Unknown"
"CR-0000088413","ACV-0000180786","M","29","","Not Applicable","Pedestrian","Impairment Not Known","Not Applicable","Other (Ped)","Pedestrian","None Apparent","1","Not Applicable","Not Applicable"
"CR-0000088402","ACV-0000180765","F","0","","Unknown","Driver","Impairment Not Known","Unknown","Proceeding Straight","Car","Unknown","1","Unknown","Unknown"
"CR-0000088412","ACV-0000180784","M","55","","Not Applicable","Pedestrian","Impairment Not Known","North","Proceeding Straight","Pedestrian","None Apparent","1","Not Applicable","Not Applicable"
"CR-0000088407","ACV-0000180775","","0","","Unknown","Driver","Impairment Not Known","Unknown","Unknown","Unknown","Unknown","1","Unknown","Unknown"
"CR-0000088403","ACV-0000180767","","0","","Unknown","Driver","Impairment Not Known","West","Proceeding Straight","Car","Unknown","1","Unknown","Unknown"
"CR-0000088404","ACV-0000180768","M","27","","Unknown","Driver","Impairment Not Known","South","Slowing/Stopping","Car","Unknown","1","Unknown","Unknown"
"CR-0000088408","ACV-0000180776","M","52","","Major","Driver","Had Not Been Drinking","South","Ran Off Road","Car","None Apparent","1","22107","Unsafe Turn Movement"
"CR-0000088413","ACV-0000180785","M","59","","None","Driver","Impairment Not Known","West","Backing","Car","Unknown","1","22106","Unsafe Backing"
"CR-0000088427","ACV-0000180800","","0","","Unknown","Driver","Impairment Not Known","South","Changing Lanes","Unknown","Other Violation","1","21801","Yield Left Turn"
"CR-0000088442","ACV-0000180830","M","54","","Not Applicable","Bicycle","Had Not Been Drinking","East","Proceeding Straight","Bicycle","None Apparent","1","Not Applicable","Not Applicable"
"CR-0000088422","ACV-0000180790","F","76","","Moderate","Driver","Had Not Been Drinking","South","Proceeding Straight","Car","None Apparent","1","Not Applicable","Not Applicable"
"CR-0000088437","ACV-0000180821","M","49","","Moderate","Driver","Had Not Been Drinking","East","Proceeding Straight","Motorcycle/Moped","None Apparent","1","Not Applicable","Not Applicable"
"CR-0000088425","ACV-0000180797","M","64","","Minor","Driver","Impairment Not Known","West","Proceeding Straight","Motorcycle/Moped","None Apparent","1","Not Applicable","Not Applicable"
"CR-0000088436","ACV-0000180819","","0","","Major","Driver","Impairment Not Known","West","Other Unsafe Turning","Car","Other Violation","1","22107","Unsafe Turn Movement"
"CR-0000088426","ACV-0000180798","M","54","","Major","Driver","Had Been Drinking - Under Influence","North","Traveling Wrong Way","Car","Other","1","21651","Divided Highway"
"CR-0000088433","ACV-0000180813","F","31","","Major","Driver","Had Not Been Drinking","East","Proceeding Straight","Car","None Apparent","1","Not Applicable","Not Applicable"
"CR-0000088424","ACV-0000180793","","0","","Moderate","Driver","Impairment Not Known","South","Making Left Turn","Car","Other Violation","1","22107","Unsafe Turn Movement"
"CR-0000088429","ACV-0000180806","","0","","Minor","Parked","Not Applicable","Not Applicable","Parked","Car","None Apparent","1","Not Applicable","Not Applicable"
"CR-0000088423","ACV-0000180792","F","41","","Moderate","Driver","Had Not Been Drinking","East","Stopped","Car","None Apparent","1","Not Applicable","Not Applicable"
"CR-0000088423","ACV-0000180791","F","21","","Major","Driver","Impairment Not Known","West","Traveling Wrong Way","Car","Other Violation","1","21651","Divided Highway"
"CR-0000088438","ACV-0000180822","","0","","Major","Driver","Impairment Not Known","South","Ran Off Road","Car","None Apparent","1","22350","Speeding"
"CR-0000088434","ACV-0000180816","M","53","","Major","Driver","Had Not Been Drinking","East","Making Left Turn","Car","Other Violation","1","21801","Yield Left Turn"
"CR-0000088434","ACV-0000180817","M","22","","Major","Driver","Had Not Been Drinking","West","Proceeding Straight","Car","None Apparent","1","Not Applicable","Not Applicable"
"CR-0000088433","ACV-0000180814","F","40","","Moderate","Driver","Had Not Been Drinking","West","Stopped","Car","None Apparent","1","Not Applicable","Not Applicable"
"CR-0000088427","ACV-0000180801","M","27","","Moderate","Driver","Impairment Not Known","South","Slowing/Stopping","Car","None Apparent","1","Not Applicable","Not Applicable"
"CR-0000088443","ACV-0000180831","F","50","","Moderate","Driver","Had Not Been Drinking","East","Making U-Turn","Car","None Apparent","1","21453","Run Red Light"
"CR-0000088437","ACV-0000180820","F","38","","Minor","Driver","Had Not Been Drinking","East","Other Unsafe Turning","Car","None Apparent","1","22107","Unsafe Turn Movement"
"CR-0000088429","ACV-0000180805","","0","","Minor","Parked","Not Applicable","Not Applicable","Parked","Car","None Apparent","1","Not Applicable","Not Applicable"
"CR-0000088439","ACV-0000180823","F","47","","Not Applicable","Bicycle","Had Not Been Drinking","North","Making Right Turn","Bicycle","None Apparent","1","Unknown","Unknown"
"CR-0000088443","ACV-0000180832","F","44","","Major","Driver","Had Not Been Drinking","West","Proceeding Straight","Car","None Apparent","1","Not Applicable","Not Applicable"
"CR-0000088428","ACV-0000180802","M","41","","Major","Driver","Under Drug Influence","North","Proceeding Straight","Motorcycle/Moped","None Apparent","1","22350","Speeding"
"CR-0000088435","ACV-0000180818","M","61","","Major","Other","Impairment Not Known","South","Ran Off Road","Car","None Apparent","1","22350","Speeding"
"CR-0000088440","ACV-0000180826","M","23","","Major","Driver","Had Not Been Drinking","West","Proceeding Straight","Car","None Apparent","1","Not Applicable","Not Applicable"
"CR-0000088432","ACV-0000180811","F","32","","Major","Driver","Had Not Been Drinking","West","Making Left Turn","Car","None Apparent","1","Not Applicable","Not Applicable"
"CR-0000088425","ACV-0000180796","F","63","","Minor","Driver","Impairment Not Known","West","Changing Lanes","Car","None Apparent","1","22107","Unsafe Turn Movement"
"CR-0000088422","ACV-0000180789","F","16","","Not Applicable","Pedestrian","Had Not Been Drinking","West","Entering Traffic","Pedestrian","None Apparent","1","21955","Crossing Controlled Intersection/Jaywalking"
"CR-0000088429","ACV-0000180804","","0","","Moderate","Parked","Not Applicable","Not Applicable","Parked","Car","None Apparent","1","Not Applicable","Not Applicable"
"CR-0000088442","ACV-0000180829","F","22","","Minor","Driver","Had Not Been Drinking","South","Making Left Turn","Car","None Apparent","1","21451","Failure To Go On Green/Arrow"
"CR-0000088441","ACV-0000180828","M","49","","Minor","Driver","Impairment Not Known","West","Stopped","Panel Truck","None Apparent","1","Not Applicable","Not Applicable"
"CR-0000088426","ACV-0000180799","M","32","","Major","Driver","Had Not Been Drinking","South","Proceeding Straight","Car","None Apparent","1","Not Applicable","Not Applicable"
"CR-0000088433","ACV-0000180815","F","27","","Moderate","Driver","Had Not Been Drinking","West","Proceeding Straight","Car","None Apparent","1","Not Applicable","Not Applicable"
"CR-0000088429","ACV-0000180807","","0","","Moderate","Parked","Not Applicable","Not Applicable","Parked","Car","None Apparent","1","Not Applicable","Not Applicable"
"CR-0000088444","ACV-0000180834","M","18","","Not Applicable","Pedestrian","Impairment Not Known","North","Proceeding Straight","Pedestrian","None Apparent","1","Not Applicable","Not Applicable"
"CR-0000088444","ACV-0000180833","M","54","","Minor","Driver","Had Not Been Drinking","South","Making Left Turn","Car","None Apparent","1","21950","Yield Pedestrian In Crosswalk"
"CR-0000088429","ACV-0000180803","F","21","","Major","Driver","Had Been Drinking - Under Influence","South","Proceeding Straight","Car","Other Violation","1","22107","Unsafe Turn Movement"
"CR-0000088424","ACV-0000180794","","0","","Minor","Parked","Not Applicable","Not Applicable","Parked","Car","None Apparent","1","22107","Unsafe Turn Movement"
"CR-0000088430","ACV-0000180808","M","73","","Moderate","Driver","Had Not Been Drinking","North","Proceeding Straight","Car","None Apparent","1","21658","Unsafe Lane Change"
"CR-0000088431","ACV-0000180809","M","24","","Minor","Driver","Impairment Not Known","West","Proceeding Straight","Motorcycle/Moped","Defective Vehicle Equipment","1","Not Applicable","Not Applicable"
"CR-0000088439","ACV-0000180824","F","63","","Minor","Driver","Had Not Been Drinking","North","Proceeding Straight","Car","None Apparent","1","Not Applicable","Not Applicable"
"CR-0000088441","ACV-0000180827","F","55","","Minor","Driver","Impairment Not Known","West","Proceeding Straight","Car","None Apparent","1","22350","Speeding"
"CR-0000088440","ACV-0000180825","M","20","","Moderate","Bicycle","Impairment Not Known","South","Proceeding Straight","Bicycle","Other Violation","1","21453","Run Red Light"
"CR-0000088432","ACV-0000180810","M","19","","Major","Driver","Had Not Been Drinking","East","Making Left Turn","Car","None Apparent","1","21453","Run Red Light"
"CR-0000088433","ACV-0000180812","","0","","Major","Driver","Impairment Not Known","East","Proceeding Straight","Car","Other Violation","1","21453","Run Red Light"
"CR-0000088424","ACV-0000180795","","0","","Moderate","Parked","Not Applicable","Not Applicable","Parked","Car","None Apparent","1","Not Applicable","Not Applicable"
"CR-0000088469","ACV-0000180887","M","25","","Major","Driver","Not Applicable","North","Proceeding Straight","Car","None Apparent","1","21453","Run Red Light"
"CR-0000088461","ACV-0000180871","M","21","","Major","Driver","Had Not Been Drinking","South","Proceeding Straight","Car","None Apparent","1","00002","Fell Asleep"
"CR-0000088452","ACV-0000180853","M","48","","Minor","Driver","Had Been Drinking - Under Influence","South","Proceeding Straight","Car","Other Violation","1","23153","Driving Drunk With Injury"
"CR-0000088467","ACV-0000180884","F","0","","Not Applicable","Parked","Impairment Not Known","Not Applicable","Parked","Car","None Apparent","1","Not Applicable","Not Applicable"
"CR-0000088483","ACV-0000180917","M","27","","Major","Driver","Sleepy/Fatigued","East","Proceeding Straight","Car","Inattention","1","21658","Unsafe Lane Change"
"CR-0000088473","ACV-0000180897","F","46","","Moderate","Driver","Had Not Been Drinking","South","Proceeding Straight","Car","Stop And Go Traffic","1","Not Applicable","Not Applicable"
"CR-0000088484","ACV-0000180920","","0","","Unknown","Parked","Not Applicable","Not Applicable","Parked","Car","None Apparent","1","Not Applicable","Not Applicable"
"CR-0000088453","ACV-0000180856","F","19","","Moderate","Driver","Impairment Not Known","West","Making Left Turn","Car","Unfamiliar With Road","1","21801","Yield Left Turn"
"CR-0000088472","ACV-0000180894","M","20","","Moderate","Driver","Had Not Been Drinking","East","Proceeding Straight","Car","Other Violation","1","12500","Unlicensed Driver"
"CR-0000088479","ACV-0000180910","M","55","","Major","Driver","Had Not Been Drinking","East","Making Left Turn","Car","None Apparent","1","Not Applicable","Not Applicable"
"CR-0000088477","ACV-0000180905","F","26","","Moderate","Driver","Had Not Been Drinking","North","Proceeding Straight","Car","None Apparent","1","Not Applicable","Not Applicable"
"CR-0000088449","ACV-0000180846","M","24","","Major","Driver","Not Applicable","East","Proceeding Straight","Car","None Apparent","1","Not Applicable","Not Applicable"
"CR-0000088456","ACV-0000180863","F","32","","Unknown","Driver","Impairment Not Known","North","Entering Traffic","Car","None Apparent","1","Not Applicable","Not Applicable"
"CR-0000088484","ACV-0000180921","","0","","Unknown","Parked","Not Applicable","Not Applicable","Parked","Car","None Apparent","1","Not Applicable","Not Applicable"
"CR-0000088460","ACV-0000180870","M","27","","Major","Driver","Impairment Not Known","East","Traveling Wrong Way","Car","Other Violation","1","23103","Reckless Driving 2"
"CR-0000088458","ACV-0000180866","F","0","","Unknown","Driver","Impairment Not Known","North","Proceeding Straight","Car","None Apparent","1","Unknown","Unknown"
"CR-0000088477","ACV-0000180906","F","68","","Moderate","Driver","Had Not Been Drinking","South","Stopped","Car","None Apparent","1","Not Applicable","Not Applicable"
"CR-0000088480","ACV-0000180911","","0","","Unknown","Driver","Impairment Not Known","West","Proceeding Straight","Panel Truck","Other Violation","1","22350","Speeding"
"CR-0000088480","ACV-0000180912","F","70","","Minor","Driver","Had Not Been Drinking","West","Proceeding Straight","Car","Other Violation","1","Not Applicable","Not Applicable"
"CR-0000088483","ACV-0000180918","M","20","","Major","Driver","Had Not Been Drinking","South","Stopped","Car","None Apparent","1","Not Applicable","Not Applicable"
"CR-0000088472","ACV-0000180895","M","58","","Not Applicable","Bicycle","Had Not Been Drinking","North","Proceeding Straight","Bicycle","None Apparent","1","Not Applicable","Not Applicable"
"CR-0000088468","ACV-0000180885","F","61","","Moderate","Driver","Had Not Been Drinking","South","Proceeding Straight","Car","None Apparent","1","Unknown","Unknown"
"CR-0000088445","ACV-0000180836","F","62","","Major","Driver","Had Not Been Drinking","North","Proceeding Straight","Car","None Apparent","1","Not Applicable","Not Applicable"
"CR-0000088481","ACV-0000180913","M","62","","Major","Driver","Had Been Drinking - Under Influence","South","Traveling Wrong Way","Panel Truck","Other Violation","1","21651","Divided Highway"
"CR-0000088447","ACV-0000180843","M","35","","Moderate","Driver","Had Not Been Drinking","North","Proceeding Straight","Car","None Apparent","1","Not Applicable","Not Applicable"
"CR-0000088484","ACV-0000180919","F","22","","Major","Driver","Sleepy/Fatigued","East","Ran Off Road","Car","Other Violation","1","00002","Fell Asleep"
"CR-0000088462","ACV-0000180874","M","25","","Minor","Driver","Sleepy/Fatigued","East","Proceeding Straight","Car","Uninvolved Vehicle","1","22107","Unsafe Turn Movement"
"CR-0000088459","ACV-0000180869","M","0","","Unknown","Parked","Not Applicable","Not Applicable","Parked","Car","None Apparent","1","Not Applicable","Not Applicable"
"CR-0000088445","ACV-0000180835","F","25","","Major","Driver","Had Not Been Drinking","East","Slowing/Stopping","Car","None Apparent","1","22500","Parking Unlawfully"
"CR-0000088451","ACV-0000180852","","0","","Moderate","Parked","Not Applicable","Not Applicable","Parked","Car","None Apparent","1","Not Applicable","Not Applicable"
"CR-0000088446","ACV-0000180841","M","0","","Minor","Driver","Had Not Been Drinking","West","Stopped","Car","None Apparent","1","Not Applicable","Not Applicable"
"CR-0000088474","ACV-0000180899","M","43","","Minor","Driver","Impairment Not Known","East","Making Right Turn","Car","None Apparent","1","22107","Unsafe Turn Movement"
"CR-0000088469","ACV-0000180889","F","55","","Moderate","Driver","Not Applicable","West","Stopped","Car","None Apparent","1","Not Applicable","Not Applicable"
"CR-0000088463","ACV-0000180875","M","45","","None","Driver","Had Not Been Drinking","South","Making Left Turn","Car","None Apparent","1","21950","Yield Pedestrian In Crosswalk"
"CR-0000088473","ACV-0000180898","M","63","","Moderate","Driver","Had Not Been Drinking","South","Proceeding Straight","Car","Stop And Go Traffic","1","Not Applicable","Not Applicable"
"CR-0000088469","ACV-0000180888","M","91","","Major","Driver","Not Applicable","South","Making Left Turn","Car","None Apparent","1","Not Applicable","Not Applicable"
"CR-0000088447","ACV-0000180842","M","31","","Moderate","Driver","Under Drug Influence","West","Proceeding Straight","Car","Other Violation","1","21453","Run Red Light"
"CR-0000088464","ACV-0000180877","F","26","","Moderate","Driver","Impairment Not Known","North","Proceeding Straight","Car","None Apparent","1","22350","Speeding"
"CR-0000088459","ACV-0000180868","","0","","Unknown","Driver","Impairment Not Known","Unknown","Other","Unknown","None Apparent","1","Unknown","Unknown"