"CrashName","Name","Sex","Age","Speed","VehicleDamage","PartyCategory","Sobriety","VehicleDirection","MovementPrecedingCollision","PartyType","OtherAssociatedFactor","VehicleCount","ViolationCode","ViolationCodeDescription"
"CR-0000088450","ACV-0000180850","","0","","Minor","Parked","Not Applicable","Not Applicable","Parked","Car","None Apparent","1","Not Applicable","Not Applicable"
"CR-0000088479","ACV-0000180909","M","75","","Major","Driver","Had Not Been Drinking","West","Proceeding Straight","Car","None Apparent","1","21453","Run Red Light"
"CR-0000088446","ACV-0000180840","M","63","","Minor","Driver","Had Not Been Drinking","West","Stopped","Car","None Apparent","1","Not Applicable","Not Applicable"
"CR-0000088457","ACV-0000180864","","0","","Unknown","Driver","Impairment Not Known","South","Other","Panel Truck","None Apparent","1","Unknown","Unknown"
"CR-0000088453","ACV-0000180857","M","64","","Moderate","Driver","Impairment Not Known","East","Proceeding Straight","Motorcycle/Moped","None Apparent","1","Not Applicable","Not Applicable"
"CR-0000088458","ACV-0000180867","","0","","Unknown","Parked","Not Applicable","Not Applicable","Parked","Car","None Apparent","1","Not Applicable","Not Applicable"
"CR-0000088452","ACV-0000180854","M","48","","Minor","Driver","Impairment Not Known","South","Stopped","Car","None Apparent","1","Not Applicable","Not Applicable"
"CR-0000088446","ACV-0000180838","F","49","","Moderate","Driver","Had Not Been Drinking","West","Proceeding Straight","Car","None Apparent","1","Not Applicable","Not Applicable"
"CR-0000088448","ACV-0000180844","F","35","","Major","Driver","Had Been Drinking - Under Influence","North","Proceeding Straight","Car","Other Violation","1","22350","Speeding"
"CR-0000088474","ACV-0000180900","M","64","","Not Applicable","Bicycle","Impairment Not Known","East","Proceeding Straight","Bicycle","None Apparent","1","Not Applicable","Not Applicable"
"CR-0000088452","ACV-0000180855","F","37","","None","Driver","Impairment Not Known","South","Stopped","Car","None Apparent","1","Not Applicable","Not Applicable"
"CR-0000088486","ACV-0000180925","M","56","","Minor","Driver","Impairment Not Known","East","Stopped","Car","Other Violation","1","22350","Speeding"
"CR-0000088450","ACV-0000180847","M","65","","Minor","Driver","Had Not Been Drinking","North","Making Left Turn","Car","None Apparent","1","21804","Yield From Driveway/Curb"
"CR-0000088468","ACV-0000180886","M","47","","Not Applicable","Bicycle","Impairment Not Known","South","Proceeding Straight","Bicycle","None Apparent","1","Unknown","Unknown"
"CR-0000088467","ACV-0000180883","","0","","Unknown","Driver","Impairment Not Known","Unknown","Proceeding Straight","Car","None Apparent","1","Unknown","Unknown"
"CR-0000088471","ACV-0000180893","M","33","","Not Applicable","Driver","Impairment Not Known","West","Making Left Turn","Panel Truck","None Apparent","1","Not Applicable","Not Applicable"
"CR-0000088449","ACV-0000180845","F","31","","Major","Driver","Not Applicable","West","Making U-Turn","Car","None Apparent","1","21801","Yield Left Turn"
"CR-0000088457","ACV-0000180865","F","0","","Unknown","Parked","Not Applicable","Not Applicable","Parked","Car","None Apparent","1","Not Applicable","Not Applicable"
"CR-0000088465","ACV-0000180879","","0","","Unknown","Driver","Had Not Been Drinking","West","Unknown","Car","None Apparent","1","Unknown","Unknown"
"CR-0000088446","ACV-0000180837","M","31","","Moderate","Driver","Had Been Drinking - Under Influence","West","Proceeding Straight","Car","None Apparent","1","22350","Speeding"
"CR-0000088486","ACV-0000180926","M","60","","Minor","Driver","Had Not Been Drinking","East","Stopped","Car","Stop And Go Traffic","1","Not Applicable","Not Applicable"
"CR-0000088482","ACV-0000180916","M","35","","Major","Driver","Had Not Been Drinking","South","Proceeding Straight","Car","None Apparent","1","Not Applicable","Not Applicable"
"CR-0000088451","ACV-0000180851","M","24","","Totaled","Driver","Impairment Not Known","North","Proceeding Straight","Car","None Apparent","1","22107","Unsafe Turn Movement"
"CR-0000088478","ACV-0000180907","M","30","","Minor","Driver","Impairment Not Known","East","Proceeding Straight","Motorcycle/Moped","None Apparent","1","21750","Passing On Left"
"CR-0000088473","ACV-0000180896","M","24","","Moderate","Driver","Had Not Been Drinking","South","Proceeding Straight","Panel Truck","Stop And Go Traffic","1","22350","Speeding"
"CR-0000088464","ACV-0000180878","M","55","","Moderate","Driver","Impairment Not Known","North","Proceeding Straight","Car","None Apparent","1","Not Applicable","Not Applicable"
"CR-0000088475","ACV-0000180901","M","57","","Moderate","Driver","Impairment Not Known","East","Proceeding Straight","Car","None Apparent","1","22350","Speeding"
"CR-0000088478","ACV-0000180908","F","29","","Minor","Driver","Impairment Not Known","East","Making Left Turn","Car","None Apparent","1","Not Applicable","Not Applicable"
"CR-0000088485","ACV-0000180923","","0","","Moderate","Parked","Not Applicable","Not Applicable","Parked","Car","None Apparent","1","Not Applicable","Not Applicable"
"CR-0000088481","ACV-0000180914","M","63","","Major","Driver","Impairment Not Known","North","Proceeding Straight","Car","None Apparent","1","Not Applicable","Not Applicable"
"CR-0000088476","ACV-0000180903","","0","","Minor","Parked","Not Applicable","Not Applicable","Parked","Emergency Vehicle","None Apparent","1","Not Applicable","Not Applicable"
"CR-0000088454","ACV-0000180858","","0","","Unknown","Driver","Impairment Not Known","West","Proceeding Straight","Car","Other Violation","1","22350","Speeding"
"CR-0000088470","ACV-0000180891","M","25","","Minor","Driver","Impairment Not Known","East","Proceeding Straight","Panel Truck","Stop And Go Traffic","1","Not Applicable","Not Applicable"
"CR-0000088476","ACV-0000180902","M","50","","Moderate","Driver","Under Drug Influence","West","Proceeding Straight","Car","Other Violation","1","22350","Speeding"
"CR-0000088466","ACV-0000180881","M","0","","Unknown","Driver","Impairment Not Known","East","Slowing/Stopping","Car","None Apparent","1","Unknown","Unknown"
"CR-0000088485","ACV-0000180922","F","31","","Major","Driver","Impairment Not Known","South","Ran Off Road","Car","Other Violation","1","Unknown","Unknown"
"CR-0000088455","ACV-0000180861","F","65","","Major","Driver","Impairment Not Known","West","Ran Off Road","Car","None Apparent","1","22350","Speeding"
"CR-0000088454","ACV-0000180859","","0","","Moderate","Parked","Not Applicable","Not Applicable","Parked","Car","None Apparent","1","Not Applicable","Not Applicable"
"CR-0000088471","ACV-0000180892","M","0","","Unknown","Driver","Impairment Not Known","West","Proceeding Straight","Car","None Apparent","1","Unknown","Unknown"
"CR-0000088463","ACV-0000180876","M","84","","Not Applicable","Pedestrian","Had Not Been Drinking","North","Other (Ped)","Pedestrian","None Apparent","1","Not Applicable","Not Applicable"
"CR-0000088470","ACV-0000180890","M","0","","Moderate","Driver","Impairment Not Known","East","Stopped","Car","None Apparent","1","Unknown","Unknown"
"CR-0000088477","ACV-0000180904","F","66","","Minor","Driver","Had Not Been Drinking","West","Proceeding Straight","Car","None Apparent","1","21453","Run Red Light"
"CR-0000088482","ACV-0000180915","M","50","","Moderate","Driver","Had Not Been Drinking","South","Making Left Turn","Unknown","None Apparent","1","21804","Yield From Driveway/Curb"
"CR-0000088450","ACV-0000180848","M","74","","Moderate","Driver","Had Not Been Drinking","East","Proceeding Straight","Car","None Apparent","1","Not Applicable","Not Applicable"
"CR-0000088465","ACV-0000180880","F","41","","Unknown","Driver","Impairment Not Known","West","Stopped","Car","Stop And Go Traffic","1","Not Applicable","Not Applicable"
"CR-0000088450","ACV-0000180849","","0","","Moderate","Parked","Not Applicable","Not Applicable","Parked","Car","None Apparent","1","Not Applicable","Not Applicable"
"CR-0000088461","ACV-0000180873","M","58","","Moderate","Driver","Had Not Been Drinking","South","Stopped","Semi Truck","None Apparent","1","Not Applicable","Not Applicable"
"CR-0000088446","ACV-0000180839","F","67","","Minor","Driver","Had Not Been Drinking","West","Proceeding Straight","Car","None Apparent","1","Not Applicable","Not Applicable"
"CR-0000088454","ACV-0000180860","","0","","Moderate","Parked","Not Applicable","Not Applicable","Parked","Car","None Apparent","1","Not Applicable","Not Applicable"
"CR-0000088466","ACV-0000180882","F","24","","Unknown","Driver","Impairment Not Known","East","Stopped","Panel Truck","None Apparent","1","Not Applicable","Not Applicable"
"CR-0000088485","ACV-0000180924","","0","","Major","Parked","Not Applicable","Not Applicable","Parked","Panel Truck","None Apparent","1","Not Applicable","Not Applicable"
"CR-0000088456","ACV-0000180862","","0","","Unknown","Driver","Impairment Not Known","East","Proceeding Straight","Unknown","None Apparent","1","Unknown","Unknown"
"CR-0000088487","ACV-0000180927","M","63","","Minor","Driver","Had Not Been Drinking","South","Making Right Turn","Panel Truck","Stop And Go Traffic","1","21703","Follow Too Closely"
"CR-0000088488","ACV-0000180929","M","30","","Moderate","Driver","Had Been Drinking - Under Influence","South","Making Left Turn","Car","None Apparent","1","23152","Driving Drunk"
"CR-0000088487","ACV-0000180928","M","68","","Moderate","Driver","Had Not Been Drinking","South","Stopped","Car","Stop And Go Traffic","1","Not Applicable","Not Applicable"
"CR-0000088493","ACV-0000180941","M","47","","Minor","Driver","Had Not Been Drinking","West","Proceeding Straight","Panel Truck","None Apparent","1","Not Applicable","Not Applicable"
"CR-0000088489","ACV-0000180931","M","49","","Moderate","Driver","Had Not Been Drinking","East","Proceeding Straight","Car","None Apparent","1","Not Applicable","Not Applicable"
"CR-0000088490","ACV-0000180933","","0","","Major","Parked","Not Applicable","Not Applicable","Parked","Car","None Apparent","1","Not Applicable","Not Applicable"
"CR-0000088491","ACV-0000180937","","31","","Unknown","Driver","Had Not Been Drinking","South","Slowing/Stopping","Car","None Apparent","1","Unknown","Unknown"
"CR-0000088489","ACV-0000180930","F","39","","Moderate","Driver","Had Not Been Drinking","North","Making Left Turn","Car","None Apparent","1","21802","Yield Stop Sign"
"CR-0000088490","ACV-0000180932","M","75","","Major","Driver","Had Not Been Drinking","North","Parking Maneuver","Car","None Apparent","1","21804","Yield From Driveway/Curb"
"CR-0000088491","ACV-0000180936","","34","","Unknown","Driver","Had Not Been Drinking","South","Other Unsafe Turning","Unknown","None Apparent","1","Unknown","Unknown"
"CR-0000088490","ACV-0000180934","","0","","Minor","Parked","Not Applicable","Not Applicable","Parked","Car","None Apparent","1","Not Applicable","Not Applicable"
"CR-0000088490","ACV-0000180935","","0","","Minor","Parked","Not Applicable","Not Applicable","Parked","Car","None Apparent","1","Not Applicable","Not Applicable"
"CR-0000088497","ACV-0000180948","F","22","","Moderate","Driver","Had Not Been Drinking","East","Proceeding Straight","Car","None Apparent","1","21651","Divided Highway"
"CR-0000088494","ACV-0000180942","F","29","","Minor","Driver","Impairment Not Known","South","Making U-Turn","Car","None Apparent","1","21453","Run Red Light"
"CR-0000088494","ACV-0000180943","M","41","","Minor","Driver","Impairment Not Known","North","Proceeding Straight","Train","None Apparent","1","Not Applicable","Not Applicable"
"CR-0000088495","ACV-0000180944","","0","","Unknown","Driver","Impairment Not Known","East","Proceeding Straight","Car","Runaway Vehicle","1","22350","Speeding"
"CR-0000088492","ACV-0000180938","","0","","Unknown","Driver","Impairment Not Known","East","Backing","Car","None Apparent","1","Unknown","Unknown"
"CR-0000088493","ACV-0000180940","F","45","","Unknown","Driver","Impairment Not Known","East","Proceeding Straight","Other","None Apparent","1","21651","Divided Highway"
"CR-0000088496","ACV-0000180946","","0","","Minor","Driver","Impairment Not Known","West","Making Left Turn","Car","Other Violation","1","21801","Yield Left Turn"
"CR-0000088497","ACV-0000180949","M","55","","Moderate","Driver","Impairment Not Known","South","Proceeding Straight","Car","None Apparent","1","Not Applicable","Not Applicable"
"CR-0000088498","ACV-0000180950","M","57","","Major","Driver","Under Drug Influence","West","Changing Lanes","Car","Other Violation","1","21658","Unsafe Lane Change"
"CR-0000088504","ACV-0000180963","M","63","","Minor","Parked","Not Applicable","Not Applicable","Parked","Car","None Apparent","1","Not Applicable","Not Applicable"
"CR-0000088492","ACV-0000180939","","0","","Unknown","Parked","Not Applicable","Not Applicable","Parked","Car","None Apparent","1","Unknown","Unknown"
"CR-0000088495","ACV-0000180945","","0","","Major","Parked","Not Applicable","Not Applicable","Parked","Panel Truck","None Apparent","1","Not Applicable","Not Applicable"
"CR-0000088496","ACV-0000180947","M","37","","Minor","Driver","Had Not Been Drinking","East","Proceeding Straight","Panel Truck","None Apparent","1","Not Applicable","Not Applicable"
"CR-0000088500","ACV-0000180955","M","56","","Minor","Driver","Had Not Been Drinking","North","Proceeding Straight","Panel Truck","None Apparent","1","Not Applicable","Not Applicable"
"CR-0000088502","ACV-0000180957","","0","","Unknown","Driver","Impairment Not Known","South","Other Unsafe Turning","Car","Other Violation","1","22107","Unsafe Turn Movement"
"CR-0000088505","ACV-0000180964","M","83","","Moderate","Bicycle","Had Not Been Drinking","East","Proceeding Straight","Bicycle","None Apparent","1","21202","Wrong Way Bike"
"CR-0000088505","ACV-0000180965","M","0","","None","Driver","Had Not Been Drinking","South","Making Right Turn","Panel Truck","None Apparent","1","Not Applicable","Not Applicable"
"CR-0000088498","ACV-0000180951","","0","","Major","Parked","Not Applicable","Not Applicable","Parked","Car","None Apparent","1","Not Applicable","Not Applicable"
"CR-0000088499","ACV-0000180953","M","63","","None","Other","Impairment Not Known","East","Proceeding Straight","Bus - Other","None Apparent","1","Not Applicable","Not Applicable"
"CR-0000088504","ACV-0000180962","M","63","","Not Applicable","Pedestrian","Impairment Not Known","Not Applicable","Other (Ped)","Pedestrian","None Apparent","1","Not Applicable","Not Applicable"
"CR-0000088502","ACV-0000180958","F","51","","Minor","Driver","Had Not Been Drinking","North","Proceeding Straight","Car","None Apparent","1","Not Applicable","Not Applicable"
"CR-0000088503","ACV-0000180960","M","47","","Moderate","Driver","Impairment Not Known","West","Proceeding Straight","Car","None Apparent","1","Not Applicable","Not Applicable"
"CR-0000088499","ACV-0000180952","","0","","Unknown","Bicycle","Had Not Been Drinking","East","Proceeding Straight","Bicycle","None Apparent","1","00001","Other Improper Driving"
"CR-0000088500","ACV-0000180954","M","0","","Unknown","Driver","Impairment Not Known","North","Making U-Turn","Car","Other Violation","1","21801","Yield Left Turn"
"CR-0000088501","ACV-0000180956","M","16","","Moderate","Driver","Impairment Not Known","North","Ran Off Road","Car","None Apparent","1","22107","Unsafe Turn Movement"
"CR-0000088506","ACV-0000180966","M","0","","Moderate","Driver","Sleepy/Fatigued","South","Traveling Wrong Way","Panel Truck","Other Violation","1","21650","Driving Wrong Side"
"CR-0000088512","ACV-0000180977","M","26","","Major","Driver","Had Been Drinking - Under Influence","West","Proceeding Straight","Car","Other Violation","1","22107","Unsafe Turn Movement"
"CR-0000088507","ACV-0000180967","M","19","","Moderate","Driver","Had Not Been Drinking","North","Making Left Turn","Car","None Apparent","1","21801","Yield Left Turn"
"CR-0000088508","ACV-0000180969","F","37","","Minor","Driver","Had Not Been Drinking","East","Proceeding Straight","Car","None Apparent","1","21453","Run Red Light"
"CR-0000088510","ACV-0000180973","M","72","","None","Driver","Impairment Not Known","East","Proceeding Straight","Car","Other Violation","1","22350","Speeding"
"CR-0000088509","ACV-0000180971","F","50","","None","Driver","Had Not Been Drinking","North","Making Right Turn","Car","None Apparent","1","22107","Unsafe Turn Movement"
"CR-0000088515","ACV-0000180986","M","20","","Minor","Driver","Had Not Been Drinking","West","Proceeding Straight","Car","None Apparent","1","Not Applicable","Not Applicable"
"CR-0000088517","ACV-0000180989","M","75","","Minor","Driver","Had Not Been Drinking","East","Proceeding Straight","Panel Truck","None Apparent","1","22350","Speeding"
"CR-0000088503","ACV-0000180959","M","22","","Moderate","Driver","Impairment Not Known","South","Proceeding Straight","Car","Other Violation","1","21453","Run Red Light"
"CR-0000088504","ACV-0000180961","","0","","Unknown","Driver","Impairment Not Known","North","Proceeding Straight","Car","Other Violation","1","22350","Speeding"
"CR-0000088507","ACV-0000180968","M","30","","Moderate","Driver","Had Not Been Drinking","South","Proceeding Straight","Car","None Apparent","1","Not Applicable","Not Applicable"
"CR-0000088517","ACV-0000180990","F","65","","Moderate","Driver","Had Not Been Drinking","East","Slowing/Stopping","Car","None Apparent","1","Not Applicable","Not Applicable"
"CR-0000088512","ACV-0000180978","","0","","Moderate","Parked","Not Applicable","Not Applicable","Parked","Car","None Apparent","1","Not Applicable","Not Applicable"
"CR-0000088512","ACV-0000180979","","0","","Minor","Parked","Not Applicable","Not Applicable","Parked","Panel Truck","None Apparent","1","Not Applicable","Not Applicable"
"CR-0000088513","ACV-0000180980","F","30","","None","Driver","Impairment Not Known","North","Making Right Turn","Car","None Apparent","1","Unknown","Unknown"
"CR-0000088508","ACV-0000180970","F","37","","Minor","Driver","Had Not Been Drinking","West","Making Left Turn","Car","None Apparent","1","Not Applicable","Not Applicable"
"CR-0000088509","ACV-0000180972","F","46","","Not Applicable","Pedestrian","Had Not Been Drinking","West","Proceeding Straight","Pedestrian","None Apparent","1","Not Applicable","Not Applicable"
"CR-0000088513","ACV-0000180981","M","70","","Not Applicable","Pedestrian","Impairment Not Known","East","Other (Ped)","Pedestrian","None Apparent","1","Unknown","Unknown"
"CR-0000088514","ACV-0000180983","M","46","","Moderate","Driver","Had Not Been Drinking","West","Proceeding Straight","Panel Truck","None Apparent","1","Not Applicable","Not Applicable"
"CR-0000088511","ACV-0000180975","M","0","","Minor","Driver","Impairment Not Known","North","Proceeding Straight","Car","Other Violation","1","22350","Speeding"
"CR-0000088514","ACV-0000180982","M","40","","Moderate","Driver","Had Not Been Drinking","South","Making Left Turn","Car","None Apparent","1","21804","Yield From Driveway/Curb"
"CR-0000088517","ACV-0000180991","M","36","","Minor","Driver","Had Not Been Drinking","East","Slowing/Stopping","Car","None Apparent","1","Not Applicable","Not Applicable"
"CR-0000088518","ACV-0000180993","F","41","","Moderate","Driver","Impairment Not Known","West","Proceeding Straight","Car","None Apparent","1","Not Applicable","Not Applicable"
"CR-0000088510","ACV-0000180974","M","59","","None","Driver","Impairment Not Known","North","Making Right Turn","Car","None Apparent","1","Not Applicable","Not Applicable"
"CR-0000088511","ACV-0000180976","","0","","Minor","Parked","Not Applicable","Not Applicable","Parked","Car","None Apparent","1","Not Applicable","Not Applicable"
"CR-0000088515","ACV-0000180985","F","69","","Moderate","Driver","Had Not Been Drinking","West","Proceeding Straight","Car","None Apparent","1","Not Applicable","Not Applicable"
"CR-0000088515","ACV-0000180984","M","61","","Major","Driver","Had Not Been Drinking","North","Proceeding Straight","Car","None Apparent","1","21453","Run Red Light"
"CR-0000088516","ACV-0000180988","","0","","Unknown","Driver","Impairment Not Known","West","Stopped","Semi Truck","None Apparent","1","20002","Leave Accident Scene"
"CR-0000088519","ACV-0000180994","","0","","Unknown","Driver","Impairment Not Known","Unknown","Proceeding Straight","Car","None Apparent","1","Unknown","Unknown"
"CR-0000088516","ACV-0000180987","M","27","","Moderate","Driver","Impairment Not Known","West","Proceeding Straight","Car","Other Violation","1","22350","Speeding"
"CR-0000088518","ACV-0000180992","","0","","Unknown","Driver","Impairment Not Known","North","Entering Traffic","Unknown","Other Violation","1","22450","Fail Stop/Sign"
"CR-0000088519","ACV-0000180995","F","44","","Moderate","Driver","Impairment Not Known","Unknown","Stopped","Car","None Apparent","1","Unknown","Unknown"
"CR-0000088520","ACV-0000180996","F","41","","Moderate","Driver","Had Not Been Drinking","East","Proceeding Straight","Car","None Apparent","1","21804","Yield From Driveway/Curb"
"CR-0000088520","ACV-0000180997","F","53","","Moderate","Driver","Had Not Been Drinking","North","Proceeding Straight","Car","None Apparent","1","Not Applicable","Not Applicable"
"CR-0000088521","ACV-0000180998","M","65","","Moderate","Driver","Had Not Been Drinking","North","Making Left Turn","Panel Truck","None Apparent","1","22107","Unsafe Turn Movement"
"CR-0000088523","ACV-0000181001","","0","","Major","Driver","Impairment Not Known","South","Proceeding Straight","Car","Other Violation","1","22350","Speeding"
"CR-0000088524","ACV-0000181004","F","41","","Moderate","Driver","Impairment Not Known","South","Changing Lanes","Car","Inattention","1","21703","Follow Too Closely"
"CR-0000088526","ACV-0000181009","M","40","","Moderate","Driver","Impairment Not Known","East","Proceeding Straight","Motorcycle/Moped","Inattention","1","Unknown","Unknown"
"CR-0000088523","ACV-0000181002","","0","","Moderate","Parked","Not Applicable","Not Applicable","Parked","Car","None Apparent","1","Not Applicable","Not Applicable"
"CR-0000088523","ACV-0000181003","","0","","Minor","Parked","Not Applicable","Not Applicable","Parked","Car","None Apparent","1","Not Applicable","Not Applicable"
"CR-0000088529","ACV-0000181015","F","72","","Minor","Driver","Had Not Been Drinking","East","Making Left Turn","Car","None Apparent","1","Not Applicable","Not Applicable"
"CR-0000088521","ACV-0000180999","F","24","","Major","Driver","Had Not Been Drinking","South","Proceeding Straight","Car","None Apparent","1","Not Applicable","Not Applicable"
"CR-0000088522","ACV-0000181000","","0","","Unknown","Driver","Impairment Not Known","South","Ran Off Road","Unknown","Other Violation","1","22350","Speeding"
"CR-0000088524","ACV-0000181005","F","24","","Moderate","Driver","Impairment Not Known","South","Stopped","Car","Stop And Go Traffic","1","Not Applicable","Not Applicable"
"CR-0000088530","ACV-0000181016","F","34","","Not Applicable","Pedestrian","Had Not Been Drinking","South","Entering Traffic","Pedestrian","None Apparent","1","21955","Crossing Controlled Intersection/Jaywalking"
"CR-0000088533","ACV-0000181023","M","41","","Moderate","Driver","Had Been Drinking - Under Influence","East","Proceeding Straight","Car","None Apparent","1","23153","Driving Drunk With Injury"
"CR-0000088525","ACV-0000181007","M","45","","Minor","Driver","Had Not Been Drinking","South","Proceeding Straight","Car","None Apparent","1","21453","Run Red Light"
"CR-0000088525","ACV-0000181008","M","61","","Moderate","Driver","Had Not Been Drinking","East","Proceeding Straight","Car","None Apparent","1","Not Applicable","Not Applicable"
"CR-0000088531","ACV-0000181018","F","17","","Major","Driver","Had Not Been Drinking","South","Other Unsafe Turning","Car","Other Violation","1","22107","Unsafe Turn Movement"
"CR-0000088524","ACV-0000181006","F","68","","Moderate","Driver","Impairment Not Known","South","Stopped","Car","Stop And Go Traffic","1","Not Applicable","Not Applicable"
"CR-0000088527","ACV-0000181010","M","32","","Major","Driver","Had Not Been Drinking","East","Making Left Turn","Car","None Apparent","1","21801","Yield Left Turn"
"CR-0000088527","ACV-0000181011","M","68","","Major","Driver","Had Not Been Drinking","West","Proceeding Straight","Car","None Apparent","1","Not Applicable","Not Applicable"
"CR-0000088530","ACV-0000181017","M","55","","Moderate","Driver","Had Not Been Drinking","West","Proceeding Straight","Car","None Apparent","1","Not Applicable","Not Applicable"
"CR-0000088532","ACV-0000181022","","0","","Unknown","Parked","Not Applicable","Not Applicable","Parked","Panel Truck","None Apparent","1","Not Applicable","Not Applicable"
"CR-0000088533","ACV-0000181025","M","31","","Minor","Driver","Had Not Been Drinking","East","Stopped","Car","None Apparent","1","Not Applicable","Not Applicable"
"CR-0000088536","ACV-0000181031","F","30","","Major","Driver","Had Not Been Drinking","South","Proceeding Straight","Car","None Apparent","1","Not Applicable","Not Applicable"
"CR-0000088537","ACV-0000181033","M","20","","Unknown","Driver","Impairment Not Known","West","Slowing/Stopping","Car","None Apparent","1","Not Applicable","Not Applicable"
"CR-0000088541","ACV-0000181040","M","46","","Not Applicable","Pedestrian","Impairment Not Known","West","Proceeding Straight","Pedestrian","None Apparent","1","21954","Pedestrian Yield Car"
"CR-0000088528","ACV-0000181012","M","65","","Minor","Driver","Impairment Not Known","South","Making Right Turn","Motorcycle/Moped","None Apparent","1","21658","Unsafe Lane Change"
"CR-0000088528","ACV-0000181013","F","29","","Moderate","Driver","Had Not Been Drinking","South","Proceeding Straight","Car","None Apparent","1","Not Applicable","Not Applicable"
"CR-0000088536","ACV-0000181030","F","26","","Major","Driver","Had Not Been Drinking","North","Making Left Turn","Car","None Apparent","1","21801","Yield Left Turn"
"CR-0000088537","ACV-0000181032","F","0","","Unknown","Driver","Impairment Not Known","West","Proceeding Straight","Panel Truck","None Apparent","1","Unknown","Unknown"
"CR-0000088531","ACV-0000181019","","0","","Major","Parked","Not Applicable","Not Applicable","Parked","Car","None Apparent","1","Not Applicable","Not Applicable"
"CR-0000088532","ACV-0000181020","","0","","Major","Driver","Impairment Not Known","South","Proceeding Straight","Car","Other Violation","1","22350","Speeding"
"CR-0000088532","ACV-0000181021","","0","","Major","Parked","Not Applicable","Not Applicable","Parked","Car","None Apparent","1","Not Applicable","Not Applicable"
"CR-0000088538","ACV-0000181034","M","51","","Minor","Driver","Had Not Been Drinking","East","Entering Traffic","Car","None Apparent","1","21804","Yield From Driveway/Curb"
"CR-0000088538","ACV-0000181035","M","40","","Not Applicable","Bicycle","Had Not Been Drinking","North","Proceeding Straight","Bicycle","None Apparent","1","Not Applicable","Not Applicable"
"CR-0000088529","ACV-0000181014","M","65","","Not Applicable","Bicycle","Had Not Been Drinking","North","Proceeding Straight","Bicycle","Other Violation","1","21453","Run Red Light"
"CR-0000088533","ACV-0000181024","M","41","","Major","Driver","Had Not Been Drinking","East","Stopped","Car","None Apparent","1","Not Applicable","Not Applicable"
"CR-0000088534","ACV-0000181026","M","27","","Minor","Driver","Impairment Not Known","South","Proceeding Straight","Panel Truck","None Apparent","1","21453","Run Red Light"
"CR-0000088539","ACV-0000181036","M","51","","Unknown","Driver","Had Not Been Drinking","South","Traveling Wrong Way","Car","Other Violation","1","21651","Divided Highway"
"CR-0000088534","ACV-0000181027","M","33","","Major","Driver","Had Not Been Drinking","West","Proceeding Straight","Panel Truck","None Apparent","1","Not Applicable","Not Applicable"
"CR-0000088535","ACV-0000181028","M","0","","Unknown","Driver","Impairment Not Known","East","Making Left Turn","Unknown","Other Violation","1","21456","Pedestrian Don't Walk"
"CR-0000088535","ACV-0000181029","M","12","","Not Applicable","Pedestrian","Impairment Not Known","North","Other (Ped)","Pedestrian","None Apparent","1","Not Applicable","Not Applicable"
"CR-0000088539","ACV-0000181037","F","42","","Major","Driver","Had Not Been Drinking","South","Making Left Turn","Car","None Apparent","1","21651","Divided Highway"
"CR-0000088540","ACV-0000181038","M","54","","Moderate","Driver","Impairment Not Known","East","Proceeding Straight","Motorcycle/Moped","None Apparent","1","Not Applicable","Not Applicable"
"CR-0000088540","ACV-0000181039","","0","","Unknown","Driver","Impairment Not Known","East","Proceeding Straight","Semi Truck","Other Violation","1","Not Applicable","Not Applicable"
"CR-0000088541","ACV-0000181041","M","62","","None","Driver","Impairment Not Known","East","Making Left Turn","Car","None Apparent","1","Not Applicable","Not Applicable"
"CR-0000088547","ACV-0000181051","M","23","","Moderate","Driver","Had Not Been Drinking","South","Proceeding Straight","Car","Unknown","1","Not Applicable","Not Applicable"
"CR-0000088548","ACV-0000181052","F","24","","Major","Driver","Had Been Drinking - Under Influence","North","Proceeding Straight","Car","Under Influence","1","22350","Speeding"
"CR-0000088545","ACV-0000181047","","0","","Major","Driver","Impairment Not Known","North","Traveling Wrong Way","Panel Truck","Other Violation","1","21663","Driving On Sidewalk"
"CR-0000088546","ACV-0000181049","M","26","","Minor","Driver","Had Not Been Drinking","South","Proceeding Straight","Car","None Apparent","1","Not Applicable","Not Applicable"
"CR-0000088543","ACV-0000181042","M","67","","Moderate","Driver","Had Not Been Drinking","South","Proceeding Straight","Car","None Apparent","1","21457","Flashing Signal"
"CR-0000088543","ACV-0000181043","M","40","","Minor","Driver","Had Not Been Drinking","West","Proceeding Straight","Car","None Apparent","1","Not Applicable","Not Applicable"
"CR-0000088544","ACV-0000181044","","0","","Major","Driver","Impairment Not Known","West","Proceeding Straight","Car","Other Violation","1","22107","Unsafe Turn Movement"
"CR-0000088544","ACV-0000181046","","0","","Major","Parked","Not Applicable","North","Parked","Car","Unknown","1","Not Applicable","Not Applicable"
"CR-0000088546","ACV-0000181048","M","0","","Unknown","Driver","Impairment Not Known","West","Making Right Turn","Car","Other Violation","1","21453","Run Red Light"
"CR-0000088548","ACV-0000181053","","0","","Minor","Parked","Not Applicable","Not Applicable","Parked","Panel Truck","None Apparent","1","Not Applicable","Not Applicable"
"CR-0000088549","ACV-0000181054","","0","","Major","Driver","Impairment Not Known","South","Proceeding Straight","Car","Other Violation","1","22350","Speeding"