"CrashName","Name","Sex","Age","Speed","VehicleDamage","PartyCategory","Sobriety","VehicleDirection","MovementPrecedingCollision","PartyType","OtherAssociatedFactor","VehicleCount","ViolationCode","ViolationCodeDescription"
"CR-0000088629","ACV-0000181211","M","23","","Major","Driver","Impairment Not Known","North","Proceeding Straight","Car","None Apparent","1","22350","Speeding"
"CR-0000088609","ACV-0000181173","F","37","","Major","Driver","Impairment Not Known","South","Making U-Turn","Car","None Apparent","1","Unknown","Unknown"
"CR-0000088611","ACV-0000181178","","0","","Minor","Parked","Not Applicable","Not Applicable","Parked","Car","Unknown","1","Not Applicable","Not Applicable"
"CR-0000088630","ACV-0000181213","M","0","","Totaled","Driver","Had Been Drinking - Under Influence","East","Proceeding Straight","Unknown","None Apparent","1","23152","Driving Drunk"
"CR-0000088600","ACV-0000181156","","0","","Minor","Parked","Not Applicable","Not Applicable","Parked","Car","None Apparent","1","Not Applicable","Not Applicable"
"CR-0000088649","ACV-0000181250","M","59","","Minor","Driver","Impairment Not Known","North","Proceeding Straight","Car","None Apparent","1","21453","Run Red Light"
"CR-0000088624","ACV-0000181204","M","0","","Unknown","Driver","Impairment Not Known","West","Proceeding Straight","Car","Unknown","1","Unknown","Unknown"
"CR-0000088631","ACV-0000181214","F","17","","Major","Driver","Had Not Been Drinking","West","Proceeding Straight","Car","None Apparent","1","22350","Speeding"
"CR-0000088638","ACV-0000181229","","0","","Unknown","Driver","Had Been Drinking - Impairment Unknown","North","Proceeding Straight","Car","Other Violation","1","22107","Unsafe Turn Movement"
"CR-0000088596","ACV-0000181145","F","27","","Major","Driver","Had Not Been Drinking","South","Proceeding Straight","Car","Other Violation","1","21802","Yield Stop Sign"
"CR-0000088616","ACV-0000181188","F","54","","Minor","Driver","Impairment Not Known","North","Making Left Turn","Car","Unknown","1","Not Applicable","Not Applicable"
"CR-0000088613","ACV-0000181183","","0","","Unknown","Driver","Impairment Not Known","East","Making Right Turn","Panel Truck","Other Violation","1","21703","Follow Too Closely"
"CR-0000088617","ACV-0000181189","M","70","","Major","Driver","Had Not Been Drinking","West","Entering Traffic","Car","None Apparent","1","22350","Speeding"
"CR-0000088644","ACV-0000181242","F","33","","Moderate","Driver","Had Not Been Drinking","East","Making Right Turn","Car","None Apparent","1","Not Applicable","Not Applicable"
"CR-0000088590","ACV-0000181135","M","48","","Major","Driver","Had Not Been Drinking","East","Making Left Turn","Car","None Apparent","1","Unknown","Unknown"
"CR-0000088585","ACV-0000181125","F","49","","Moderate","Driver","Had Not Been Drinking","South","Making Left Turn","Car","Vision Obscurement","1","21804","Yield From Driveway/Curb"
"CR-0000088637","ACV-0000181226","M","43","","Totaled","Driver","Impairment Not Known","West","Proceeding Straight","Car","Other Violation","1","22107","Unsafe Turn Movement"
"CR-0000088600","ACV-0000181152","","0","","Moderate","Driver","Impairment Not Known","South","Proceeding Straight","Unknown","Other Violation","1","22350","Speeding"
"CR-0000088626","ACV-0000181207","M","18","","Moderate","Driver","Impairment Not Known","South","Proceeding Straight","Car","None Apparent","1","Not Applicable","Not Applicable"
"CR-0000088682","ACV-0000181316","F","0","","Unknown","Parked","Not Applicable","Not Applicable","Parked","Car","None Apparent","1","Not Applicable","Not Applicable"
"CR-0000088665","ACV-0000181283","","0","","Major","Parked","Not Applicable","North","Parked","Car","None Apparent","1","Not Applicable","Not Applicable"
"CR-0000088694","ACV-0000181340","F","39","","Minor","Driver","Not Applicable","North","Making Left Turn","Car","Other Violation","1","22107","Unsafe Turn Movement"
"CR-0000088684","ACV-0000181320","F","20","","Minor","Driver","Had Not Been Drinking","North","Stopped","Car","None Apparent","1","Not Applicable","Not Applicable"
"CR-0000088675","ACV-0000181303","","0","","Minor","Driver","Impairment Not Known","South","Backing","Emergency Vehicle","None Apparent","1","22106","Unsafe Backing"
"CR-0000088676","ACV-0000181305","M","0","","Moderate","Driver","Had Been Drinking - Under Influence","East","Proceeding Straight","Car","Other Violation","1","22350","Speeding"
"CR-0000088690","ACV-0000181331","F","19","","Moderate","Driver","Impairment Not Known","South","Proceeding Straight","Car","Stop And Go Traffic","1","21457","Flashing Signal"
"CR-0000088699","ACV-0000181349","F","0","","Moderate","Driver","Impairment Not Known","North","Proceeding Straight","Car","None Apparent","1","22350","Speeding"
"CR-0000088658","ACV-0000181269","M","25","","Moderate","Driver","Had Not Been Drinking","North","Proceeding Straight","Car","Inattention","1","21453","Run Red Light"
"CR-0000088669","ACV-0000181292","F","50","","Minor","Driver","Had Not Been Drinking","North","Proceeding Straight","Car","None Apparent","1","Not Applicable","Not Applicable"
"CR-0000088688","ACV-0000181328","M","48","","Major","Driver","Had Been Drinking - Under Influence","North","Proceeding Straight","Car","None Apparent","1","Not Applicable","Not Applicable"
"CR-0000088656","ACV-0000181266","M","35","","Minor","Bicycle","Impairment Not Known","South","Proceeding Straight","Bicycle","None Apparent","1","Not Applicable","Not Applicable"
"CR-0000088663","ACV-0000181279","F","64","","Minor","Driver","Impairment Not Known","West","Stopped","Bus - Other","None Apparent","1","22350","Speeding"
"CR-0000088664","ACV-0000181281","M","29","","Minor","Driver","Had Not Been Drinking","South","Proceeding Straight","Car","None Apparent","1","Not Applicable","Not Applicable"
"CR-0000088651","ACV-0000181256","F","54","","Moderate","Driver","Had Not Been Drinking","South","Proceeding Straight","Car","Unknown","1","Not Applicable","Not Applicable"
"CR-0000088677","ACV-0000181307","M","20","","Moderate","Driver","Under Drug Influence","North","Proceeding Straight","Car","Other Violation","1","22450","Fail Stop/Sign"
"CR-0000088671","ACV-0000181296","M","41","","Moderate","Driver","Had Not Been Drinking","East","Proceeding Straight","Car","None Apparent","1","Not Applicable","Not Applicable"
"CR-0000088666","ACV-0000181284","M","24","","Major","Driver","Had Not Been Drinking","South","Proceeding Straight","Car","Other Violation","1","22350","Speeding"
"CR-0000088675","ACV-0000181304","","0","","Major","Parked","Not Applicable","Not Applicable","Parked","Emergency Vehicle","None Apparent","1","Not Applicable","Not Applicable"
"CR-0000088667","ACV-0000181287","","0","","Major","Parked","Not Applicable","Not Applicable","Parked","Car","None Apparent","1","Not Applicable","Not Applicable"
"CR-0000088672","ACV-0000181299","M","0","","Unknown","Driver","Impairment Not Known","North","Making Right Turn","Semi Truck","Other Violation","1","22107","Unsafe Turn Movement"
"CR-0000088705","ACV-0000181360","M","29","","Minor","Driver","Impairment Not Known","East","Proceeding Straight","Car","Other Violation","1","22350","Speeding"
"CR-0000088653","ACV-0000181259","M","48","","Major","Driver","Had Not Been Drinking","West","Proceeding Straight","Car","None Apparent","1","Not Applicable","Not Applicable"
"CR-0000088687","ACV-0000181326","M","62","","Minor","Driver","Had Not Been Drinking","West","Stopped","Car","None Apparent","1","Not Applicable","Not Applicable"
"CR-0000088690","ACV-0000181332","F","28","","Minor","Driver","Impairment Not Known","West","Proceeding Straight","Car","Stop And Go Traffic","1","Not Applicable","Not Applicable"
"CR-0000088700","ACV-0000181351","","0","","Major","Parked","Not Applicable","Not Applicable","Parked","Car","None Apparent","1","Not Applicable","Not Applicable"
"CR-0000088695","ACV-0000181343","M","36","","Major","Driver","Impairment Not Known","South","Proceeding Straight","Car","None Apparent","1","22350","Speeding"
"CR-0000088677","ACV-0000181308","F","40","","Minor","Driver","Had Been Drinking - Not Under Influence","West","Proceeding Straight","Car","None Apparent","1","Not Applicable","Not Applicable"
"CR-0000088679","ACV-0000181309","","0","","Unknown","Driver","Impairment Not Known","Unknown","Other Unsafe Turning","Unknown","None Apparent","1","Unknown","Unknown"
"CR-0000088667","ACV-0000181288","","0","","Major","Parked","Not Applicable","Not Applicable","Parked","Car","None Apparent","1","Not Applicable","Not Applicable"
"CR-0000088691","ACV-0000181334","M","26","","Not Applicable","Bicycle","Impairment Not Known","West","Proceeding Straight","Bicycle","None Apparent","1","Not Applicable","Not Applicable"
"CR-0000088652","ACV-0000181258","M","26","","Major","Driver","Had Not Been Drinking","East","Proceeding Straight","Car","Unknown","1","Not Applicable","Not Applicable"
"CR-0000088680","ACV-0000181311","M","20","","Major","Driver","Had Not Been Drinking","East","Making Left Turn","Car","None Apparent","1","21950","Yield Pedestrian In Crosswalk"
"CR-0000088702","ACV-0000181354","M","15","","Moderate","Driver","Had Been Drinking - Under Influence","South","Proceeding Straight","Car","Other Violation","1","21453","Run Red Light"
"CR-0000088697","ACV-0000181346","F","16","","Unknown","Driver","Impairment Not Known","South","Proceeding Straight","Car","None Apparent","1","21703","Follow Too Closely"
"CR-0000088701","ACV-0000181352","M","18","","Major","Driver","Had Been Drinking - Under Influence","East","Proceeding Straight","Car","None Apparent","1","23153","Driving Drunk With Injury"
"CR-0000088673","ACV-0000181300","","0","","Major","Driver","Impairment Not Known","North","Ran Off Road","Car","Other Violation","1","22350","Speeding"
"CR-0000088653","ACV-0000181260","M","57","","Major","Driver","Had Not Been Drinking","East","Making Left Turn","Car","None Apparent","1","21800","Yield Uncontrolled Intersection"
"CR-0000088670","ACV-0000181293","M","47","","Minor","Driver","Impairment Not Known","South","Making Left Turn","Panel Truck","Other Violation","1","22107","Unsafe Turn Movement"
"CR-0000088651","ACV-0000181255","M","51","","Moderate","Driver","Had Not Been Drinking","West","Proceeding Straight","Panel Truck","Unknown","1","21453","Run Red Light"
"CR-0000088693","ACV-0000181337","M","55","","Major","Driver","Had Been Drinking - Under Influence","West","Proceeding Straight","Panel Truck","Other Violation","1","22107","Unsafe Turn Movement"
"CR-0000088669","ACV-0000181291","F","24","","Minor","Driver","Had Not Been Drinking","North","Proceeding Straight","Car","None Apparent","1","00001","Other Improper Driving"
"CR-0000088705","ACV-0000181361","","0","","Minor","Parked","Not Applicable","Not Applicable","Parked","Car","None Apparent","1","Not Applicable","Not Applicable"
"CR-0000088666","ACV-0000181285","","0","","Major","Parked","Not Applicable","Not Applicable","Parked","Car","None Apparent","1","Not Applicable","Not Applicable"
"CR-0000088685","ACV-0000181321","","0","","Unknown","Driver","Impairment Not Known","Unknown","Entering Traffic","Panel Truck","Other Violation","1","21804","Yield From Driveway/Curb"
"CR-0000088668","ACV-0000181290","F","33","","Major","Driver","Impairment Not Known","South","Proceeding Straight","Car","None Apparent","1","Not Applicable","Not Applicable"
"CR-0000088680","ACV-0000181312","M","17","","Not Applicable","Pedestrian","Had Not Been Drinking","West","Proceeding Straight","Pedestrian","None Apparent","1","Not Applicable","Not Applicable"
"CR-0000088692","ACV-0000181335","M","36","","Major","Driver","Impairment Not Known","East","Proceeding Straight","Car","Inattention","1","22350","Speeding"
"CR-0000088654","ACV-0000181262","M","41","","Moderate","Driver","Had Not Been Drinking","North","Proceeding Straight","Train","None Apparent","1","Not Applicable","Not Applicable"
"CR-0000088691","ACV-0000181333","M","34","","Minor","Driver","Had Not Been Drinking","North","Proceeding Straight","Car","None Apparent","1","21800","Yield Uncontrolled Intersection"
"CR-0000088660","ACV-0000181272","M","16","","Not Applicable","Bicycle","Impairment Not Known","West","Traveling Wrong Way","Bicycle","None Apparent","1","21650","Driving Wrong Side"
"CR-0000088662","ACV-0000181276","M","45","","Major","Driver","Impairment Not Known","South","Traveling Wrong Way","Panel Truck","None Apparent","1","21658","Unsafe Lane Change"
"CR-0000088703","ACV-0000181357","M","43","","Major","Driver","Impairment Not Known","North","Stopped","Panel Truck","None Apparent","1","Not Applicable","Not Applicable"
"CR-0000088698","ACV-0000181348","","0","","Major","Driver","Impairment Not Known","North","Other","Car","Other Violation","1","22350","Speeding"
"CR-0000088702","ACV-0000181355","M","44","","Major","Driver","Had Not Been Drinking","East","Making Left Turn","Car","None Apparent","1","Not Applicable","Not Applicable"
"CR-0000088659","ACV-0000181271","M","51","","Moderate","Driver","Impairment Not Known","West","Making Left Turn","Car","Unknown","1","22350","Speeding"
"CR-0000088661","ACV-0000181274","M","62","","Minor","Driver","Had Not Been Drinking","West","Making Left Turn","Car","None Apparent","1","21801","Yield Left Turn"
"CR-0000088682","ACV-0000181315","","0","","Unknown","Driver","Impairment Not Known","Unknown","Other Unsafe Turning","Panel Truck","None Apparent","1","Unknown","Unknown"
"CR-0000088671","ACV-0000181298","M","36","","Minor","Driver","Had Not Been Drinking","West","Proceeding Straight","Panel Truck","None Apparent","1","Not Applicable","Not Applicable"
"CR-0000088681","ACV-0000181314","M","60","","Moderate","Driver","Had Not Been Drinking","East","Proceeding Straight","Panel Truck","None Apparent","1","Not Applicable","Not Applicable"
"CR-0000088685","ACV-0000181322","F","43","","Minor","Driver","Had Not Been Drinking","South","Stopped","Car","None Apparent","1","Not Applicable","Not Applicable"
"CR-0000088650","ACV-0000181253","M","23","","Moderate","Driver","Had Not Been Drinking","West","Proceeding Straight","Car","Unknown","1","Not Applicable","Not Applicable"
"CR-0000088655","ACV-0000181264","F","24","","Major","Driver","Had Not Been Drinking","East","Entering Traffic","Car","None Apparent","1","Not Applicable","Not Applicable"
"CR-0000088657","ACV-0000181267","M","29","","Major","Driver","Had Not Been Drinking","North","Making Left Turn","Car","Unknown","1","21801","Yield Left Turn"
"CR-0000088683","ACV-0000181317","","0","","Moderate","Driver","Impairment Not Known","South","Ran Off Road","Car","Other Violation","1","22107","Unsafe Turn Movement"
"CR-0000088694","ACV-0000181341","M","34","","Moderate","Driver","Not Applicable","North","Proceeding Straight","Car","None Apparent","1","Not Applicable","Not Applicable"
"CR-0000088701","ACV-0000181353","M","42","","Major","Driver","Had Not Been Drinking","North","Proceeding Straight","Car","None Apparent","1","Not Applicable","Not Applicable"
"CR-0000088671","ACV-0000181295","M","45","","Major","Driver","Had Not Been Drinking","West","Proceeding Straight","Car","None Apparent","1","22350","Speeding"
"CR-0000088706","ACV-0000181364","F","40","","Minor","Driver","Had Not Been Drinking","South","Proceeding Straight","Car","None Apparent","1","Not Applicable","Not Applicable"
"CR-0000088670","ACV-0000181294","M","49","","Moderate","Driver","Impairment Not Known","West","Proceeding Straight","Car","None Apparent","1","Not Applicable","Not Applicable"
"CR-0000088689","ACV-0000181330","M","51","","Major","Driver","Had Not Been Drinking","East","Proceeding Straight","Car","None Apparent","1","Not Applicable","Not Applicable"
"CR-0000088660","ACV-0000181273","M","0","","Minor","Driver","Impairment Not Known","North","Making Right Turn","Car","None Apparent","1","Not Applicable","Not Applicable"
"CR-0000088671","ACV-0000181297","M","42","","Minor","Driver","Had Not Been Drinking","West","Proceeding Straight","Car","None Apparent","1","Not Applicable","Not Applicable"
"CR-0000088668","ACV-0000181289","M","72","","Minor","Driver","Impairment Not Known","West","Proceeding Straight","Car","Vision Obscurement","1","21802","Yield Stop Sign"
"CR-0000088700","ACV-0000181350","F","34","","Major","Driver","Had Been Drinking - Under Influence","North","Proceeding Straight","Car","Other Violation","1","22350","Speeding"
"CR-0000088688","ACV-0000181327","F","17","","Major","Driver","Had Been Drinking - Not Under Influence","South","Making Left Turn","Car","None Apparent","1","21801","Yield Left Turn"
"CR-0000088681","ACV-0000181313","F","60","","Major","Driver","Had Not Been Drinking","West","Making Left Turn","Car","None Apparent","1","21800","Yield Uncontrolled Intersection"
"CR-0000088652","ACV-0000181257","M","37","","Minor","Driver","Had Not Been Drinking","North","Making Left Turn","Car","Unknown","1","21801","Yield Left Turn"
"CR-0000088658","ACV-0000181270","F","31","","Moderate","Driver","Had Not Been Drinking","West","Proceeding Straight","Car","None Apparent","1","Not Applicable","Not Applicable"
"CR-0000088667","ACV-0000181286","M","46","","Major","Driver","Impairment Not Known","North","Proceeding Straight","Car","Other Violation","1","22350","Speeding"
"CR-0000088654","ACV-0000181261","M","52","","Major","Driver","Had Not Been Drinking","East","Proceeding Straight","Car","None Apparent","1","21453","Run Red Light"
"CR-0000088693","ACV-0000181338","","0","","Moderate","Parked","Not Applicable","Not Applicable","Parked","Car","None Apparent","1","Not Applicable","Not Applicable"
"CR-0000088705","ACV-0000181362","","0","","Minor","Parked","Not Applicable","Not Applicable","Parked","Car","None Apparent","1","Not Applicable","Not Applicable"
"CR-0000088704","ACV-0000181359","F","73","","Major","Driver","Had Not Been Drinking","East","Proceeding Straight","Car","None Apparent","1","Not Applicable","Not Applicable"
"CR-0000088655","ACV-0000181263","M","24","","Major","Driver","Had Not Been Drinking","North","Proceeding Straight","Car","None Apparent","1","22350","Speeding"
"CR-0000088687","ACV-0000181325","M","53","","Minor","Driver","Had Been Drinking - Under Influence","West","Proceeding Straight","Car","Other Violation","1","22350","Speeding"
"CR-0000088693","ACV-0000181339","","0","","Moderate","Parked","Not Applicable","Not Applicable","Parked","Car","None Apparent","1","Not Applicable","Not Applicable"
"CR-0000088650","ACV-0000181254","F","26","","Minor","Driver","Had Not Been Drinking","West","Proceeding Straight","Car","Unknown","1","Not Applicable","Not Applicable"
"CR-0000088676","ACV-0000181306","M","25","","Moderate","Driver","Had Not Been Drinking","East","Proceeding Straight","Car","None Apparent","1","Not Applicable","Not Applicable"
"CR-0000088686","ACV-0000181324","M","41","","Minor","Driver","Had Not Been Drinking","East","Stopped","Car","None Apparent","1","Not Applicable","Not Applicable"
"CR-0000088692","ACV-0000181336","F","62","","Moderate","Driver","Impairment Not Known","East","Making Right Turn","Car","None Apparent","1","Not Applicable","Not Applicable"
"CR-0000088674","ACV-0000181302","M","51","","Major","Driver","Impairment Not Known","South","Stopped","Car","None Apparent","1","Not Applicable","Not Applicable"
"CR-0000088697","ACV-0000181347","F","39","","Minor","Driver","Impairment Not Known","South","Proceeding Straight","Car","None Apparent","1","Not Applicable","Not Applicable"
"CR-0000088665","ACV-0000181282","M","50","","Minor","Driver","Had Not Been Drinking","North","Proceeding Straight","Panel Truck","None Apparent","1","22350","Speeding"
"CR-0000088704","ACV-0000181358","M","64","","Major","Driver","Had Not Been Drinking","South","Proceeding Straight","Car","Inattention","1","21453","Run Red Light"
"CR-0000088684","ACV-0000181319","F","38","","Minor","Driver","Had Not Been Drinking","North","Stopped","Car","None Apparent","1","Not Applicable","Not Applicable"
"CR-0000088650","ACV-0000181252","M","44","","Moderate","Driver","Had Not Been Drinking","West","Making Right Turn","Car","Unknown","1","21802","Yield Stop Sign"
"CR-0000088686","ACV-0000181323","M","0","","Unknown","Driver","Impairment Not Known","East","Changing Lanes","Car","Other Violation","1","21658","Unsafe Lane Change"
"CR-0000088696","ACV-0000181345","F","23","","Major","Driver","Had Been Drinking - Under Influence","North","Making Right Turn","Car","Other Violation","1","23152","Driving Drunk"
"CR-0000088664","ACV-0000181280","M","18","","Minor","Driver","Had Not Been Drinking","East","Making Right Turn","Car","Other Violation","1","21800","Yield Uncontrolled Intersection"
"CR-0000088674","ACV-0000181301","","0","","Major","Driver","Impairment Not Known","South","Proceeding Straight","Car","Other Violation","1","22350","Speeding"
"CR-0000088684","ACV-0000181318","M","35","","Moderate","Driver","Had Not Been Drinking","North","Proceeding Straight","Car","None Apparent","1","22350","Speeding"
"CR-0000088689","ACV-0000181329","M","37","","Major","Driver","Had Not Been Drinking","West","Making Left Turn","Car","None Apparent","1","21801","Yield Left Turn"
"CR-0000088656","ACV-0000181265","","0","","Minor","Driver","Impairment Not Known","North","Making Left Turn","Car","None Apparent","1","21801","Yield Left Turn"
"CR-0000088695","ACV-0000181344","F","73","","Major","Driver","Had Not Been Drinking","East","Backing","Car","None Apparent","1","Not Applicable","Not Applicable"
"CR-0000088694","ACV-0000181342","","0","","Minor","Parked","Not Applicable","Not Applicable","Parked","Car","None Apparent","1","Not Applicable","Not Applicable"
"CR-0000088703","ACV-0000181356","M","31","","Major","Driver","Impairment Not Known","East","Proceeding Straight","Car","None Apparent","1","22350","Speeding"
"CR-0000088663","ACV-0000181278","F","19","","Major","Driver","Sleepy/Fatigued","West","Proceeding Straight","Car","None Apparent","1","22350","Speeding"
"CR-0000088661","ACV-0000181275","M","45","","Minor","Driver","Had Not Been Drinking","South","Making Left Turn","Car","None Apparent","1","Not Applicable","Not Applicable"
"CR-0000088657","ACV-0000181268","M","22","","Major","Driver","Had Not Been Drinking","South","Proceeding Straight","Car","Unknown","1","Not Applicable","Not Applicable"
"CR-0000088679","ACV-0000181310","M","0","","Unknown","Parked","Impairment Not Known","Not Applicable","Parked","Panel Truck","None Apparent","1","Not Applicable","Not Applicable"
"CR-0000088706","ACV-0000181363","M","35","","Not Applicable","Bicycle","Had Not Been Drinking","West","Making Left Turn","Bicycle","Inattention","1","21453","Run Red Light"
"CR-0000088662","ACV-0000181277","M","26","","Major","Driver","Impairment Not Known","North","Proceeding Straight","Car","None Apparent","1","Not Applicable","Not Applicable"
"CR-0000088720","ACV-0000181397","M","64","","Minor","Driver","Had Not Been Drinking","South","Proceeding Straight","Car","None Apparent","1","Not Applicable","Not Applicable"
"CR-0000088733","ACV-0000181425","","0","","Unknown","Driver","Impairment Not Known","East","Proceeding Straight","Car","Other Violation","1","22350","Speeding"
"CR-0000088711","ACV-0000181376","F","25","","Moderate","Driver","Had Been Drinking - Under Influence","North","Proceeding Straight","Car","Other Violation","1","23152","Driving Drunk"
"CR-0000088729","ACV-0000181417","","45","","Unknown","Driver","Had Not Been Drinking","East","Stopped","Car","None Apparent","1","Not Applicable","Not Applicable"
"CR-0000088707","ACV-0000181366","M","28","","Not Applicable","Bicycle","Had Not Been Drinking","North","Proceeding Straight","Bicycle","None Apparent","1","Not Applicable","Not Applicable"
"CR-0000088719","ACV-0000181394","M","44","","Minor","Driver","Impairment Not Known","North","Making Left Turn","Car","None Apparent","1","21801","Yield Left Turn"
"CR-0000088728","ACV-0000181412","F","0","","Moderate","Driver","Had Been Drinking - Not Under Influence","West","Unknown","Car","None Apparent","1","21453","Run Red Light"
"CR-0000088732","ACV-0000181424","","0","","None","Parked","Not Applicable","Not Applicable","Parked","Panel Truck","None Apparent","1","Not Applicable","Not Applicable"
"CR-0000088728","ACV-0000181413","F","37","","Unknown","Driver","Had Been Drinking - Not Under Influence","South","Proceeding Straight","Car","None Apparent","1","Not Applicable","Not Applicable"
"CR-0000088730","ACV-0000181418","","0","","Unknown","Driver","Impairment Not Known","West","Other Unsafe Turning","Car","Other Violation","1","22107","Unsafe Turn Movement"
"CR-0000088719","ACV-0000181395","M","57","","Minor","Driver","Had Not Been Drinking","South","Proceeding Straight","Car","None Apparent","1","Not Applicable","Not Applicable"
"CR-0000088718","ACV-0000181393","M","47","","Minor","Parked","Not Applicable","Not Applicable","Parked","Car","None Apparent","1","Not Applicable","Not Applicable"
"CR-0000088725","ACV-0000181406","M","39","","Minor","Driver","Had Not Been Drinking","West","Stopped","Car","None Apparent","1","Not Applicable","Not Applicable"
"CR-0000088732","ACV-0000181423","","0","","Moderate","Parked","Not Applicable","Not Applicable","Parked","Panel Truck","None Apparent","1","Not Applicable","Not Applicable"
"CR-0000088708","ACV-0000181368","","0","","None","Parked","Not Applicable","Not Applicable","Parked","Panel Truck","None Apparent","1","Not Applicable","Not Applicable"
"CR-0000088713","ACV-0000181381","M","21","","None","Driver","Had Not Been Drinking","West","Proceeding Straight","Car","None Apparent","1","22350","Speeding"
"CR-0000088721","ACV-0000181399","","0","","Moderate","Parked","Not Applicable","Not Applicable","Parked","Car","None Apparent","1","Not Applicable","Not Applicable"
"CR-0000088713","ACV-0000181382","M","13","","Moderate","Bicycle","Had Not Been Drinking","North","Proceeding Straight","Bicycle","None Apparent","1","Not Applicable","Not Applicable"
"CR-0000088709","ACV-0000181371","M","32","","Major","Driver","Impairment Not Known","East","Stopped","Car","None Apparent","1","Not Applicable","Not Applicable"
"CR-0000088733","ACV-0000181426","","0","","Minor","Parked","Not Applicable","Not Applicable","Parked","Bus - Other","None Apparent","1","Not Applicable","Not Applicable"
"CR-0000088714","ACV-0000181384","F","41","","Moderate","Driver","Had Not Been Drinking","North","Proceeding Straight","Car","Other","1","Not Applicable","Not Applicable"
"CR-0000088729","ACV-0000181414","","0","","Major","Driver","Impairment Not Known","East","Proceeding Straight","Car","Other Violation","1","22350","Speeding"
"CR-0000088716","ACV-0000181387","","0","","Minor","Parked","Not Applicable","Not Applicable","Parked","Panel Truck","None Apparent","1","Not Applicable","Not Applicable"
"CR-0000088717","ACV-0000181390","F","23","","Minor","Driver","Impairment Not Known","South","Proceeding Straight","Car","None Apparent","1","Not Applicable","Not Applicable"
"CR-0000088709","ACV-0000181372","F","64","","Minor","Driver","Impairment Not Known","East","Stopped","Car","None Apparent","1","Not Applicable","Not Applicable"
"CR-0000088710","ACV-0000181374","M","26","","Major","Driver","Had Not Been Drinking","East","Making Left Turn","Car","None Apparent","1","Not Applicable","Not Applicable"
"CR-0000088726","ACV-0000181409","","0","","Minor","Parked","Not Applicable","Not Applicable","Parked","Car","None Apparent","1","Not Applicable","Not Applicable"
"CR-0000088729","ACV-0000181415","F","58","","Major","Driver","Had Not Been Drinking","East","Stopped","Car","None Apparent","1","Not Applicable","Not Applicable"
"CR-0000088715","ACV-0000181385","M","18","","Unknown","Driver","Impairment Not Known","East","Other Unsafe Turning","Car","Other Violation","1","22350","Speeding"
"CR-0000088722","ACV-0000181400","F","34","","None","Driver","Impairment Not Known","North","Making Right Turn","Bus - Other","None Apparent","1","21950","Yield Pedestrian In Crosswalk"
"CR-0000088721","ACV-0000181398","","0","","Unknown","Driver","Impairment Not Known","East","Proceeding Straight","Panel Truck","Other Violation","1","00001","Other Improper Driving"
"CR-0000088722","ACV-0000181401","M","73","","Not Applicable","Bicycle","Impairment Not Known","West","Other (Bike)","Bicycle","None Apparent","1","Not Applicable","Not Applicable"
"CR-0000088729","ACV-0000181416","M","39","","Minor","Driver","Had Not Been Drinking","East","Stopped","Car","None Apparent","1","Not Applicable","Not Applicable"
"CR-0000088708","ACV-0000181367","","0","","Minor","Driver","Impairment Not Known","North","Proceeding Straight","Car","Other Violation","1","22350","Speeding"
"CR-0000088711","ACV-0000181377","","0","","Moderate","Parked","Not Applicable","Not Applicable","Parked","Car","None Apparent","1","Not Applicable","Not Applicable"
"CR-0000088720","ACV-0000181396","M","57","","None","Driver","Had Not Been Drinking","West","Proceeding Straight","Semi Truck","None Apparent","1","22107","Unsafe Turn Movement"
"CR-0000088707","ACV-0000181365","M","26","","Unknown","Driver","Had Not Been Drinking","South","Making Left Turn","Car","None Apparent","1","22350","Speeding"
"CR-0000088714","ACV-0000181383","F","17","","Moderate","Driver","Had Not Been Drinking","West","Making Left Turn","Car","Other","1","21801","Yield Left Turn"
"CR-0000088731","ACV-0000181420","F","60","","Moderate","Driver","Impairment Not Known","South","Making Left Turn","Car","None Apparent","1","21801","Yield Left Turn"
"CR-0000088710","ACV-0000181375","M","34","","Minor","Parked","Not Applicable","Not Applicable","Parked","Car","None Apparent","1","Not Applicable","Not Applicable"
"CR-0000088717","ACV-0000181389","M","44","","Major","Driver","Impairment Not Known","South","Proceeding Straight","Car","None Apparent","1","Not Applicable","Not Applicable"
"CR-0000088712","ACV-0000181380","F","35","","Moderate","Driver","Had Not Been Drinking","South","Proceeding Straight","Car","None Apparent","1","Not Applicable","Not Applicable"
"CR-0000088723","ACV-0000181402","M","0","","Minor","Driver","Had Not Been Drinking","South","Proceeding Straight","Semi Truck","None Apparent","1","22350","Speeding"
"CR-0000088725","ACV-0000181407","M","49","","Minor","Driver","Had Not Been Drinking","West","Stopped","Car","None Apparent","1","Not Applicable","Not Applicable"
"CR-0000088726","ACV-0000181408","","0","","Unknown","Driver","Impairment Not Known","East","Making Right Turn","Panel Truck","Other Violation","1","21658","Unsafe Lane Change"
"CR-0000088735","ACV-0000181429","","0","","Major","Driver","Impairment Not Known","East","Other Unsafe Turning","Car","Other Violation","1","Unknown","Unknown"