"CrashName","Name","Sex","Age","Speed","VehicleDamage","PartyCategory","Sobriety","VehicleDirection","MovementPrecedingCollision","PartyType","OtherAssociatedFactor","VehicleCount","ViolationCode","ViolationCodeDescription"
"CR-0000088710","ACV-0000181373","F","57","","Major","Driver","Had Not Been Drinking","East","Proceeding Straight","Car","None Apparent","1","22350","Speeding"
"CR-0000088718","ACV-0000181391","","0","","Moderate","Driver","Not Applicable","West","Proceeding Straight","Unknown","Other Violation","1","22350","Speeding"
"CR-0000088709","ACV-0000181370","M","22","","Major","Driver","Impairment Not Known","East","Proceeding Straight","Panel Truck","None Apparent","1","Not Applicable","Not Applicable"
"CR-0000088709","ACV-0000181369","F","24","","Major","Driver","Impairment Not Known","East","Merging","Car","None Apparent","1","21658","Unsafe Lane Change"
"CR-0000088735","ACV-0000181430","","0","","Minor","Parked","Not Applicable","Not Applicable","Parked","Car","None Apparent","1","Not Applicable","Not Applicable"
"CR-0000088732","ACV-0000181422","","0","","Moderate","Driver","Impairment Not Known","South","Proceeding Straight","Car","Other Violation","1","22350","Speeding"
"CR-0000088730","ACV-0000181419","","0","","Moderate","Parked","Not Applicable","Not Applicable","Parked","Car","None Apparent","1","Not Applicable","Not Applicable"
"CR-0000088727","ACV-0000181410","M","26","","Major","Driver","Had Been Drinking - Under Influence","North","Proceeding Straight","Panel Truck","Other Violation","1","22107","Unsafe Turn Movement"
"CR-0000088734","ACV-0000181428","","0","","Moderate","Parked","Not Applicable","Not Applicable","Parked","Bus - School","None Apparent","1","Not Applicable","Not Applicable"
"CR-0000088712","ACV-0000181379","","0","","Moderate","Driver","Impairment Not Known","East","Entering Traffic","Car","Other Violation","1","21804","Yield From Driveway/Curb"
"CR-0000088723","ACV-0000181403","M","27","","Minor","Driver","Had Not Been Drinking","South","Stopped","Car","None Apparent","1","Not Applicable","Not Applicable"
"CR-0000088717","ACV-0000181388","F","37","","Major","Driver","Impairment Not Known","South","Proceeding Straight","Car","Other Violation","1","21703","Follow Too Closely"
"CR-0000088724","ACV-0000181404","F","28","","Major","Driver","Impairment Not Known","West","Ran Off Road","Car","None Apparent","1","22350","Speeding"
"CR-0000088731","ACV-0000181421","M","17","","Moderate","Driver","Impairment Not Known","West","Proceeding Straight","Car","None Apparent","1","Not Applicable","Not Applicable"
"CR-0000088718","ACV-0000181392","M","35","","Moderate","Parked","Not Applicable","Not Applicable","Parked","Car","None Apparent","1","Not Applicable","Not Applicable"
"CR-0000088725","ACV-0000181405","F","0","","Minor","Driver","Had Not Been Drinking","West","Proceeding Straight","Car","None Apparent","1","22350","Speeding"
"CR-0000088734","ACV-0000181427","","0","","Moderate","Driver","Had Been Drinking - Impairment Unknown","North","Other Unsafe Turning","Car","Other Violation","1","22107","Unsafe Turn Movement"
"CR-0000088716","ACV-0000181386","M","49","","Unknown","Driver","Impairment Not Known","South","Other","Panel Truck","Other","1","21460","Driving Over Centerline"
"CR-0000088711","ACV-0000181378","","0","","Minor","Parked","Not Applicable","Not Applicable","Parked","Car","None Apparent","1","Not Applicable","Not Applicable"
"CR-0000088727","ACV-0000181411","F","29","","Minor","Parked","Not Applicable","Not Applicable","Parked","Car","None Apparent","1","Not Applicable","Not Applicable"
"CR-0000088737","ACV-0000181434","F","64","","Major","Driver","Impairment Not Known","East","Proceeding Straight","Panel Truck","None Apparent","1","Not Applicable","Not Applicable"
"CR-0000088737","ACV-0000181433","M","53","","Major","Driver","Impairment Not Known","West","Making Left Turn","Car","Other Violation","1","22107","Unsafe Turn Movement"
"CR-0000088739","ACV-0000181437","M","58","","Minor","Driver","Impairment Not Known","East","Stopped","Panel Truck","None Apparent","1","Not Applicable","Not Applicable"
"CR-0000088741","ACV-0000181441","","0","","Major","Driver","Impairment Not Known","East","Other Unsafe Turning","Car","Other Violation","1","22350","Speeding"
"CR-0000088736","ACV-0000181431","","0","","Unknown","Driver","Impairment Not Known","Unknown","Unknown","Car","Unknown","1","Unknown","Unknown"
"CR-0000088738","ACV-0000181435","M","21","","Moderate","Driver","Had Not Been Drinking","North","Proceeding Straight","Car","None Apparent","1","22350","Speeding"
"CR-0000088740","ACV-0000181439","F","19","","Unknown","Driver","Had Not Been Drinking","North","Changing Lanes","Car","Unknown","1","Unknown","Unknown"
"CR-0000088739","ACV-0000181438","","0","","Unknown","Driver","Impairment Not Known","North","Making Left Turn","Panel Truck","Other Violation","1","22107","Unsafe Turn Movement"
"CR-0000088742","ACV-0000181442","","0","","Unknown","Driver","Impairment Not Known","West","Backing","Car","Other Violation","1","22106","Unsafe Backing"
"CR-0000088743","ACV-0000181446","","0","","Not Applicable","Pedestrian","Not Applicable","Unknown","Other (Ped)","Pedestrian","None Apparent","1","Not Applicable","Not Applicable"
"CR-0000088742","ACV-0000181443","","0","","Unknown","Parked","Not Applicable","Not Applicable","Parked","Car","None Apparent","1","Not Applicable","Not Applicable"
"CR-0000088744","ACV-0000181447","M","57","","Minor","Driver","Had Been Drinking - Not Under Influence","South","Proceeding Straight","Panel Truck","None Apparent","1","21453","Run Red Light"
"CR-0000088743","ACV-0000181445","","0","","Moderate","Parked","Not Applicable","Not Applicable","Parked","Car","None Apparent","1","Not Applicable","Not Applicable"
"CR-0000088745","ACV-0000181449","","0","","Unknown","Driver","Impairment Not Known","West","Proceeding Straight","Car","Other Violation","1","Unknown","Unknown"
"CR-0000088747","ACV-0000181453","M","78","","Moderate","Driver","Had Not Been Drinking","North","Making Left Turn","Car","Other Violation","1","22107","Unsafe Turn Movement"
"CR-0000088745","ACV-0000181450","","25","","Not Applicable","Pedestrian","Had Not Been Drinking","West","Proceeding Straight","Pedestrian","None Apparent","1","Not Applicable","Not Applicable"
"CR-0000088747","ACV-0000181454","M","50","","Minor","Driver","Had Not Been Drinking","North","Proceeding Straight","Train","None Apparent","1","Not Applicable","Not Applicable"
"CR-0000088736","ACV-0000181432","F","15","","Not Applicable","Pedestrian","Impairment Not Known","Unknown","Unknown","Pedestrian","Unknown","1","Unknown","Unknown"
"CR-0000088738","ACV-0000181436","M","24","","None","Driver","Had Not Been Drinking","North","Stopped","Panel Truck","None Apparent","1","Not Applicable","Not Applicable"
"CR-0000088740","ACV-0000181440","F","32","","Unknown","Driver","Had Not Been Drinking","North","Proceeding Straight","Car","Unknown","1","Unknown","Unknown"
"CR-0000088746","ACV-0000181451","F","32","","Major","Driver","Had Not Been Drinking","South","Proceeding Straight","Car","None Apparent","1","22107","Unsafe Turn Movement"
"CR-0000088748","ACV-0000181455","","0","","Unknown","Driver","Impairment Not Known","West","Passing Other Vehicles","Unknown","Other Violation","1","22350","Speeding"
"CR-0000088750","ACV-0000181459","","0","","Unknown","Driver","Impairment Not Known","East","Backing","Panel Truck","Other Violation","1","22106","Unsafe Backing"
"CR-0000088749","ACV-0000181457","","0","","Minor","Driver","Impairment Not Known","West","Proceeding Straight","Car","Other Violation","1","22350","Speeding"
"CR-0000088751","ACV-0000181461","M","17","","Moderate","Driver","Had Not Been Drinking","West","Backing","Car","None Apparent","1","21804","Yield From Driveway/Curb"
"CR-0000088753","ACV-0000181465","","0","","Unknown","Driver","Impairment Not Known","West","Proceeding Straight","Car","Other Violation","1","21703","Follow Too Closely"
"CR-0000088749","ACV-0000181458","M","27","","None","Driver","Impairment Not Known","Not Applicable","Stopped","Panel Truck","None Apparent","1","Not Applicable","Not Applicable"
"CR-0000088751","ACV-0000181462","M","66","","Moderate","Driver","Had Not Been Drinking","North","Proceeding Straight","Panel Truck","None Apparent","1","Not Applicable","Not Applicable"
"CR-0000088743","ACV-0000181444","F","23","","Major","Driver","Had Not Been Drinking","North","Proceeding Straight","Car","None Apparent","1","21658","Unsafe Lane Change"
"CR-0000088744","ACV-0000181448","M","35","","Minor","Driver","Had Been Drinking - Not Under Influence","West","Proceeding Straight","Car","None Apparent","1","Not Applicable","Not Applicable"
"CR-0000088753","ACV-0000181466","F","42","","Minor","Driver","Had Been Drinking - Not Under Influence","West","Proceeding Straight","Car","None Apparent","1","Not Applicable","Not Applicable"
"CR-0000088755","ACV-0000181470","F","24","","Moderate","Driver","Had Not Been Drinking","East","Making Left Turn","Car","None Apparent","1","Not Applicable","Not Applicable"
"CR-0000088752","ACV-0000181463","","0","","Unknown","Driver","Impairment Not Known","West","Merging","Car","Unknown","1","Unknown","Unknown"
"CR-0000088754","ACV-0000181467","M","61","","Unknown","Driver","Impairment Not Known","East","Proceeding Straight","Car","None Apparent","1","Unknown","Unknown"
"CR-0000088756","ACV-0000181471","M","55","","Not Applicable","Bicycle","Had Not Been Drinking","South","Proceeding Straight","Bicycle","None Apparent","1","21650","Driving Wrong Side"
"CR-0000088755","ACV-0000181469","M","52","","Minor","Driver","Had Not Been Drinking","South","Proceeding Straight","Car","None Apparent","1","21453","Run Red Light"
"CR-0000088757","ACV-0000181473","F","43","","Minor","Driver","Impairment Not Known","West","Proceeding Straight","Car","None Apparent","1","21453","Run Red Light"
"CR-0000088758","ACV-0000181477","M","32","","Minor","Driver","Had Not Been Drinking","West","Stopped","Car","None Apparent","1","Not Applicable","Not Applicable"
"CR-0000088746","ACV-0000181452","M","38","","Major","Driver","Had Not Been Drinking","West","Making Left Turn","Car","None Apparent","1","Not Applicable","Not Applicable"
"CR-0000088748","ACV-0000181456","F","19","","Major","Driver","Impairment Not Known","West","Making Right Turn","Car","None Apparent","1","Not Applicable","Not Applicable"
"CR-0000088750","ACV-0000181460","M","24","","None","Parked","Not Applicable","Not Applicable","Parked","Car","None Apparent","1","Not Applicable","Not Applicable"
"CR-0000088757","ACV-0000181474","F","29","","Minor","Driver","Impairment Not Known","South","Making Left Turn","Panel Truck","None Apparent","1","Not Applicable","Not Applicable"
"CR-0000088759","ACV-0000181479","M","71","","Minor","Driver","Had Not Been Drinking","North","Stopped","Car","None Apparent","1","Not Applicable","Not Applicable"
"CR-0000088761","ACV-0000181482","M","39","","Major","Driver","Had Been Drinking - Under Influence","Unknown","Proceeding Straight","Car","None Apparent","1","22350","Speeding"
"CR-0000088758","ACV-0000181475","F","34","","Major","Driver","Had Not Been Drinking","West","Proceeding Straight","Car","None Apparent","1","22350","Speeding"
"CR-0000088759","ACV-0000181478","M","30","","Minor","Driver","Had Not Been Drinking","North","Proceeding Straight","Car","None Apparent","1","22350","Speeding"
"CR-0000088761","ACV-0000181483","M","0","","Major","Parked","Not Applicable","Not Applicable","Parked","Car","None Apparent","1","Not Applicable","Not Applicable"
"CR-0000088760","ACV-0000181481","F","48","","Major","Driver","Had Not Been Drinking","East","Making Right Turn","Car","None Apparent","1","Not Applicable","Not Applicable"
"CR-0000088762","ACV-0000181485","F","44","","Minor","Driver","Impairment Not Known","East","Making Left Turn","Unknown","None Apparent","1","21801","Yield Left Turn"
"CR-0000088764","ACV-0000181489","M","75","","None","Driver","Impairment Not Known","North","Backing","Car","Other Violation","1","22106","Unsafe Backing"
"CR-0000088752","ACV-0000181464","F","44","","Unknown","Driver","Impairment Not Known","West","Slowing/Stopping","Car","Unknown","1","Unknown","Unknown"
"CR-0000088754","ACV-0000181468","F","36","","Unknown","Driver","Impairment Not Known","North","Making Right Turn","Car","None Apparent","1","Unknown","Unknown"
"CR-0000088756","ACV-0000181472","F","27","","Minor","Driver","Had Not Been Drinking","West","Proceeding Straight","Car","None Apparent","1","Not Applicable","Not Applicable"
"CR-0000088762","ACV-0000181486","F","25","","Minor","Driver","Impairment Not Known","East","Proceeding Straight","Unknown","None Apparent","1","Not Applicable","Not Applicable"
"CR-0000088764","ACV-0000181490","","0","","Unknown","Parked","Not Applicable","Not Applicable","Parked","Car","None Apparent","1","Not Applicable","Not Applicable"
"CR-0000088767","ACV-0000181494","","0","","Totaled","Driver","Impairment Not Known","Unknown","Proceeding Straight","Car","None Apparent","1","22106","Unsafe Backing"
"CR-0000088763","ACV-0000181487","M","51","","Minor","Driver","Impairment Not Known","South","Making Left Turn","Panel Truck","None Apparent","1","21950","Yield Pedestrian In Crosswalk"
"CR-0000088765","ACV-0000181491","M","32","","Major","Driver","Impairment Not Known","East","Making U-Turn","Car","None Apparent","1","21801","Yield Left Turn"
"CR-0000088768","ACV-0000181495","M","29","","Major","Driver","Had Not Been Drinking","East","Proceeding Straight","Car","Other Violation","1","21460","Driving Over Centerline"
"CR-0000088766","ACV-0000181493","F","46","","Minor","Driver","Had Not Been Drinking","West","Stopped","Car","None Apparent","1","Not Applicable","Not Applicable"
"CR-0000088769","ACV-0000181497","F","17","","Major","Driver","Had Not Been Drinking","East","Proceeding Straight","Car","Other Violation","1","22350","Speeding"
"CR-0000088771","ACV-0000181501","M","23","","Major","Driver","Impairment Physical","South","Proceeding Straight","Car","None Apparent","1","22350","Speeding"
"CR-0000088758","ACV-0000181476","F","30","","Major","Driver","Had Not Been Drinking","West","Stopped","Car","None Apparent","1","Not Applicable","Not Applicable"
"CR-0000088760","ACV-0000181480","M","33","","Moderate","Driver","Had Not Been Drinking","South","Proceeding Straight","Car","None Apparent","1","21453","Run Red Light"
"CR-0000088761","ACV-0000181484","F","0","","Major","Parked","Not Applicable","Not Applicable","Parked","Car","None Apparent","1","Not Applicable","Not Applicable"
"CR-0000088770","ACV-0000181499","M","57","","Major","Driver","Impairment Not Known","East","Making Left Turn","Car","None Apparent","1","Not Applicable","Not Applicable"
"CR-0000088772","ACV-0000181503","M","69","","Minor","Driver","Impairment Not Known","East","Making Left Turn","Panel Truck","None Apparent","1","21950","Yield Pedestrian In Crosswalk"
"CR-0000088769","ACV-0000181498","F","19","","Major","Driver","Had Not Been Drinking","North","Making Left Turn","Car","None Apparent","1","Not Applicable","Not Applicable"
"CR-0000088771","ACV-0000181502","M","46","","Major","Driver","Impairment Physical","South","Stopped","Car","None Apparent","1","Not Applicable","Not Applicable"
"CR-0000088773","ACV-0000181506","M","73","","Moderate","Driver","Had Not Been Drinking","West","Making Left Turn","Car","None Apparent","1","Not Applicable","Not Applicable"
"CR-0000088773","ACV-0000181505","M","25","","Moderate","Driver","Had Not Been Drinking","South","Proceeding Straight","Car","None Apparent","1","21453","Run Red Light"
"CR-0000088775","ACV-0000181509","F","75","","Minor","Driver","Had Not Been Drinking","South","Backing","Car","None Apparent","1","22106","Unsafe Backing"
"CR-0000088776","ACV-0000181513","","0","","Major","Parked","Not Applicable","Not Applicable","Parked","Car","None Apparent","1","Not Applicable","Not Applicable"
"CR-0000088763","ACV-0000181488","F","19","","Not Applicable","Pedestrian","Impairment Not Known","North","Other (Ped)","Skateboard","None Apparent","1","Not Applicable","Not Applicable"
"CR-0000088766","ACV-0000181492","","0","","Unknown","Driver","Impairment Not Known","West","Proceeding Straight","Car","Other Violation","1","Unknown","Unknown"
"CR-0000088768","ACV-0000181496","","0","","Moderate","Driver","Not Applicable","Not Applicable","Parked","Panel Truck","None Apparent","1","Not Applicable","Not Applicable"
"CR-0000088774","ACV-0000181507","F","29","","Moderate","Driver","Impairment Not Known","South","Proceeding Straight","Car","None Apparent","1","22350","Speeding"
"CR-0000088775","ACV-0000181511","","0","","Minor","Parked","Not Applicable","Not Applicable","Parked","Car","None Apparent","1","Not Applicable","Not Applicable"
"CR-0000088776","ACV-0000181515","","0","","Major","Parked","Not Applicable","Not Applicable","Parked","Car","None Apparent","1","Not Applicable","Not Applicable"
"CR-0000088775","ACV-0000181510","F","55","","Not Applicable","Pedestrian","Impairment Not Known","Unknown","Other (Ped)","Pedestrian","None Apparent","1","Not Applicable","Not Applicable"
"CR-0000088776","ACV-0000181514","","0","","Major","Parked","Not Applicable","Not Applicable","Parked","Car","None Apparent","1","Not Applicable","Not Applicable"
"CR-0000088770","ACV-0000181500","F","67","","Major","Driver","Impairment Not Known","South","Stopped","Car","None Apparent","1","Not Applicable","Not Applicable"
"CR-0000088772","ACV-0000181504","M","22","","Not Applicable","Bicycle","Impairment Not Known","South","Proceeding Straight","Bicycle","None Apparent","1","Not Applicable","Not Applicable"
"CR-0000088777","ACV-0000181517","","0","","Moderate","Parked","Not Applicable","Not Applicable","Parked","Car","None Apparent","1","Not Applicable","Not Applicable"
"CR-0000088780","ACV-0000181521","F","27","","Moderate","Driver","Had Not Been Drinking","West","Making Left Turn","Car","None Apparent","1","Not Applicable","Not Applicable"
"CR-0000088781","ACV-0000181525","F","65","","Major","Driver","Had Not Been Drinking","West","Stopped","Car","None Apparent","1","Not Applicable","Not Applicable"
"CR-0000088779","ACV-0000181519","M","22","","Major","Driver","Impairment Not Known","West","Other Unsafe Turning","Car","None Apparent","1","22350","Speeding"
"CR-0000088781","ACV-0000181523","M","91","","Major","Driver","Impairment Not Known","West","Other Unsafe Turning","Car","Other Violation","1","21658","Unsafe Lane Change"
"CR-0000088778","ACV-0000181518","F","40","","Major","Driver","Had Been Drinking - Under Influence","North","Making Right Turn","Car","None Apparent","1","23152","Driving Drunk"
"CR-0000088780","ACV-0000181522","F","23","","Major","Parked","Not Applicable","Not Applicable","Parked","Car","None Apparent","1","Not Applicable","Not Applicable"
"CR-0000088774","ACV-0000181508","F","48","","Minor","Driver","Impairment Not Known","South","Stopped","Car","None Apparent","1","Not Applicable","Not Applicable"
"CR-0000088776","ACV-0000181512","","0","","Major","Driver","Impairment Not Known","West","Ran Off Road","Car","Other Violation","1","22350","Speeding"
"CR-0000088777","ACV-0000181516","M","43","","Moderate","Driver","Had Been Drinking - Under Influence","West","Making Left Turn","Car","Other Violation","1","23152","Driving Drunk"
"CR-0000088780","ACV-0000181520","M","49","","Moderate","Driver","Had Not Been Drinking","West","Entering Traffic","Car","None Apparent","1","21804","Yield From Driveway/Curb"
"CR-0000088781","ACV-0000181524","M","68","","Minor","Driver","Had Not Been Drinking","West","Stopped","Car","None Apparent","1","Not Applicable","Not Applicable"
"CR-0000088861","ACV-0000181705","","0","","Minor","Parked","Not Applicable","Not Applicable","Parked","Car","None Apparent","1","Not Applicable","Not Applicable"
"CR-0000088861","ACV-0000181704","","0","","Moderate","Parked","Not Applicable","Not Applicable","Parked","Car","None Apparent","1","Not Applicable","Not Applicable"
"CR-0000088862","ACV-0000181706","","0","","Minor","Driver","Impairment Not Known","East","Proceeding Straight","Unknown","Other Violation","1","22350","Speeding"
"CR-0000088860","ACV-0000181700","F","47","","Moderate","Driver","Had Been Drinking - Under Influence","South","Proceeding Straight","Car","Other Violation","1","23152","Driving Drunk"
"CR-0000088859","ACV-0000181699","M","73","","Major","Driver","Had Not Been Drinking","South","Proceeding Straight","Car","None Apparent","1","Not Applicable","Not Applicable"
"CR-0000088861","ACV-0000181702","M","40","","Moderate","Driver","Had Not Been Drinking","South","Proceeding Straight","Car","Other Violation","1","22350","Speeding"
"CR-0000088861","ACV-0000181703","","0","","Moderate","Parked","Not Applicable","Not Applicable","Parked","Car","None Apparent","1","Not Applicable","Not Applicable"
"CR-0000088862","ACV-0000181708","","0","","Unknown","Parked","Not Applicable","Not Applicable","Parked","Panel Truck","None Apparent","1","Not Applicable","Not Applicable"
"CR-0000088862","ACV-0000181707","","0","","Unknown","Parked","Not Applicable","Not Applicable","Parked","Car","None Apparent","1","Not Applicable","Not Applicable"
"CR-0000088860","ACV-0000181701","M","39","","Minor","Parked","Not Applicable","Not Applicable","Parked","Car","None Apparent","1","Not Applicable","Not Applicable"
"CR-0000088859","ACV-0000181698","M","17","","Major","Driver","Had Not Been Drinking","West","Stopped","Car","None Apparent","1","21453","Run Red Light"
"CR-0000088889","ACV-0000181759","F","24","","Minor","Driver","Impairment Not Known","West","Backing","Motorcycle/Moped","None Apparent","1","21804","Yield From Driveway/Curb"
"CR-0000088868","ACV-0000181718","F","47","","Minor","Driver","Had Not Been Drinking","North","Proceeding Straight","Car","None Apparent","1","22350","Speeding"
"CR-0000088865","ACV-0000181712","","0","","Major","Parked","Not Applicable","Not Applicable","Parked","Car","None Apparent","1","Not Applicable","Not Applicable"
"CR-0000088883","ACV-0000181747","F","36","","Minor","Parked","Not Applicable","Not Applicable","Parked","Car","Other Violation","1","Unknown","Unknown"
"CR-0000088889","ACV-0000181760","F","49","","Moderate","Driver","Impairment Not Known","North","Proceeding Straight","Car","None Apparent","1","Not Applicable","Not Applicable"
"CR-0000088878","ACV-0000181740","M","62","","Major","Driver","Had Not Been Drinking","North","Proceeding Straight","Car","None Apparent","1","Not Applicable","Not Applicable"
"CR-0000088865","ACV-0000181713","","0","","Unknown","Parked","Not Applicable","Not Applicable","Parked","Car","None Apparent","1","Not Applicable","Not Applicable"
"CR-0000088865","ACV-0000181711","","0","","Major","Driver","Impairment Not Known","North","Proceeding Straight","Car","Other Violation","1","22100","Improper Turn"
"CR-0000088894","ACV-0000181767","F","24","","Moderate","Driver","Impairment Not Known","North","Making Left Turn","Car","None Apparent","1","21804","Yield From Driveway/Curb"
"CR-0000088887","ACV-0000181756","F","37","","Minor","Driver","Had Not Been Drinking","South","Stopped","Car","None Apparent","1","Not Applicable","Not Applicable"
"CR-0000088867","ACV-0000181717","M","18","","Major","Driver","Had Not Been Drinking","North","Making Left Turn","Car","None Apparent","1","Not Applicable","Not Applicable"
"CR-0000088873","ACV-0000181730","","0","","Moderate","Parked","Not Applicable","Not Applicable","Parked","Car","None Apparent","1","Not Applicable","Not Applicable"
"CR-0000088869","ACV-0000181720","F","41","","Moderate","Driver","Had Been Drinking - Under Influence","North","Proceeding Straight","Car","None Apparent","1","23152","Driving Drunk"
"CR-0000088890","ACV-0000181761","F","56","","Major","Driver","Had Not Been Drinking","North","Proceeding Straight","Car","None Apparent","1","22350","Speeding"
"CR-0000088884","ACV-0000181750","M","58","","Minor","Driver","Had Not Been Drinking","South","Making U-Turn","Car","None Apparent","1","Not Applicable","Not Applicable"
"CR-0000088869","ACV-0000181721","M","56","","Unknown","Driver","Impairment Not Known","North","Stopped","Car","None Apparent","1","Not Applicable","Not Applicable"
"CR-0000088872","ACV-0000181727","","0","","Moderate","Parked","Not Applicable","Not Applicable","Parked","Car","None Apparent","1","Not Applicable","Not Applicable"
"CR-0000088873","ACV-0000181728","F","69","","Major","Driver","Impairment Not Known","South","Proceeding Straight","Car","None Apparent","1","22350","Speeding"
"CR-0000088876","ACV-0000181736","F","53","","Major","Driver","Had Not Been Drinking","West","Stopped","Car","None Apparent","1","Not Applicable","Not Applicable"
"CR-0000088866","ACV-0000181715","M","38","","Major","Driver","Had Not Been Drinking","South","Stopped","Panel Truck","None Apparent","1","Not Applicable","Not Applicable"
"CR-0000088880","ACV-0000181742","F","24","","Moderate","Driver","Impairment Not Known","East","Proceeding Straight","Car","Other Violation","1","22350","Speeding"
"CR-0000088881","ACV-0000181744","","0","","Unknown","Driver","Impairment Not Known","East","Proceeding Straight","Unknown","Other Violation","1","22350","Speeding"
"CR-0000088880","ACV-0000181743","M","21","","Minor","Driver","Impairment Not Known","East","Stopped","Car","None Apparent","1","Not Applicable","Not Applicable"
"CR-0000088883","ACV-0000181748","F","39","","Minor","Driver","Impairment Not Known","North","Making Right Turn","Bus - School","None Apparent","1","Not Applicable","Not Applicable"
"CR-0000088866","ACV-0000181714","M","71","","Major","Driver","Had Not Been Drinking","West","Proceeding Straight","Car","Other Violation","1","21650","Driving Wrong Side"
"CR-0000088878","ACV-0000181739","F","44","","Major","Driver","Had Not Been Drinking","East","Proceeding Straight","Car","Other Violation","1","21453","Run Red Light"
"CR-0000088869","ACV-0000181722","M","68","","Unknown","Driver","Impairment Not Known","North","Stopped","Car","None Apparent","1","Not Applicable","Not Applicable"
"CR-0000088870","ACV-0000181723","","0","","Major","Driver","Not Applicable","West","Other Unsafe Turning","Car","Other Violation","1","22350","Speeding"
"CR-0000088879","ACV-0000181741","F","21","","Moderate","Driver","Had Not Been Drinking","West","Ran Off Road","Car","None Apparent","1","22100","Improper Turn"
"CR-0000088885","ACV-0000181752","M","29","","Minor","Driver","Impairment Not Known","East","Making Left Turn","Panel Truck","None Apparent","1","Not Applicable","Not Applicable"
"CR-0000088871","ACV-0000181724","M","34","","Minor","Driver","Impairment Not Known","South","Proceeding Straight","Panel Truck","Other Violation","1","22350","Speeding"
"CR-0000088868","ACV-0000181719","F","46","","Minor","Driver","Had Not Been Drinking","North","Proceeding Straight","Car","None Apparent","1","Not Applicable","Not Applicable"
"CR-0000088888","ACV-0000181758","M","48","","Major","Driver","Had Not Been Drinking","South","Proceeding Straight","Car","None Apparent","1","Not Applicable","Not Applicable"
"CR-0000088871","ACV-0000181725","M","47","","Minor","Driver","Had Not Been Drinking","South","Stopped","Car","None Apparent","1","Not Applicable","Not Applicable"
"CR-0000088886","ACV-0000181753","","0","","Unknown","Driver","Impairment Not Known","East","Ran Off Road","Car","Other Violation","1","22350","Speeding"
"CR-0000088893","ACV-0000181765","M","36","","Minor","Driver","Had Not Been Drinking","North","Making Right Turn","Car","None Apparent","1","Unknown","Unknown"
"CR-0000088875","ACV-0000181734","F","34","","Minor","Parked","Not Applicable","Not Applicable","Parked","Car","None Apparent","1","Not Applicable","Not Applicable"
"CR-0000088893","ACV-0000181766","F","43","","Not Applicable","Bicycle","Had Not Been Drinking","North","Proceeding Straight","Bicycle","None Apparent","1","Not Applicable","Not Applicable"
"CR-0000088885","ACV-0000181751","","0","","Minor","Driver","Impairment Not Known","East","Making U-Turn","Car","Other Violation","1","Unknown","Unknown"
"CR-0000088888","ACV-0000181757","M","27","","Major","Driver","Had Been Drinking - Under Influence","East","Proceeding Straight","Car","Other Violation","1","21453","Run Red Light"
"CR-0000088867","ACV-0000181716","F","23","","Major","Driver","Had Been Drinking - Under Influence","East","Making U-Turn","Car","Other Violation","1","23152","Driving Drunk"
"CR-0000088876","ACV-0000181735","M","27","","Major","Driver","Had Not Been Drinking","West","Proceeding Straight","Car","Other Violation","1","22350","Speeding"
"CR-0000088881","ACV-0000181745","M","33","","Major","Driver","Impairment Not Known","West","Making Left Turn","Car","None Apparent","1","Not Applicable","Not Applicable"
"CR-0000088874","ACV-0000181731","M","19","","Moderate","Driver","Had Not Been Drinking","East","Changing Lanes","Car","Other Violation","1","21658","Unsafe Lane Change"
"CR-0000088892","ACV-0000181763","","0","","Major","Driver","Had Been Drinking - Impairment Unknown","West","Proceeding Straight","Car","Other Violation","1","22107","Unsafe Turn Movement"
"CR-0000088894","ACV-0000181768","F","22","","Moderate","Driver","Impairment Not Known","South","Proceeding Straight","Car","None Apparent","1","Not Applicable","Not Applicable"
"CR-0000088887","ACV-0000181755","F","44","","Moderate","Driver","Had Not Been Drinking","South","Stalled","Car","None Apparent","1","Not Applicable","Not Applicable"
"CR-0000088872","ACV-0000181726","","0","","Unknown","Driver","Impairment Not Known","Unknown","Other Unsafe Turning","Unknown","Other Violation","1","Unknown","Unknown"
"CR-0000088877","ACV-0000181737","M","26","","Major","Driver","Impairment Not Known","West","Proceeding Straight","Car","None Apparent","1","21453","Run Red Light"
"CR-0000088891","ACV-0000181762","M","45","","Major","Driver","Had Been Drinking - Under Influence","West","Making Left Turn","Panel Truck","Other Violation","1","23152","Driving Drunk"
"CR-0000088864","ACV-0000181710","","0","","Minor","Driver","Impairment Not Known","East","Unknown","Car","Other Violation","1","22350","Speeding"
"CR-0000088875","ACV-0000181733","M","0","","Unknown","Driver","Impairment Not Known","East","Proceeding Straight","Car","Other Violation","1","21658","Unsafe Lane Change"
"CR-0000088887","ACV-0000181754","M","30","","Moderate","Driver","Had Not Been Drinking","South","Proceeding Straight","Panel Truck","None Apparent","1","21703","Follow Too Closely"
"CR-0000088877","ACV-0000181738","M","33","","Major","Driver","Impairment Not Known","South","Proceeding Straight","Car","None Apparent","1","Not Applicable","Not Applicable"