"CrashName","Name","Sex","Age","Speed","VehicleDamage","PartyCategory","Sobriety","VehicleDirection","MovementPrecedingCollision","PartyType","OtherAssociatedFactor","VehicleCount","ViolationCode","ViolationCodeDescription"
"CR-0000088882","ACV-0000181746","","0","","Unknown","Driver","Impairment Not Known","North","Making Right Turn","Other","None Apparent","1","22107","Unsafe Turn Movement"
"CR-0000088873","ACV-0000181729","","0","","Major","Parked","Not Applicable","Not Applicable","Parked","Panel Truck","None Apparent","1","Not Applicable","Not Applicable"
"CR-0000088884","ACV-0000181749","","0","","Unknown","Driver","Impairment Not Known","South","Proceeding Straight","Car","Other Violation","1","21651","Divided Highway"
"CR-0000088874","ACV-0000181732","F","27","","Minor","Driver","Had Not Been Drinking","East","Proceeding Straight","Car","None Apparent","1","Not Applicable","Not Applicable"
"CR-0000088892","ACV-0000181764","","0","","Major","Parked","Not Applicable","Not Applicable","Parked","Car","None Apparent","1","Not Applicable","Not Applicable"
"CR-0000088906","ACV-0000181791","M","57","","Moderate","Driver","Had Not Been Drinking","West","Proceeding Straight","Car","None Apparent","1","Not Applicable","Not Applicable"
"CR-0000088910","ACV-0000181797","","0","","Major","Driver","Impairment Not Known","North","Proceeding Straight","Panel Truck","Other Violation","1","22350","Speeding"
"CR-0000088907","ACV-0000181793","F","33","","Major","Driver","Had Not Been Drinking","West","Making Left Turn","Car","None Apparent","1","21801","Yield Left Turn"
"CR-0000088897","ACV-0000181770","F","32","","Major","Driver","Had Not Been Drinking","West","Proceeding Straight","Car","Defective Vehicle Equipment","1","21460","Driving Over Centerline"
"CR-0000088907","ACV-0000181792","M","19","","Major","Driver","Sleepy/Fatigued","East","Proceeding Straight","Car","Other Violation","1","Not Applicable","Not Applicable"
"CR-0000088900","ACV-0000181780","M","65","","Minor","Driver","Had Not Been Drinking","North","Making Right Turn","Car","None Apparent","1","Not Applicable","Not Applicable"
"CR-0000088897","ACV-0000181771","M","32","","Minor","Driver","Had Not Been Drinking","East","Proceeding Straight","Semi Truck","None Apparent","1","Not Applicable","Not Applicable"
"CR-0000088899","ACV-0000181777","","0","","Moderate","Parked","Not Applicable","Not Applicable","Parked","Panel Truck","None Apparent","1","Not Applicable","Not Applicable"
"CR-0000088904","ACV-0000181787","M","51","","Moderate","Driver","Impairment Not Known","East","Stopped","Car","None Apparent","1","Not Applicable","Not Applicable"
"CR-0000088904","ACV-0000181786","F","18","","Moderate","Driver","Impairment Not Known","East","Backing","Car","None Apparent","1","22106","Unsafe Backing"
"CR-0000088899","ACV-0000181773","M","42","","Moderate","Driver","Impairment Not Known","East","Proceeding Straight","Car","Other Violation","1","22350","Speeding"
"CR-0000088905","ACV-0000181789","","0","","Minor","Parked","Not Applicable","Not Applicable","Parked","Other","None Apparent","1","Not Applicable","Not Applicable"
"CR-0000088908","ACV-0000181794","F","17","","Major","Driver","Sleepy/Fatigued","East","Making Left Turn","Car","Other Violation","1","22350","Speeding"
"CR-0000088896","ACV-0000181769","M","20","","Major","Driver","Had Not Been Drinking","North","Ran Off Road","Car","Uninvolved Vehicle","1","21651","Divided Highway"
"CR-0000088898","ACV-0000181772","M","33","","Moderate","Driver","Impairment Not Known","East","Making Left Turn","Panel Truck","Other Violation","1","22350","Speeding"
"CR-0000088899","ACV-0000181778","","0","","Moderate","Parked","Not Applicable","Not Applicable","Parked","Panel Truck","None Apparent","1","Not Applicable","Not Applicable"
"CR-0000088899","ACV-0000181774","","0","","Major","Parked","Not Applicable","Not Applicable","Parked","Car","None Apparent","1","Not Applicable","Not Applicable"
"CR-0000088909","ACV-0000181795","M","23","","Major","Driver","Had Been Drinking - Under Influence","North","Proceeding Straight","Car","None Apparent","1","23153","Driving Drunk With Injury"
"CR-0000088899","ACV-0000181775","","0","","Moderate","Parked","Not Applicable","Not Applicable","Parked","Car","None Apparent","1","Not Applicable","Not Applicable"
"CR-0000088909","ACV-0000181796","M","17","","Major","Driver","Had Not Been Drinking","North","Stopped","Car","None Apparent","1","Not Applicable","Not Applicable"
"CR-0000088903","ACV-0000181785","M","21","","Major","Driver","Had Not Been Drinking","South","Proceeding Straight","Car","None Apparent","1","Not Applicable","Not Applicable"
"CR-0000088899","ACV-0000181776","","0","","Moderate","Parked","Not Applicable","Not Applicable","Parked","Car","None Apparent","1","Not Applicable","Not Applicable"
"CR-0000088905","ACV-0000181788","","0","","Moderate","Driver","Impairment Not Known","North","Proceeding Straight","Car","Other Violation","1","Unknown","Unknown"
"CR-0000088902","ACV-0000181783","M","53","","Major","Driver","Had Not Been Drinking","North","Proceeding Straight","Car","Other Violation","1","21663","Driving On Sidewalk"
"CR-0000088901","ACV-0000181782","F","38","","Moderate","Driver","Impairment Not Known","East","Stopped","Car","None Apparent","1","Not Applicable","Not Applicable"
"CR-0000088901","ACV-0000181781","M","19","","Major","Driver","Impairment Not Known","East","Changing Lanes","Car","None Apparent","1","23103","Reckless Driving 2"
"CR-0000088900","ACV-0000181779","M","22","","Major","Driver","Had Not Been Drinking","North","Making Right Turn","Car","Other Violation","1","22350","Speeding"
"CR-0000088903","ACV-0000181784","M","77","","Major","Driver","Had Not Been Drinking","West","Proceeding Straight","Car","None Apparent","1","22450","Fail Stop/Sign"
"CR-0000088906","ACV-0000181790","F","60","","Major","Driver","Had Not Been Drinking","East","Making Left Turn","Car","None Apparent","1","22107","Unsafe Turn Movement"
"CR-0000088915","ACV-0000181806","F","18","","Major","Driver","Had Not Been Drinking","North","Proceeding Straight","Car","None Apparent","1","21453","Run Red Light"
"CR-0000088916","ACV-0000181810","","0","","Moderate","Parked","Not Applicable","Not Applicable","Parked","Car","None Apparent","1","Not Applicable","Not Applicable"
"CR-0000088911","ACV-0000181798","M","51","","Moderate","Driver","Impairment Not Known","South","Proceeding Straight","Motorcycle/Moped","None Apparent","1","21453","Run Red Light"
"CR-0000088913","ACV-0000181803","M","40","","Minor","Driver","Had Not Been Drinking","South","Proceeding Straight","Car","None Apparent","1","Not Applicable","Not Applicable"
"CR-0000088918","ACV-0000181812","","0","","Unknown","Driver","Impairment Not Known","North","Making Left Turn","Car","Other Violation","1","00001","Other Improper Driving"
"CR-0000088918","ACV-0000181813","","0","","Major","Parked","Not Applicable","Not Applicable","Parked","Car","None Apparent","1","Not Applicable","Not Applicable"
"CR-0000088916","ACV-0000181809","","0","","Moderate","Parked","Not Applicable","Not Applicable","Parked","Car","None Apparent","1","Not Applicable","Not Applicable"
"CR-0000088922","ACV-0000181821","F","51","","Moderate","Driver","Had Been Drinking - Under Influence","West","Proceeding Straight","Car","Other Violation","1","22107","Unsafe Turn Movement"
"CR-0000088919","ACV-0000181816","","0","","Minor","Driver","Impairment Not Known","North","Proceeding Straight","Car","Other Violation","1","23103","Reckless Driving 2"
"CR-0000088921","ACV-0000181820","F","36","","Minor","Driver","Impairment Not Known","West","Stopped","Car","None Apparent","1","Not Applicable","Not Applicable"
"CR-0000088916","ACV-0000181808","","0","","Moderate","Driver","Impairment Not Known","Unknown","Proceeding Straight","Car","None Apparent","1","22350","Speeding"
"CR-0000088914","ACV-0000181804","M","0","","Unknown","Driver","Impairment Not Known","South","Proceeding Straight","Motorcycle/Moped","None Apparent","1","Unknown","Unknown"
"CR-0000088915","ACV-0000181807","M","23","","Major","Driver","Had Not Been Drinking","East","Proceeding Straight","Car","None Apparent","1","Not Applicable","Not Applicable"
"CR-0000088914","ACV-0000181805","F","53","","Unknown","Driver","Impairment Not Known","South","Stopped","Car","None Apparent","1","Not Applicable","Not Applicable"
"CR-0000088911","ACV-0000181799","F","28","","Moderate","Driver","Impairment Not Known","North","Making Left Turn","Car","None Apparent","1","Not Applicable","Not Applicable"
"CR-0000088920","ACV-0000181818","M","49","","Major","Driver","Had Not Been Drinking","East","Proceeding Straight","Car","None Apparent","1","22350","Speeding"
"CR-0000088921","ACV-0000181819","","33","","Unknown","Driver","Had Been Drinking - Under Influence","West","Proceeding Straight","Car","Other Violation","1","23152","Driving Drunk"
"CR-0000088912","ACV-0000181801","M","64","","Major","Driver","Impairment Not Known","South","Proceeding Straight","Car","None Apparent","1","Not Applicable","Not Applicable"
"CR-0000088918","ACV-0000181815","","0","","Moderate","Parked","Not Applicable","Not Applicable","Parked","Car","None Apparent","1","Not Applicable","Not Applicable"
"CR-0000088917","ACV-0000181811","","0","","Major","Driver","Impairment Not Known","North","Making Left Turn","Car","Other Violation","1","22107","Unsafe Turn Movement"
"CR-0000088918","ACV-0000181814","","0","","Moderate","Parked","Not Applicable","Not Applicable","Parked","Panel Truck","None Apparent","1","Not Applicable","Not Applicable"
"CR-0000088912","ACV-0000181800","F","60","","Moderate","Driver","Impairment Not Known","West","Proceeding Straight","Car","None Apparent","1","22350","Speeding"
"CR-0000088919","ACV-0000181817","M","29","","Moderate","Driver","Had Not Been Drinking","North","Slowing/Stopping","Car","None Apparent","1","Not Applicable","Not Applicable"
"CR-0000088913","ACV-0000181802","M","24","","Major","Driver","Had Not Been Drinking","South","Merging","Car","Other Violation","1","23103","Reckless Driving 2"
"CR-0000088951","ACV-0000181888","F","9","","Not Applicable","Pedestrian","Impairment Not Known","Unknown","Other (Ped)","Pedestrian","Unknown","1","Not Applicable","Not Applicable"
"CR-0000088945","ACV-0000181876","F","43","","Major","Driver","Had Not Been Drinking","East","Proceeding Straight","Car","None Apparent","1","Not Applicable","Not Applicable"
"CR-0000088944","ACV-0000181873","","0","","Unknown","Driver","Had Not Been Drinking","West","Making Right Turn","Car","Other Violation","1","21950","Yield Pedestrian In Crosswalk"
"CR-0000088951","ACV-0000181887","","0","","Unknown","Driver","Impairment Not Known","North","Proceeding Straight","Car","None Apparent","1","22350","Speeding"
"CR-0000088945","ACV-0000181875","","0","","Major","Driver","Impairment Not Known","South","Proceeding Straight","Car","Other Violation","1","22450","Fail Stop/Sign"
"CR-0000088944","ACV-0000181874","M","16","","Not Applicable","Pedestrian","Had Not Been Drinking","South","Other (Ped)","Pedestrian","None Apparent","1","Not Applicable","Not Applicable"
"CR-0000088954","ACV-0000181895","F","0","","Minor","Parked","Not Applicable","Not Applicable","Parked","Car","Not Applicable","1","Not Applicable","Not Applicable"
"CR-0000088956","ACV-0000181899","M","0","","Not Applicable","Driver","Impairment Not Known","South","Merging","Car","None Apparent","1","21950","Yield Pedestrian In Crosswalk"
"CR-0000088954","ACV-0000181894","M","44","","Major","Driver","Not Applicable","North","Slowing/Stopping","Car","Unknown","1","Not Applicable","Not Applicable"
"CR-0000088955","ACV-0000181896","M","26","","Moderate","Driver","Had Been Drinking - Under Influence","West","Making Right Turn","Car","Other Violation","1","22350","Speeding"
"CR-0000088954","ACV-0000181893","M","35","","Major","Driver","Impairment Not Known","South","Proceeding Straight","Car","Improper Turn","1","22350","Speeding"
"CR-0000088955","ACV-0000181898","M","27","","Minor","Driver","Had Not Been Drinking","South","Making Left Turn","Car","None Apparent","1","Not Applicable","Not Applicable"
"CR-0000088955","ACV-0000181897","M","77","","Moderate","Driver","Had Not Been Drinking","South","Making Left Turn","Car","None Apparent","1","Not Applicable","Not Applicable"
"CR-0000088956","ACV-0000181900","M","40","","Not Applicable","Pedestrian","Had Been Drinking - Under Influence","South","Other (Ped)","Pedestrian","None Apparent","1","21950","Yield Pedestrian In Crosswalk"
"CR-0000088958","ACV-0000181903","M","0","","Major","Driver","Impairment Not Known","South","Making Left Turn","Unknown","Other Violation","1","22107","Unsafe Turn Movement"
"CR-0000088960","ACV-0000181907","M","0","","Major","Driver","Impairment Not Known","South","Proceeding Straight","Car","Other Violation","1","22350","Speeding"
"CR-0000088957","ACV-0000181901","F","22","","None","Driver","Had Not Been Drinking","North","Backing","Car","Other Violation","1","22106","Unsafe Backing"
"CR-0000088959","ACV-0000181905","","0","","Unknown","Driver","Impairment Not Known","North","Making Left Turn","Car","Other Violation","1","21658","Unsafe Lane Change"
"CR-0000088957","ACV-0000181902","M","42","","Not Applicable","Bicycle","Impairment Not Known","East","Entering Traffic","Bicycle","None Apparent","1","Not Applicable","Not Applicable"
"CR-0000088959","ACV-0000181906","F","33","","Minor","Driver","Had Not Been Drinking","North","Making Left Turn","Car","None Apparent","1","Not Applicable","Not Applicable"
"CR-0000088958","ACV-0000181904","F","26","","Major","Driver","Had Not Been Drinking","North","Proceeding Straight","Motorcycle/Moped","Unknown","1","Not Applicable","Not Applicable"
"CR-0000088960","ACV-0000181908","M","28","","Major","Driver","Had Not Been Drinking","South","Proceeding Straight","Car","None Apparent","1","Not Applicable","Not Applicable"
"CR-0000088962","ACV-0000181913","F","61","","Moderate","Driver","Had Not Been Drinking","North","Stopped","Car","None Apparent","1","Not Applicable","Not Applicable"
"CR-0000088961","ACV-0000181909","M","28","","Major","Driver","Impairment Not Known","East","Making Right Turn","Car","Other Violation","1","22350","Speeding"
"CR-0000088962","ACV-0000181911","M","50","","Moderate","Driver","Had Been Drinking - Under Influence","North","Proceeding Straight","Car","Under Influence","1","22350","Speeding"
"CR-0000088961","ACV-0000181910","M","57","","Major","Driver","Had Not Been Drinking","North","Slowing/Stopping","Car","None Apparent","1","Not Applicable","Not Applicable"
"CR-0000088962","ACV-0000181912","M","48","","Moderate","Driver","Had Not Been Drinking","North","Stopped","Car","Under Influence","1","Not Applicable","Not Applicable"
"CR-0000088987","ACV-0000181969","","0","","Minor","Parked","Not Applicable","Not Applicable","Parked","Car","None Apparent","1","Not Applicable","Not Applicable"
"CR-0000088987","ACV-0000181970","","0","","Major","Parked","Not Applicable","Not Applicable","Parked","Car","None Apparent","1","Not Applicable","Not Applicable"
"CR-0000088991","ACV-0000181972","F","19","","Unknown","Driver","Had Not Been Drinking","Unknown","Proceeding Straight","Unknown","Unknown","1","22350","Speeding"
"CR-0000088987","ACV-0000181968","M","70","","Major","Driver","Had Been Drinking - Under Influence","North","Making Right Turn","Car","Other Violation","1","22350","Speeding"
"CR-0000088988","ACV-0000181971","M","0","","Moderate","Driver","Impairment Not Known","West","Making Left Turn","Car","Other Violation","1","22350","Speeding"
"CR-0000088991","ACV-0000181973","F","18","","Unknown","Driver","Had Not Been Drinking","Unknown","Stopped","Unknown","Unknown","1","Not Applicable","Not Applicable"
"CR-0000088991","ACV-0000181974","F","70","","Unknown","Driver","Had Not Been Drinking","Unknown","Stopped","Car","Unknown","1","Not Applicable","Not Applicable"
"CR-0000089033","ACV-0000182060","M","21","","Minor","Driver","Impairment Not Known","North","Proceeding Straight","Car","None Apparent","1","Not Applicable","Not Applicable"
"CR-0000089036","ACV-0000182067","M","0","","Moderate","Parked","Not Applicable","Not Applicable","Parked","Car","Unknown","1","Not Applicable","Not Applicable"
"CR-0000089030","ACV-0000182053","M","43","","Major","Driver","Impairment Not Known","South","Proceeding Straight","Car","Unknown","1","21804","Yield From Driveway/Curb"
"CR-0000089032","ACV-0000182057","M","0","","Major","Driver","Impairment Not Known","North","Merging","Car","Other Violation","1","22107","Unsafe Turn Movement"
"CR-0000089033","ACV-0000182059","","0","","Major","Driver","Impairment Not Known","South","Proceeding Straight","Panel Truck","Other Violation","1","22350","Speeding"
"CR-0000089033","ACV-0000182061","","0","","Minor","Parked","Not Applicable","Not Applicable","Parked","Car","None Apparent","1","Not Applicable","Not Applicable"
"CR-0000089031","ACV-0000182056","F","67","","Minor","Driver","Had Not Been Drinking","East","Proceeding Straight","Car","Unknown","1","Not Applicable","Not Applicable"
"CR-0000089032","ACV-0000182058","M","26","","Major","Driver","Had Not Been Drinking","North","Slowing/Stopping","Car","Unknown","1","Not Applicable","Not Applicable"
"CR-0000089034","ACV-0000182064","F","60","","Major","Driver","Impairment Not Known","East","Crossing Into Opposing Lane","Car","Other Violation","1","22350","Speeding"
"CR-0000089033","ACV-0000182063","","0","","Unknown","Parked","Not Applicable","Not Applicable","Parked","Car","None Apparent","1","Not Applicable","Not Applicable"
"CR-0000089036","ACV-0000182066","","0","","Unknown","Driver","Impairment Not Known","East","Other Unsafe Turning","Panel Truck","Unknown","1","20002","Leave Accident Scene"
"CR-0000089030","ACV-0000182054","M","21","","Major","Driver","Impairment Not Known","East","Proceeding Straight","Car","Unknown","1","Not Applicable","Not Applicable"
"CR-0000089031","ACV-0000182055","M","20","","Minor","Driver","Had Not Been Drinking","South","Making Left Turn","Car","Unknown","1","22350","Speeding"
"CR-0000089033","ACV-0000182062","","0","","Minor","Parked","Not Applicable","Not Applicable","Parked","Car","None Apparent","1","Not Applicable","Not Applicable"
"CR-0000089034","ACV-0000182065","M","25","","Major","Driver","Had Not Been Drinking","West","Proceeding Straight","Car","None Apparent","1","Not Applicable","Not Applicable"
"CR-0000089047","ACV-0000182088","M","22","","Minor","Driver","Impairment Not Known","South","Proceeding Straight","Car","Other Violation","1","12500","Unlicensed Driver"
"CR-0000089045","ACV-0000182085","M","70","","Minor","Driver","Impairment Not Known","North","Making Left Turn","Car","Unknown","1","Not Applicable","Not Applicable"
"CR-0000089052","ACV-0000182100","F","19","","Minor","Driver","Had Not Been Drinking","South","Making Left Turn","Car","None Apparent","1","21801","Yield Left Turn"
"CR-0000089037","ACV-0000182069","M","22","","Major","Driver","Had Not Been Drinking","East","Making Left Turn","Car","Unknown","1","Not Applicable","Not Applicable"
"CR-0000089051","ACV-0000182099","F","47","","Major","Driver","Had Not Been Drinking","North","Proceeding Straight","Car","None Apparent","1","Not Applicable","Not Applicable"
"CR-0000089049","ACV-0000182092","M","31","","Moderate","Driver","Impairment Not Known","West","Proceeding Straight","Panel Truck","Other Violation","1","Unknown","Unknown"
"CR-0000089055","ACV-0000182106","F","15","","Not Applicable","Pedestrian","Impairment Not Known","West","Other (Ped)","Pedestrian","Unknown","1","Not Applicable","Not Applicable"
"CR-0000089042","ACV-0000182079","M","63","","Minor","Driver","Had Not Been Drinking","East","Slowing/Stopping","Panel Truck","Stop And Go Traffic","1","Not Applicable","Not Applicable"
"CR-0000089052","ACV-0000182101","F","37","","Unknown","Driver","Had Not Been Drinking","North","Proceeding Straight","Unknown","None Apparent","1","Not Applicable","Not Applicable"
"CR-0000089046","ACV-0000182087","M","31","","Major","Driver","Impairment Not Known","North","Proceeding Straight","Car","None Apparent","1","Not Applicable","Not Applicable"
"CR-0000089045","ACV-0000182084","M","21","","Minor","Bicycle","Impairment Not Known","North","Proceeding Straight","Motorcycle/Moped","Other Violation","1","21651","Divided Highway"
"CR-0000089053","ACV-0000182102","M","24","","Minor","Driver","Impairment Not Known","West","Making U-Turn","Car","None Apparent","1","22100","Improper Turn"
"CR-0000089050","ACV-0000182096","M","45","","Minor","Driver","Impairment Not Known","East","Stopped","Panel Truck","Unknown","1","Not Applicable","Not Applicable"
"CR-0000089041","ACV-0000182077","F","22","","Minor","Driver","Had Been Drinking - Not Under Influence","North","Proceeding Straight","Car","None Apparent","1","Not Applicable","Not Applicable"
"CR-0000089040","ACV-0000182075","F","30","","Unknown","Driver","Had Not Been Drinking","West","Making Right Turn","Car","None Apparent","1","Not Applicable","Not Applicable"
"CR-0000089042","ACV-0000182078","F","23","","Moderate","Driver","Had Not Been Drinking","East","Proceeding Straight","Car","Stop And Go Traffic","1","22350","Speeding"
"CR-0000089056","ACV-0000182108","F","17","","Moderate","Driver","Had Not Been Drinking","West","Proceeding Straight","Car","None Apparent","1","12500","Unlicensed Driver"
"CR-0000089056","ACV-0000182109","F","76","","Moderate","Driver","Had Not Been Drinking","West","Proceeding Straight","Car","None Apparent","1","Not Applicable","Not Applicable"
"CR-0000089056","ACV-0000182107","F","23","","Moderate","Driver","Had Not Been Drinking","West","Proceeding Straight","Unknown","None Apparent","1","22350","Speeding"
"CR-0000089038","ACV-0000182070","F","0","","Unknown","Driver","Impairment Not Known","North","Making Right Turn","Car","Other Violation","1","Unknown","Unknown"
"CR-0000089048","ACV-0000182091","M","29","","Minor","Driver","Had Not Been Drinking","North","Stopped","Car","None Apparent","1","Not Applicable","Not Applicable"
"CR-0000089050","ACV-0000182097","M","41","","Minor","Driver","Impairment Not Known","East","Stopped","Car","Unknown","1","Not Applicable","Not Applicable"
"CR-0000089053","ACV-0000182103","M","64","","Not Applicable","Bicycle","Impairment Not Known","West","Proceeding Straight","Bicycle","None Apparent","1","Not Applicable","Not Applicable"
"CR-0000089050","ACV-0000182094","M","42","","Major","Driver","Impairment Not Known","East","Proceeding Straight","Bus - School","Inattention","1","22350","Speeding"
"CR-0000089044","ACV-0000182082","M","61","","Moderate","Driver","Impairment Not Known","East","Making Left Turn","Car","None Apparent","1","21801","Yield Left Turn"
"CR-0000089054","ACV-0000182104","M","66","","Minor","Driver","Had Not Been Drinking","North","Proceeding Straight","Car","None Apparent","1","22350","Speeding"
"CR-0000089050","ACV-0000182095","M","45","","Moderate","Driver","Impairment Not Known","East","Stopped","Panel Truck","Unknown","1","Not Applicable","Not Applicable"
"CR-0000089040","ACV-0000182074","M","16","","Not Applicable","Bicycle","Had Not Been Drinking","South","Proceeding Straight","Bicycle","None Apparent","1","21651","Divided Highway"
"CR-0000089051","ACV-0000182098","F","80","","Major","Driver","Impairment Not Known","West","Other Unsafe Turning","Car","None Apparent","1","21801","Yield Left Turn"
"CR-0000089039","ACV-0000182073","M","25","","Major","Driver","Had Not Been Drinking","South","Proceeding Straight","Car","None Apparent","1","Not Applicable","Not Applicable"
"CR-0000089047","ACV-0000182089","F","50","","Minor","Driver","Impairment Not Known","East","Backing","Car","Unknown","1","22106","Unsafe Backing"
"CR-0000089055","ACV-0000182105","M","67","","None","Driver","Impairment Not Known","East","Making Left Turn","Car","None Apparent","1","21950","Yield Pedestrian In Crosswalk"
"CR-0000089046","ACV-0000182086","F","28","","Major","Driver","Impairment Not Known","West","Proceeding Straight","Car","None Apparent","1","22350","Speeding"
"CR-0000089038","ACV-0000182071","M","0","","Unknown","Parked","Not Applicable","Not Applicable","Parked","Car","None Apparent","1","Not Applicable","Not Applicable"
"CR-0000089037","ACV-0000182068","F","75","","Major","Driver","Had Not Been Drinking","North","Proceeding Straight","Car","Unknown","1","21801","Yield Left Turn"
"CR-0000089041","ACV-0000182076","M","18","","Minor","Driver","Impairment Not Known","South","Making U-Turn","Car","None Apparent","1","21801","Yield Left Turn"
"CR-0000089044","ACV-0000182083","F","26","","Moderate","Driver","Impairment Not Known","West","Proceeding Straight","Car","None Apparent","1","Not Applicable","Not Applicable"
"CR-0000089039","ACV-0000182072","F","19","","Major","Driver","Had Not Been Drinking","North","Making Left Turn","Car","Other Violation","1","22107","Unsafe Turn Movement"
"CR-0000089043","ACV-0000182081","F","32","","Minor","Driver","Had Not Been Drinking","West","Slowing/Stopping","Car","Unknown","1","Not Applicable","Not Applicable"
"CR-0000089048","ACV-0000182090","F","20","","Minor","Driver","Had Not Been Drinking","North","Making Right Turn","Car","Other Violation","1","21703","Follow Too Closely"
"CR-0000089057","ACV-0000182110","M","29","","Major","Driver","Impairment Not Known","South","Making Right Turn","Car","Other Violation","1","22450","Fail Stop/Sign"
"CR-0000089043","ACV-0000182080","F","28","","Minor","Driver","Had Not Been Drinking","West","Proceeding Straight","Car","Unknown","1","21703","Follow Too Closely"
"CR-0000089049","ACV-0000182093","M","23","","Moderate","Driver","Impairment Not Known","South","Making Left Turn","Car","Unknown","1","Not Applicable","Not Applicable"
"CR-0000089061","ACV-0000182117","","0","","Unknown","Driver","Impairment Not Known","Not Applicable","Unknown","Unknown","None Apparent","1","Not Applicable","Not Applicable"
"CR-0000089058","ACV-0000182112","F","32","","Moderate","Driver","Had Not Been Drinking","East","Making Left Turn","Car","None Apparent","1","Not Applicable","Not Applicable"
"CR-0000089059","ACV-0000182114","M","0","","Unknown","Driver","Impairment Not Known","Unknown","Unknown","Panel Truck","None Apparent","1","Unknown","Unknown"
"CR-0000089061","ACV-0000182118","M","31","","Unknown","Parked","Not Applicable","Not Applicable","Parked","Car","None Apparent","1","Not Applicable","Not Applicable"
"CR-0000089059","ACV-0000182113","M","59","","Unknown","Parked","Not Applicable","Unknown","Parked","Car","None Apparent","1","Not Applicable","Not Applicable"
"CR-0000089060","ACV-0000182115","","0","","Unknown","Driver","Impairment Not Known","Unknown","Proceeding Straight","Car","None Apparent","1","Unknown","Unknown"
"CR-0000089060","ACV-0000182116","F","28","","Unknown","Driver","Impairment Not Known","Unknown","Stopped","Car","None Apparent","1","Not Applicable","Not Applicable"
"CR-0000089058","ACV-0000182111","F","29","","Moderate","Driver","Had Not Been Drinking","West","Proceeding Straight","Car","Inattention","1","21453","Run Red Light"
"CR-0000089062","ACV-0000182119","M","0","","Unknown","Driver","Impairment Not Known","Unknown","Unknown","Car","None Apparent","1","Unknown","Unknown"
"CR-0000089077","ACV-0000182141","M","35","","Unknown","Parked","Impairment Not Known","Not Applicable","Parked","Panel Truck","None Apparent","1","Not Applicable","Not Applicable"
"CR-0000089098","ACV-0000182170","F","31","","Unknown","Parked","Impairment Not Known","Not Applicable","Parked","Car","None Apparent","1","Not Applicable","Not Applicable"
"CR-0000089106","ACV-0000182186","M","40","","Major","Driver","Impairment Not Known","East","Proceeding Straight","Motorcycle/Moped","None Apparent","1","Not Applicable","Not Applicable"
"CR-0000089073","ACV-0000182135","M","48","","Unknown","Parked","Impairment Not Known","Not Applicable","Parked","Car","None Apparent","1","Not Applicable","Not Applicable"
"CR-0000089104","ACV-0000182182","F","31","","Unknown","Driver","Had Not Been Drinking","East","Slowing/Stopping","Car","None Apparent","1","Unknown","Unknown"
"CR-0000089062","ACV-0000182120","","0","","Unknown","Driver","Impairment Not Known","Unknown","Parking Maneuver","Car","None Apparent","1","Not Applicable","Not Applicable"
"CR-0000089094","ACV-0000182165","M","66","","Unknown","Driver","Impairment Not Known","West","Changing Lanes","Car","None Apparent","1","Unknown","Unknown"
"CR-0000089082","ACV-0000182150","F","42","","Unknown","Driver","Not Applicable","Not Applicable","Parked","Car","None Apparent","1","Not Applicable","Not Applicable"
"CR-0000089076","ACV-0000182140","M","0","","Unknown","Driver","Impairment Not Known","West","Backing","Unknown","None Apparent","1","Unknown","Unknown"
"CR-0000089099","ACV-0000182171","","0","","Unknown","Driver","Impairment Not Known","Unknown","Proceeding Straight","Car","None Apparent","1","Unknown","Unknown"
"CR-0000089101","ACV-0000182175","F","36","","Unknown","Parked","Impairment Not Known","Not Applicable","Parked","Car","None Apparent","1","Not Applicable","Not Applicable"
"CR-0000089072","ACV-0000182133","M","43","","Unknown","Parked","Not Applicable","Not Applicable","Parked","Car","None Apparent","1","Not Applicable","Not Applicable"
"CR-0000089063","ACV-0000182122","M","0","","Unknown","Driver","Impairment Not Known","Unknown","Stopped","Car","None Apparent","1","Not Applicable","Not Applicable"
"CR-0000089075","ACV-0000182138","F","29","","Unknown","Parked","Impairment Not Known","Not Applicable","Parked","Car","None Apparent","1","Not Applicable","Not Applicable"
"CR-0000089088","ACV-0000182159","M","36","","Unknown","Driver","Impairment Not Known","Unknown","Stopped","Car","None Apparent","1","Not Applicable","Not Applicable"
"CR-0000089068","ACV-0000182126","","0","","Unknown","Driver","Impairment Not Known","Unknown","Proceeding Straight","Car","None Apparent","1","Unknown","Unknown"
"CR-0000089104","ACV-0000182180","M","28","","Major","Driver","Impairment Not Known","East","Proceeding Straight","Motorcycle/Moped","None Apparent","1","Unknown","Unknown"
"CR-0000089081","ACV-0000182147","","0","","Unknown","Driver","Impairment Not Known","South","Making Right Turn","Semi Truck","None Apparent","1","Unknown","Unknown"
"CR-0000089087","ACV-0000182157","","0","","Unknown","Bicycle","Impairment Not Known","Unknown","Proceeding Straight","Panel Truck","None Apparent","1","Unknown","Unknown"
"CR-0000089090","ACV-0000182161","M","32","","Unknown","Parked","Impairment Not Known","Not Applicable","Parked","Car","None Apparent","1","Not Applicable","Not Applicable"
"CR-0000089087","ACV-0000182156","F","69","","Not Applicable","Driver","Impairment Not Known","Not Applicable","Stopped","Car","None Apparent","1","Not Applicable","Not Applicable"