"CrashName","Name","Sex","Age","Speed","VehicleDamage","PartyCategory","Sobriety","VehicleDirection","MovementPrecedingCollision","PartyType","OtherAssociatedFactor","VehicleCount","ViolationCode","ViolationCodeDescription"
"CR-0000089080","ACV-0000182146","M","48","","Unknown","Driver","Impairment Not Known","East","Stopped","Car","None Apparent","1","Not Applicable","Not Applicable"
"CR-0000089089","ACV-0000182160","F","70","","Unknown","Parked","Impairment Not Known","Not Applicable","Parked","Car With Trailer","None Apparent","1","Not Applicable","Not Applicable"
"CR-0000089104","ACV-0000182181","M","45","","Minor","Driver","Had Not Been Drinking","East","Slowing/Stopping","Panel Truck","None Apparent","1","Unknown","Unknown"
"CR-0000089073","ACV-0000182134","","0","","Unknown","Driver","Impairment Not Known","Unknown","Backing","Car","None Apparent","1","Unknown","Unknown"
"CR-0000089063","ACV-0000182121","M","0","","Unknown","Driver","Impairment Not Known","Unknown","Proceeding Straight","Panel Truck","None Apparent","1","Unknown","Unknown"
"CR-0000089078","ACV-0000182142","","0","","Unknown","Driver","Impairment Not Known","Unknown","Proceeding Straight","Car","None Apparent","1","Unknown","Unknown"
"CR-0000089084","ACV-0000182152","M","50","","Unknown","Driver","Impairment Not Known","Unknown","Proceeding Straight","Car","None Apparent","1","Not Applicable","Not Applicable"
"CR-0000089069","ACV-0000182128","","56","","Unknown","Driver","Impairment Not Known","Unknown","Merging","Car","None Apparent","1","Unknown","Unknown"
"CR-0000089069","ACV-0000182129","M","38","","Unknown","Driver","Impairment Not Known","Unknown","Stopped","Car","None Apparent","1","Not Applicable","Not Applicable"
"CR-0000089079","ACV-0000182144","M","47","","Unknown","Parked","Not Applicable","Not Applicable","Parked","Car","None Apparent","1","Not Applicable","Not Applicable"
"CR-0000089086","ACV-0000182154","M","0","","Unknown","Driver","Impairment Not Known","South","Making Right Turn","Car","None Apparent","1","Unknown","Unknown"
"CR-0000089071","ACV-0000182132","M","33","","Unknown","Driver","Impairment Not Known","North","Proceeding Straight","Car","None Apparent","1","Not Applicable","Not Applicable"
"CR-0000089095","ACV-0000182167","","24","","Unknown","Parked","Impairment Not Known","Not Applicable","Parked","Car","None Apparent","1","Not Applicable","Not Applicable"
"CR-0000089103","ACV-0000182178","M","54","","Not Applicable","Pedestrian","Impairment Not Known","North","Other (Ped)","Pedestrian","Unknown","1","Unknown","Unknown"
"CR-0000089106","ACV-0000182185","M","21","","Moderate","Driver","Had Been Drinking - Under Influence","South","Proceeding Straight","Car","Under Influence","1","21453","Run Red Light"
"CR-0000089100","ACV-0000182173","M","0","","Unknown","Driver","Impairment Not Known","West","Proceeding Straight","Car","None Apparent","1","Unknown","Unknown"
"CR-0000089091","ACV-0000182162","F","55","","Not Applicable","Parked","Impairment Not Known","Not Applicable","Parked","Panel Truck","None Apparent","1","Not Applicable","Not Applicable"
"CR-0000089078","ACV-0000182143","F","72","","Unknown","Driver","Impairment Not Known","Unknown","Stopped","Car","None Apparent","1","Not Applicable","Not Applicable"
"CR-0000089074","ACV-0000182137","F","64","","Unknown","Driver","Impairment Not Known","South","Proceeding Straight","Car","None Apparent","1","Not Applicable","Not Applicable"
"CR-0000089068","ACV-0000182127","F","21","","Unknown","Driver","Impairment Not Known","Unknown","Stopped","Car","None Apparent","1","Not Applicable","Not Applicable"
"CR-0000089082","ACV-0000182149","","0","","Unknown","Driver","Impairment Not Known","Unknown","Other Unsafe Turning","Car","None Apparent","1","Unknown","Unknown"
"CR-0000089085","ACV-0000182153","M","18","","Unknown","Driver","Impairment Not Known","South","Stopped","Car","None Apparent","1","Not Applicable","Not Applicable"
"CR-0000089100","ACV-0000182174","M","65","","Unknown","Driver","Impairment Not Known","West","Changing Lanes","Car","None Apparent","1","Not Applicable","Not Applicable"
"CR-0000089088","ACV-0000182158","","0","","Unknown","Driver","Impairment Not Known","Unknown","Proceeding Straight","Car","None Apparent","1","Unknown","Unknown"
"CR-0000089076","ACV-0000182139","","0","","Unknown","Parked","Not Applicable","Not Applicable","Parked","Panel Truck","None Apparent","1","Unknown","Unknown"
"CR-0000089094","ACV-0000182166","M","60","","Unknown","Driver","Impairment Not Known","West","Proceeding Straight","Car","None Apparent","1","Not Applicable","Not Applicable"
"CR-0000089081","ACV-0000182148","M","64","","Unknown","Driver","Impairment Not Known","North","Making Left Turn","Semi Truck","None Apparent","1","Not Applicable","Not Applicable"
"CR-0000089099","ACV-0000182172","M","32","","Unknown","Driver","Impairment Not Known","Unknown","Slowing/Stopping","Car","None Apparent","1","Not Applicable","Not Applicable"
"CR-0000089067","ACV-0000182125","F","42","","Unknown","Parked","Impairment Not Known","Not Applicable","Parked","Car","None Apparent","1","Not Applicable","Not Applicable"
"CR-0000089093","ACV-0000182164","","59","","Unknown","Driver","Impairment Not Known","Unknown","Stopped","Car","None Apparent","1","Not Applicable","Not Applicable"
"CR-0000089070","ACV-0000182130","F","30","","Unknown","Driver","Impairment Not Known","Unknown","Making Right Turn","Car","None Apparent","1","Not Applicable","Not Applicable"
"CR-0000089102","ACV-0000182176","F","27","","Unknown","Parked","Impairment Not Known","Not Applicable","Parked","Car","None Apparent","1","Not Applicable","Not Applicable"
"CR-0000089066","ACV-0000182123","M","0","","Unknown","Driver","Impairment Not Known","Unknown","Making Left Turn","Car","None Apparent","1","Unknown","Unknown"
"CR-0000089103","ACV-0000182177","M","48","","Major","Driver","Had Not Been Drinking","East","Proceeding Straight","Car","Inattention","1","Unknown","Unknown"
"CR-0000089105","ACV-0000182184","F","35","","Major","Driver","Impairment Not Known","West","Making Right Turn","Car","Unknown","1","Not Applicable","Not Applicable"
"CR-0000089096","ACV-0000182168","","24","","Unknown","Driver","Impairment Not Known","Not Applicable","Parked","Car","None Apparent","1","Not Applicable","Not Applicable"
"CR-0000089066","ACV-0000182124","F","43","","Unknown","Driver","Impairment Not Known","Unknown","Proceeding Straight","Car","None Apparent","1","Not Applicable","Not Applicable"
"CR-0000089105","ACV-0000182183","F","71","","Major","Driver","Impairment Not Known","North","Proceeding Straight","Car","Defective Vehicle Equipment","1","22350","Speeding"
"CR-0000089074","ACV-0000182136","","0","","Unknown","Driver","Impairment Not Known","East","Making Right Turn","Car","None Apparent","1","Unknown","Unknown"
"CR-0000089071","ACV-0000182131","F","24","","Unknown","Driver","Impairment Not Known","Unknown","Stopped","Car","None Apparent","1","Unknown","Unknown"
"CR-0000089103","ACV-0000182179","M","36","","Moderate","Driver","Had Not Been Drinking","East","Proceeding Straight","Car","Vision Obscurement","1","Unknown","Unknown"
"CR-0000089092","ACV-0000182163","M","34","","Unknown","Driver","Impairment Not Known","West","Stopped","Car","None Apparent","1","Not Applicable","Not Applicable"
"CR-0000089097","ACV-0000182169","M","53","","Unknown","Parked","Impairment Not Known","Not Applicable","Parked","Car","None Apparent","1","Not Applicable","Not Applicable"
"CR-0000089086","ACV-0000182155","M","42","","Unknown","Driver","Impairment Not Known","West","Proceeding Straight","Panel Truck","None Apparent","1","Not Applicable","Not Applicable"
"CR-0000089080","ACV-0000182145","M","29","","Unknown","Driver","Impairment Not Known","East","Proceeding Straight","Car","None Apparent","1","Unknown","Unknown"
"CR-0000089136","ACV-0000182246","F","23","","Moderate","Driver","Had Not Been Drinking","West","Making Left Turn","Car","None Apparent","1","21651","Divided Highway"
"CR-0000089119","ACV-0000182211","M","37","","Minor","Driver","Had Not Been Drinking","West","Stopped","Car","Unknown","1","Not Applicable","Not Applicable"
"CR-0000089120","ACV-0000182213","M","68","","None","Driver","Had Not Been Drinking","South","Making Right Turn","Car","Unknown","1","22450","Fail Stop/Sign"
"CR-0000089138","ACV-0000182249","M","37","","Major","Driver","Had Been Drinking - Under Influence","East","Proceeding Straight","Car","None Apparent","1","23152","Driving Drunk"
"CR-0000089114","ACV-0000182200","M","63","","None","Driver","Impairment Not Known","South","Making Right Turn","Car","Unknown","1","21950","Yield Pedestrian In Crosswalk"
"CR-0000089120","ACV-0000182214","M","15","","Minor","Bicycle","Had Not Been Drinking","East","Making Right Turn","Bicycle","Unknown","1","Not Applicable","Not Applicable"
"CR-0000089130","ACV-0000182233","F","17","","Moderate","Driver","Impairment Not Known","West","Proceeding Straight","Car","Unknown","1","Unknown","Unknown"
"CR-0000089134","ACV-0000182242","M","58","","Minor","Driver","Had Not Been Drinking","North","Slowing/Stopping","Car","Unknown","1","Not Applicable","Not Applicable"
"CR-0000089146","ACV-0000182262","M","33","","Not Applicable","Pedestrian","Had Not Been Drinking","Unknown","Other (Ped)","Pedestrian","None Apparent","1","Not Applicable","Not Applicable"
"CR-0000089116","ACV-0000182203","F","34","","Minor","Driver","Impairment Not Known","West","Making Left Turn","Car","Other Violation","1","21453","Run Red Light"
"CR-0000089107","ACV-0000182187","F","68","","Moderate","Driver","Had Not Been Drinking","West","Other Unsafe Turning","Car","Inattention","1","22100","Improper Turn"
"CR-0000089127","ACV-0000182230","M","50","","Minor","Driver","Had Not Been Drinking","West","Proceeding Straight","Car","None Apparent","1","Not Applicable","Not Applicable"
"CR-0000089109","ACV-0000182190","M","34","","Moderate","Driver","Impairment Not Known","West","Making Left Turn","Car","Other Violation","1","22450","Fail Stop/Sign"
"CR-0000089114","ACV-0000182201","M","46","","Minor","Bicycle","Impairment Not Known","East","Proceeding Straight","Bicycle","Unknown","1","Not Applicable","Not Applicable"
"CR-0000089119","ACV-0000182210","F","53","","Moderate","Driver","Had Not Been Drinking","West","Stopped","Car","Unknown","1","Not Applicable","Not Applicable"
"CR-0000089116","ACV-0000182204","M","63","","Moderate","Driver","Impairment Not Known","East","Proceeding Straight","Car","Other Defect","1","Not Applicable","Not Applicable"
"CR-0000089128","ACV-0000182231","F","79","","Major","Driver","Impairment Not Known","South","Making Left Turn","Car","Inattention","1","22107","Unsafe Turn Movement"
"CR-0000089111","ACV-0000182194","","0","","Major","Driver","Impairment Not Known","South","Ran Off Road","Panel Truck","Other Violation","1","22107","Unsafe Turn Movement"
"CR-0000089146","ACV-0000182261","","0","","Unknown","Driver","Impairment Not Known","North","Proceeding Straight","Car","Other Violation","1","22350","Speeding"
"CR-0000089144","ACV-0000182259","","0","","Moderate","Driver","Impairment Not Known","West","Ran Off Road","Car","Other Violation","1","22107","Unsafe Turn Movement"
"CR-0000089125","ACV-0000182225","","0","","Unknown","Driver","Impairment Not Known","North","Other Unsafe Turning","Car","Other Violation","1","22350","Speeding"
"CR-0000089117","ACV-0000182205","F","29","","Minor","Driver","Had Not Been Drinking","South","Proceeding Straight","Car","None Apparent","1","21703","Follow Too Closely"
"CR-0000089125","ACV-0000182227","M","0","","Minor","Parked","Not Applicable","Not Applicable","Parked","Panel Truck","Unknown","1","Not Applicable","Not Applicable"
"CR-0000089142","ACV-0000182256","M","28","","Moderate","Driver","Had Not Been Drinking","West","Entering Traffic","Car","None Apparent","1","21804","Yield From Driveway/Curb"
"CR-0000089122","ACV-0000182218","F","32","","Not Applicable","Pedestrian","Impairment Not Known","East","Other (Ped)","Pedestrian","None Apparent","1","Not Applicable","Not Applicable"
"CR-0000089118","ACV-0000182207","M","53","","Major","Driver","Impairment Not Known","East","Proceeding Straight","Car","None Apparent","1","21453","Run Red Light"
"CR-0000089130","ACV-0000182234","F","22","","Major","Driver","Impairment Not Known","South","Proceeding Straight","Unknown","Unknown","1","Unknown","Unknown"
"CR-0000089133","ACV-0000182240","F","40","","Moderate","Driver","Impairment Not Known","North","Stopped","Car","None Apparent","1","Not Applicable","Not Applicable"
"CR-0000089124","ACV-0000182224","M","0","","None","Driver","Had Not Been Drinking","West","Making Left Turn","Car","Unknown","1","Not Applicable","Not Applicable"
"CR-0000089118","ACV-0000182208","M","32","","Unknown","Driver","Impairment Not Known","North","Proceeding Straight","Car","None Apparent","1","Not Applicable","Not Applicable"
"CR-0000089146","ACV-0000182263","","0","","Minor","Driver","Had Not Been Drinking","North","Stopped","Car","None Apparent","1","Not Applicable","Not Applicable"
"CR-0000089126","ACV-0000182228","","0","","Major","Driver","Impairment Not Known","East","Other Unsafe Turning","Car","Other Violation","1","22107","Unsafe Turn Movement"
"CR-0000089134","ACV-0000182243","F","37","","Minor","Driver","Had Not Been Drinking","North","Slowing/Stopping","Car","Unknown","1","Not Applicable","Not Applicable"
"CR-0000089122","ACV-0000182217","M","47","","Minor","Driver","Impairment Not Known","South","Proceeding Straight","Car","None Apparent","1","21950","Yield Pedestrian In Crosswalk"
"CR-0000089131","ACV-0000182235","M","27","","Moderate","Driver","Had Not Been Drinking","East","Proceeding Straight","Car","Unknown","1","22350","Speeding"
"CR-0000089145","ACV-0000182260","","0","","Major","Driver","Impairment Not Known","North","Crossing Into Opposing Lane","Panel Truck","Other Violation","1","22107","Unsafe Turn Movement"
"CR-0000089134","ACV-0000182241","M","56","","Major","Driver","Had Not Been Drinking","North","Proceeding Straight","Unknown","Unknown","1","21703","Follow Too Closely"
"CR-0000089140","ACV-0000182252","M","19","","Moderate","Driver","Had Not Been Drinking","West","Other Unsafe Turning","Car","Other Violation","1","22107","Unsafe Turn Movement"
"CR-0000089132","ACV-0000182237","M","20","","Major","Driver","Impairment Not Known","North","Proceeding Straight","Car","None Apparent","1","22350","Speeding"
"CR-0000089121","ACV-0000182215","M","9","","Not Applicable","Bicycle","Had Not Been Drinking","South","Proceeding Straight","Bicycle","Other Violation","1","22450","Fail Stop/Sign"
"CR-0000089132","ACV-0000182238","M","20","","Major","Driver","Impairment Not Known","South","Making Left Turn","Car","None Apparent","1","Not Applicable","Not Applicable"
"CR-0000089112","ACV-0000182195","M","28","","Major","Driver","Had Not Been Drinking","East","Making U-Turn","Car","None Apparent","1","21453","Run Red Light"
"CR-0000089138","ACV-0000182250","M","62","","Moderate","Parked","Not Applicable","Not Applicable","Parked","Car","None Apparent","1","Not Applicable","Not Applicable"
"CR-0000089123","ACV-0000182219","M","19","","Major","Driver","Had Not Been Drinking","East","Proceeding Straight","Car","Unknown","1","22450","Fail Stop/Sign"
"CR-0000089113","ACV-0000182199","","0","","Minor","Parked","Not Applicable","Not Applicable","Parked","Car","Unknown","1","Not Applicable","Not Applicable"
"CR-0000089135","ACV-0000182244","F","49","","Minor","Driver","Had Not Been Drinking","West","Proceeding Straight","Car","None Apparent","1","21453","Run Red Light"
"CR-0000089137","ACV-0000182247","F","17","","Moderate","Driver","Impairment Not Known","West","Proceeding Straight","Car","Inattention","1","22106","Unsafe Backing"
"CR-0000089113","ACV-0000182197","F","58","","Major","Driver","Had Been Drinking - Under Influence","South","Stopped","Car","Other Violation","1","22107","Unsafe Turn Movement"
"CR-0000089123","ACV-0000182220","M","31","","Major","Driver","Had Not Been Drinking","North","Proceeding Straight","Car","Unknown","1","Not Applicable","Not Applicable"
"CR-0000089110","ACV-0000182193","M","66","","Major","Driver","Had Not Been Drinking","South","Proceeding Straight","Car","None Apparent","1","Not Applicable","Not Applicable"
"CR-0000089140","ACV-0000182253","","0","","Minor","Parked","Not Applicable","Not Applicable","Parked","Car","None Apparent","1","Not Applicable","Not Applicable"
"CR-0000089135","ACV-0000182245","F","47","","Minor","Driver","Had Not Been Drinking","West","Stopped","Car","None Apparent","1","Not Applicable","Not Applicable"
"CR-0000089119","ACV-0000182209","M","68","","Moderate","Driver","Had Not Been Drinking","West","Proceeding Straight","Car","Inattention","1","22350","Speeding"
"CR-0000089124","ACV-0000182223","M","29","","Unknown","Bicycle","Impairment Not Known","South","Traveling Wrong Way","Bicycle","Other Violation","1","21650","Driving Wrong Side"
"CR-0000089123","ACV-0000182221","M","29","","Moderate","Parked","Not Applicable","Not Applicable","Parked","Car","Unknown","1","Not Applicable","Not Applicable"
"CR-0000089139","ACV-0000182251","M","31","","Minor","Driver","Had Been Drinking - Under Influence","North","Making Left Turn","Panel Truck","None Apparent","1","23152","Driving Drunk"
"CR-0000089137","ACV-0000182248","M","24","","Moderate","Driver","Impairment Not Known","South","Proceeding Straight","Car","None Apparent","1","Not Applicable","Not Applicable"
"CR-0000089113","ACV-0000182198","","0","","Moderate","Parked","Not Applicable","Not Applicable","Parked","Car","Unknown","1","Not Applicable","Not Applicable"
"CR-0000089109","ACV-0000182191","M","53","","Moderate","Driver","Impairment Not Known","North","Proceeding Straight","Panel Truck","None Apparent","1","Not Applicable","Not Applicable"
"CR-0000089142","ACV-0000182257","M","23","","Moderate","Driver","Had Not Been Drinking","North","Proceeding Straight","Car","None Apparent","1","Not Applicable","Not Applicable"
"CR-0000089112","ACV-0000182196","F","66","","Major","Driver","Had Not Been Drinking","West","Proceeding Straight","Car","None Apparent","1","Not Applicable","Not Applicable"
"CR-0000089117","ACV-0000182206","F","52","","Minor","Driver","Had Not Been Drinking","South","Stopped","Car","None Apparent","1","Not Applicable","Not Applicable"
"CR-0000089141","ACV-0000182254","M","46","","Minor","Driver","Had Not Been Drinking","South","Proceeding Straight","Car","None Apparent","1","21703","Follow Too Closely"
"CR-0000089108","ACV-0000182189","M","0","","Major","Parked","Not Applicable","Not Applicable","Parked","Car","Unknown","1","Not Applicable","Not Applicable"
"CR-0000089127","ACV-0000182229","M","0","","Unknown","Driver","Impairment Not Known","West","Changing Lanes","Panel Truck","Other Violation","1","22107","Unsafe Turn Movement"
"CR-0000089108","ACV-0000182188","","0","","Major","Driver","Impairment Not Known","East","Proceeding Straight","Car","Other Violation","1","Unknown","Unknown"
"CR-0000089133","ACV-0000182239","M","32","","None","Other","Impairment Not Known","East","Making Right Turn","Skateboard","Other","1","21954","Pedestrian Yield Car"
"CR-0000089125","ACV-0000182226","F","0","","Major","Parked","Not Applicable","Not Applicable","Parked","Car","Unknown","1","Not Applicable","Not Applicable"
"CR-0000089115","ACV-0000182202","","0","","Major","Driver","Impairment Not Known","West","Making Right Turn","Car","Other Violation","1","22107","Unsafe Turn Movement"
"CR-0000089123","ACV-0000182222","F","52","","Minor","Parked","Not Applicable","Not Applicable","Parked","Car","Unknown","1","Not Applicable","Not Applicable"
"CR-0000089121","ACV-0000182216","F","53","","None","Driver","Had Not Been Drinking","West","Proceeding Straight","Car","Unknown","1","Not Applicable","Not Applicable"
"CR-0000089129","ACV-0000182232","M","48","","Minor","Driver","Had Not Been Drinking","West","Proceeding Straight","Motorcycle/Moped","None Apparent","1","22350","Speeding"
"CR-0000089143","ACV-0000182258","M","35","","Major","Driver","Had Not Been Drinking","South","Proceeding Straight","Car","None Apparent","1","Unknown","Unknown"
"CR-0000089131","ACV-0000182236","M","34","","Not Applicable","Pedestrian","Impairment Not Known","North","Other (Ped)","Pedestrian","Unknown","1","Not Applicable","Not Applicable"
"CR-0000089141","ACV-0000182255","M","48","","Minor","Driver","Had Not Been Drinking","South","Stopped","Car","None Apparent","1","Not Applicable","Not Applicable"
"CR-0000089110","ACV-0000182192","","0","","Major","Driver","Impairment Not Known","West","Proceeding Straight","Unknown","Other Violation","1","21453","Run Red Light"
"CR-0000089119","ACV-0000182212","F","57","","Minor","Driver","Had Not Been Drinking","West","Proceeding Straight","Unknown","Unknown","1","Not Applicable","Not Applicable"
"CR-0000089162","ACV-0000182284","","19","","Unknown","Driver","Impairment Not Known","East","Proceeding Straight","Car","None Apparent","1","Not Applicable","Not Applicable"
"CR-0000089157","ACV-0000182277","M","22","","Unknown","Parked","Impairment Not Known","Not Applicable","Parked","Car","None Apparent","1","Unknown","Unknown"
"CR-0000089158","ACV-0000182278","M","53","","Unknown","Driver","Impairment Not Known","Unknown","Proceeding Straight","Panel Truck","None Apparent","1","Unknown","Unknown"
"CR-0000089160","ACV-0000182281","","40","","Unknown","Driver","Impairment Not Known","Unknown","Stopped","Car","None Apparent","1","Unknown","Unknown"
"CR-0000089156","ACV-0000182275","","0","","Unknown","Driver","Not Applicable","Unknown","Proceeding Straight","Car","None Apparent","1","Not Applicable","Not Applicable"
"CR-0000089155","ACV-0000182274","M","42","","Minor","Driver","Had Not Been Drinking","West","Other","Panel Truck","None Apparent","1","Not Applicable","Not Applicable"
"CR-0000089159","ACV-0000182280","F","0","","Unknown","Parked","Impairment Not Known","Not Applicable","Parked","Car","None Apparent","1","Unknown","Unknown"
"CR-0000089149","ACV-0000182266","M","44","","Unknown","Driver","Impairment Not Known","West","Proceeding Straight","Car","None Apparent","1","Unknown","Unknown"
"CR-0000089161","ACV-0000182283","F","48","","Unknown","Driver","Impairment Not Known","West","Slowing/Stopping","Car","None Apparent","1","Unknown","Unknown"
"CR-0000089153","ACV-0000182271","F","59","","Unknown","Driver","Impairment Not Known","Unknown","Proceeding Straight","Car","None Apparent","1","Unknown","Unknown"
"CR-0000089148","ACV-0000182264","","0","","Unknown","Bicycle","Impairment Not Known","East","Proceeding Straight","Bicycle","None Apparent","1","Unknown","Unknown"
"CR-0000089149","ACV-0000182267","F","18","","Unknown","Driver","Impairment Not Known","West","Proceeding Straight","Car","None Apparent","1","Unknown","Unknown"
"CR-0000089156","ACV-0000182276","M","63","","Unknown","Driver","Impairment Not Known","Unknown","Stopped","Car","None Apparent","1","Unknown","Unknown"
"CR-0000089154","ACV-0000182272","","0","","Moderate","Driver","Had Been Drinking - Impairment Unknown","West","Proceeding Straight","Car","Inattention","1","22107","Unsafe Turn Movement"
"CR-0000089158","ACV-0000182279","F","53","","Unknown","Driver","Impairment Not Known","Unknown","Stopped","Car","None Apparent","1","Not Applicable","Not Applicable"
"CR-0000089150","ACV-0000182268","F","50","","Unknown","Driver","Impairment Not Known","Unknown","Making Left Turn","Car","None Apparent","1","Unknown","Unknown"
"CR-0000089148","ACV-0000182265","M","38","","Unknown","Driver","Impairment Not Known","East","Making Right Turn","Car","None Apparent","1","Unknown","Unknown"
"CR-0000089152","ACV-0000182270","","25","","Unknown","Driver","Impairment Not Known","Unknown","Stopped","Car","None Apparent","1","Unknown","Unknown"
"CR-0000089155","ACV-0000182273","M","56","","Minor","Driver","Had Not Been Drinking","West","Other","Car","Other Violation","1","20002","Leave Accident Scene"
"CR-0000089151","ACV-0000182269","F","29","","Unknown","Driver","Impairment Not Known","Unknown","Stopped","Car","None Apparent","1","Unknown","Unknown"
"CR-0000089161","ACV-0000182282","","0","","Unknown","Driver","Impairment Not Known","West","Passing Other Vehicles","Unknown","None Apparent","1","Unknown","Unknown"
"CR-0000089169","ACV-0000182293","M","57","","Unknown","Driver","Impairment Not Known","East","Stopped","Car","None Apparent","1","Unknown","Unknown"
"CR-0000089169","ACV-0000182294","","36","","Unknown","Driver","Impairment Not Known","East","Proceeding Straight","Car","None Apparent","1","Unknown","Unknown"
"CR-0000089165","ACV-0000182287","F","26","","Unknown","Driver","Impairment Not Known","Unknown","Stopped","Car","None Apparent","1","Unknown","Unknown"
"CR-0000089167","ACV-0000182290","M","20","","Unknown","Parked","Impairment Not Known","Unknown","Parked","Car","None Apparent","1","Unknown","Unknown"
"CR-0000089170","ACV-0000182298","M","63","","Major","Driver","Impairment Not Known","North","Proceeding Straight","Car","Unknown","1","Unknown","Unknown"
"CR-0000089163","ACV-0000182285","F","19","","Unknown","Driver","Impairment Not Known","Unknown","Making U-Turn","Car","None Apparent","1","Unknown","Unknown"
"CR-0000089164","ACV-0000182286","M","40","","Unknown","Parked","Not Applicable","Not Applicable","Parked","Car","None Apparent","1","Unknown","Unknown"
"CR-0000089168","ACV-0000182291","","0","","Unknown","Driver","Impairment Not Known","North","Ran Off Road","Car","None Apparent","1","Unknown","Unknown"
"CR-0000089166","ACV-0000182288","F","37","","Unknown","Driver","Impairment Not Known","Unknown","Making Right Turn","Car","None Apparent","1","Unknown","Unknown"
"CR-0000089166","ACV-0000182289","F","27","","Unknown","Driver","Impairment Not Known","Unknown","Other Unsafe Turning","Car","None Apparent","1","Unknown","Unknown"
"CR-0000089170","ACV-0000182297","F","33","","Not Applicable","Pedestrian","Impairment Not Known","East","Other (Ped)","Pedestrian","Unknown","1","Unknown","Unknown"
"CR-0000089170","ACV-0000182295","M","49","","Not Applicable","Pedestrian","Impairment Not Known","East","Other (Ped)","Pedestrian","Unknown","1","Unknown","Unknown"
"CR-0000089170","ACV-0000182296","M","38","","Not Applicable","Pedestrian","Impairment Not Known","East","Other (Ped)","Pedestrian","Unknown","1","Unknown","Unknown"
"CR-0000089171","ACV-0000182299","M","69","","Not Applicable","Pedestrian","Impairment Not Known","East","Proceeding Straight","Pedestrian","None Apparent","1","21955","Crossing Controlled Intersection/Jaywalking"
"CR-0000089168","ACV-0000182292","M","38","","Unknown","Driver","Impairment Not Known","Unknown","Stopped","Car","None Apparent","1","Unknown","Unknown"
"CR-0000089171","ACV-0000182300","M","19","","Moderate","Driver","Had Not Been Drinking","South","Proceeding Straight","Car","Speeding","1","Not Applicable","Not Applicable"
"CR-0000089172","ACV-0000182301","M","31","","Major","Driver","Impairment Not Known","North","Proceeding Straight","Car","Unknown","1","22350","Speeding"
"CR-0000089172","ACV-0000182302","","67","","Major","Driver","Impairment Not Known","West","Making Right Turn","Car","Unknown","1","Not Applicable","Not Applicable"
"CR-0000089176","ACV-0000182309","F","39","","Minor","Driver","Impairment Not Known","East","Proceeding Straight","Panel Truck","None Apparent","1","21703","Follow Too Closely"
"CR-0000089177","ACV-0000182312","F","70","","Unknown","Driver","Had Not Been Drinking","East","Proceeding Straight","Car","Unknown","1","21802","Yield Stop Sign"
"CR-0000089181","ACV-0000182321","M","36","","Major","Driver","Had Not Been Drinking","North","Proceeding Straight","Car","None Apparent","1","Not Applicable","Not Applicable"
"CR-0000089181","ACV-0000182322","","0","","Moderate","Parked","Not Applicable","Not Applicable","Parked","Car","None Apparent","1","Not Applicable","Not Applicable"
"CR-0000089173","ACV-0000182303","M","25","","Moderate","Driver","Had Not Been Drinking","West","Making Left Turn","Car","Unknown","1","22350","Speeding"
"CR-0000089175","ACV-0000182307","M","19","","Moderate","Driver","Had Been Drinking - Under Influence","North","Making Right Turn","Car","Other Violation","1","22107","Unsafe Turn Movement"
"CR-0000089175","ACV-0000182308","F","40","","Moderate","Bicycle","Had Not Been Drinking","North","Proceeding Straight","Car","Unknown","1","Not Applicable","Not Applicable"
"CR-0000089173","ACV-0000182304","","0","","Unknown","Parked","Not Applicable","Not Applicable","Parked","Car","None Apparent","1","Not Applicable","Not Applicable"
"CR-0000089174","ACV-0000182305","","0","","Unknown","Driver","Impairment Not Known","East","Proceeding Straight","Car","Other Violation","1","21453","Run Red Light"
"CR-0000089174","ACV-0000182306","F","46","","Moderate","Driver","Had Not Been Drinking","South","Proceeding Straight","Car","Unknown","1","Not Applicable","Not Applicable"
"CR-0000089180","ACV-0000182318","F","18","","Minor","Driver","Had Not Been Drinking","West","Entering Traffic","Car","None Apparent","1","21804","Yield From Driveway/Curb"
"CR-0000089182","ACV-0000182324","M","27","","Moderate","Driver","Had Been Drinking - Under Influence","South","Crossing Into Opposing Lane","Car","Other Violation","1","21658","Unsafe Lane Change"
"CR-0000089181","ACV-0000182323","","0","","Minor","Parked","Not Applicable","Not Applicable","Parked","Panel Truck","None Apparent","1","Not Applicable","Not Applicable"
"CR-0000089184","ACV-0000182329","","0","","Unknown","Driver","Impairment Not Known","North","Making Left Turn","Unknown","Other Violation","1","21801","Yield Left Turn"
"CR-0000089184","ACV-0000182330","F","59","","None","Bicycle","Had Been Drinking - Impairment Unknown","South","Proceeding Straight","Bicycle","None Apparent","1","Not Applicable","Not Applicable"
"CR-0000089176","ACV-0000182310","M","76","","Moderate","Driver","Impairment Not Known","East","Proceeding Straight","Car","None Apparent","1","Not Applicable","Not Applicable"
"CR-0000089176","ACV-0000182311","M","37","","Minor","Driver","Impairment Not Known","East","Stopped","Car","None Apparent","1","Not Applicable","Not Applicable"
"CR-0000089179","ACV-0000182316","M","45","","Major","Driver","Impairment Not Known","North","Making Left Turn","Car","Other Violation","1","21453","Run Red Light"
"CR-0000089182","ACV-0000182326","","0","","Minor","Parked","Not Applicable","Not Applicable","Parked","Car","Unknown","1","Not Applicable","Not Applicable"
"CR-0000089183","ACV-0000182327","M","0","","Moderate","Driver","Impairment Not Known","West","Changing Lanes","Panel Truck","Other Violation","1","22107","Unsafe Turn Movement"