"CrashName","Name","Sex","Age","Speed","VehicleDamage","PartyCategory","Sobriety","VehicleDirection","MovementPrecedingCollision","PartyType","OtherAssociatedFactor","VehicleCount","ViolationCode","ViolationCodeDescription"
"CR-0000089305","ACV-0000182580","F","30","","Moderate","Driver","Had Not Been Drinking","West","Making U-Turn","Car","Unknown","1","21801","Yield Left Turn"
"CR-0000089284","ACV-0000182536","M","42","","Moderate","Driver","Impairment Not Known","North","Proceeding Straight","Car","Other Violation","1","22350","Speeding"
"CR-0000089319","ACV-0000182607","M","44","","Not Applicable","Bicycle","Had Not Been Drinking","North","Making Right Turn","Bicycle","Other","1","21804","Yield From Driveway/Curb"
"CR-0000089281","ACV-0000182529","","0","","None","Parked","Not Applicable","Not Applicable","Parked","Car","Unknown","1","Not Applicable","Not Applicable"
"CR-0000089311","ACV-0000182593","M","44","","Minor","Driver","Had Not Been Drinking","North","Stopped","Car","None Apparent","1","Not Applicable","Not Applicable"
"CR-0000089315","ACV-0000182599","","0","","Major","Driver","Impairment Not Known","South","Crossing Into Opposing Lane","Panel Truck","Other Violation","1","22350","Speeding"
"CR-0000089277","ACV-0000182523","M","0","","Minor","Driver","Impairment Not Known","North","Proceeding Straight","Motorcycle/Moped","None Apparent","1","Not Applicable","Not Applicable"
"CR-0000089287","ACV-0000182544","","0","","Unknown","Driver","Impairment Not Known","South","Making Left Turn","Car","Other Violation","1","21453","Run Red Light"
"CR-0000089299","ACV-0000182567","M","29","","Major","Driver","Impairment Not Known","East","Proceeding Straight","Car","Other Violation","1","21453","Run Red Light"
"CR-0000089318","ACV-0000182605","F","20","","Moderate","Driver","Had Not Been Drinking","West","Making Left Turn","Car","Other Violation","1","22107","Unsafe Turn Movement"
"CR-0000089319","ACV-0000182608","F","25","","Minor","Driver","Had Not Been Drinking","East","Making Right Turn","Car","None Apparent","1","Not Applicable","Not Applicable"
"CR-0000089266","ACV-0000182502","M","21","","Moderate","Driver","Had Not Been Drinking","North","Making Left Turn","Car","None Apparent","1","21801","Yield Left Turn"
"CR-0000089270","ACV-0000182511","F","50","","Moderate","Parked","Not Applicable","Not Applicable","Parked","Car","None Apparent","1","Not Applicable","Not Applicable"
"CR-0000089306","ACV-0000182582","F","81","","Major","Driver","Impairment Not Known","West","Making Left Turn","Car","None Apparent","1","21453","Run Red Light"
"CR-0000089294","ACV-0000182557","","0","","Unknown","Driver","Impairment Not Known","Unknown","Unknown","Unknown","Other Violation","1","Unknown","Unknown"
"CR-0000089297","ACV-0000182564","","0","","Major","Parked","Not Applicable","Not Applicable","Parked","Car","Unknown","1","Not Applicable","Not Applicable"
"CR-0000089280","ACV-0000182530","","0","","Major","Driver","Impairment Not Known","North","Proceeding Straight","Car","Other Violation","1","22450","Fail Stop/Sign"
"CR-0000089265","ACV-0000182500","M","25","","None","Driver","Impairment Not Known","South","Proceeding Straight","Motorcycle/Moped","None Apparent","1","22107","Unsafe Turn Movement"
"CR-0000089308","ACV-0000182586","F","22","","Major","Driver","Had Not Been Drinking","East","Proceeding Straight","Unknown","Unknown","1","21453","Run Red Light"
"CR-0000089268","ACV-0000182506","M","18","","Major","Driver","Had Been Drinking - Impairment Unknown","North","Proceeding Straight","Car","None Apparent","1","22350","Speeding"
"CR-0000089281","ACV-0000182528","M","64","","Unknown","Bicycle","Impairment Not Known","East","Proceeding Straight","Bicycle","Inattention","1","21750","Passing On Left"
"CR-0000089314","ACV-0000182598","M","56","","Major","Driver","Impairment Not Known","North","Making Right Turn","Car","Other","1","21663","Driving On Sidewalk"
"CR-0000089299","ACV-0000182568","F","41","","Major","Driver","Impairment Not Known","West","Making U-Turn","Car","Unknown","1","Not Applicable","Not Applicable"
"CR-0000089317","ACV-0000182604","","0","","Major","Driver","Impairment Not Known","South","Proceeding Straight","Car","Other Violation","1","22350","Speeding"
"CR-0000089292","ACV-0000182555","M","27","","Major","Driver","Had Not Been Drinking","North","Other Unsafe Turning","Car","Inattention","1","22107","Unsafe Turn Movement"
"CR-0000089287","ACV-0000182545","M","36","","Major","Driver","Had Not Been Drinking","North","Proceeding Straight","Car","None Apparent","1","Not Applicable","Not Applicable"
"CR-0000089302","ACV-0000182575","M","61","","Moderate","Driver","Had Not Been Drinking","North","Making Right Turn","Panel Truck","None Apparent","1","22350","Speeding"
"CR-0000089270","ACV-0000182510","","0","","Unknown","Driver","Impairment Not Known","Unknown","Unknown","Unknown","Other Violation","1","Unknown","Unknown"
"CR-0000089282","ACV-0000182533","M","25","","Major","Driver","Had Not Been Drinking","East","Proceeding Straight","Car","Unknown","1","Not Applicable","Not Applicable"
"CR-0000089288","ACV-0000182547","F","48","","Moderate","Driver","Had Not Been Drinking","North","Proceeding Straight","Car","None Apparent","1","Not Applicable","Not Applicable"
"CR-0000089271","ACV-0000182512","M","23","","Major","Driver","Had Been Drinking - Under Influence","South","Proceeding Straight","Car","Other Violation","1","22350","Speeding"
"CR-0000089313","ACV-0000182597","M","23","","Moderate","Driver","Impairment Not Known","West","Proceeding Straight","Emergency Vehicle","Vision Obscurement","1","Not Applicable","Not Applicable"
"CR-0000089284","ACV-0000182538","M","49","","Minor","Driver","Had Not Been Drinking","North","Stopped","Car","None Apparent","1","Not Applicable","Not Applicable"
"CR-0000089284","ACV-0000182539","F","54","","Minor","Driver","Had Not Been Drinking","North","Stopped","Unknown","None Apparent","1","Not Applicable","Not Applicable"
"CR-0000089278","ACV-0000182524","M","40","","Moderate","Driver","Had Not Been Drinking","South","Proceeding Straight","Car","Unknown","1","21804","Yield From Driveway/Curb"
"CR-0000089301","ACV-0000182572","F","0","","Major","Driver","Impairment Not Known","East","Proceeding Straight","Unknown","Other Violation","1","22350","Speeding"
"CR-0000089279","ACV-0000182527","F","34","","Minor","Driver","Had Not Been Drinking","South","Stopped","Car","None Apparent","1","Not Applicable","Not Applicable"
"CR-0000089273","ACV-0000182515","F","79","","Major","Driver","Had Not Been Drinking","North","Proceeding Straight","Car","Unknown","1","22450","Fail Stop/Sign"
"CR-0000089286","ACV-0000182543","F","39","","Not Applicable","Pedestrian","Had Not Been Drinking","North","Proceeding Straight","Pedestrian","Unknown","1","Not Applicable","Not Applicable"
"CR-0000089306","ACV-0000182583","M","45","","Moderate","Driver","Impairment Not Known","South","Proceeding Straight","Train","None Apparent","1","Not Applicable","Not Applicable"
"CR-0000089300","ACV-0000182570","M","14","","None","Bicycle","Impairment Not Known","South","Proceeding Straight","Bicycle","None Apparent","1","21456","Pedestrian Don't Walk"
"CR-0000089312","ACV-0000182594","M","54","","Minor","Bicycle","Had Not Been Drinking","North","Proceeding Straight","Scooter Motorized","None Apparent","1","21235","Laws Apply To Motorized Scooter"
"CR-0000089283","ACV-0000182534","M","46","","Not Applicable","Pedestrian","Impairment Not Known","East","Other (Ped)","Pedestrian","Inattention","1","21955","Crossing Controlled Intersection/Jaywalking"
"CR-0000089290","ACV-0000182551","F","34","","Moderate","Driver","Impairment Not Known","North","Proceeding Straight","Car","None Apparent","1","Not Applicable","Not Applicable"
"CR-0000089269","ACV-0000182509","F","27","","Major","Driver","Had Been Drinking - Under Influence","South","Making Right Turn","Car","Other Violation","1","22107","Unsafe Turn Movement"
"CR-0000089289","ACV-0000182548","F","71","","Minor","Driver","Had Not Been Drinking","East","Proceeding Straight","Car","Unknown","1","21802","Yield Stop Sign"
"CR-0000089309","ACV-0000182589","F","50","","Major","Driver","Had Not Been Drinking","South","Proceeding Straight","Car","None Apparent","1","Not Applicable","Not Applicable"
"CR-0000089268","ACV-0000182508","M","21","","Minor","Driver","Had Not Been Drinking","West","Stopped","Car","None Apparent","1","Not Applicable","Not Applicable"
"CR-0000089289","ACV-0000182549","M","45","","Minor","Driver","Had Not Been Drinking","North","Proceeding Straight","Motorcycle/Moped","Unknown","1","Not Applicable","Not Applicable"
"CR-0000089309","ACV-0000182588","F","21","","Major","Driver","Had Not Been Drinking","South","Changing Lanes","Car","None Apparent","1","22107","Unsafe Turn Movement"
"CR-0000089291","ACV-0000182552","","0","","Unknown","Driver","Impairment Not Known","North","Proceeding Straight","Car","Other Violation","1","22350","Speeding"
"CR-0000089298","ACV-0000182565","M","49","","Major","Driver","Impairment Not Known","North","Proceeding Straight","Car","Other Violation","1","21453","Run Red Light"
"CR-0000089266","ACV-0000182503","M","37","","Moderate","Driver","Had Not Been Drinking","South","Proceeding Straight","Motorcycle/Moped","None Apparent","1","Not Applicable","Not Applicable"
"CR-0000089312","ACV-0000182595","M","40","","Minor","Driver","Had Not Been Drinking","East","Stopped","Car","None Apparent","1","Not Applicable","Not Applicable"
"CR-0000089300","ACV-0000182571","M","51","","Minor","Driver","Impairment Not Known","East","Making Right Turn","Car","None Apparent","1","Not Applicable","Not Applicable"
"CR-0000089278","ACV-0000182525","M","48","","Moderate","Driver","Had Not Been Drinking","East","Proceeding Straight","Car","Unknown","1","Not Applicable","Not Applicable"
"CR-0000089290","ACV-0000182550","","0","","Unknown","Driver","Impairment Not Known","South","Making Left Turn","Unknown","Other Violation","1","21453","Run Red Light"
"CR-0000089285","ACV-0000182540","M","57","","Major","Driver","Had Not Been Drinking","West","Making Right Turn","Car","Unknown","1","22107","Unsafe Turn Movement"
"CR-0000089293","ACV-0000182556","F","36","","Moderate","Driver","Had Not Been Drinking","South","Proceeding Straight","Car","None Apparent","1","22350","Speeding"
"CR-0000089307","ACV-0000182584","F","28","","Minor","Driver","Impairment Not Known","East","Making Left Turn","Car","None Apparent","1","21804","Yield From Driveway/Curb"
"CR-0000089316","ACV-0000182601","M","26","","Major","Driver","Had Been Drinking - Under Influence","East","Proceeding Straight","Car","Other Violation","1","22350","Speeding"
"CR-0000089284","ACV-0000182537","M","62","","Major","Driver","Had Not Been Drinking","North","Stopped","Car","None Apparent","1","Not Applicable","Not Applicable"
"CR-0000089318","ACV-0000182606","M","30","","Major","Driver","Had Not Been Drinking","West","Passing Other Vehicles","Motorcycle/Moped","Unknown","1","Not Applicable","Not Applicable"
"CR-0000089274","ACV-0000182518","M","32","","Minor","Driver","Impairment Not Known","North","Stopped","Car","Unknown","1","Not Applicable","Not Applicable"
"CR-0000089283","ACV-0000182535","F","24","","Minor","Driver","Had Not Been Drinking","South","Proceeding Straight","Car","None Apparent","1","Not Applicable","Not Applicable"
"CR-0000089304","ACV-0000182579","M","0","","Moderate","Parked","Not Applicable","Not Applicable","Parked","Car","None Apparent","1","Not Applicable","Not Applicable"
"CR-0000089298","ACV-0000182566","F","36","","Major","Driver","Impairment Not Known","West","Making Left Turn","Car","Unknown","1","Not Applicable","Not Applicable"
"CR-0000089295","ACV-0000182560","F","29","","Minor","Driver","Had Not Been Drinking","East","Proceeding Straight","Unknown","Unknown","1","Not Applicable","Not Applicable"
"CR-0000089286","ACV-0000182542","F","53","","Minor","Driver","Had Not Been Drinking","South","Making Left Turn","Car","Unknown","1","21950","Yield Pedestrian In Crosswalk"
"CR-0000089301","ACV-0000182573","F","34","","Major","Driver","Had Not Been Drinking","East","Stopped","Car","Unknown","1","Not Applicable","Not Applicable"
"CR-0000089288","ACV-0000182546","F","87","","Moderate","Driver","Had Not Been Drinking","East","Entering Traffic","Car","None Apparent","1","21804","Yield From Driveway/Curb"
"CR-0000089267","ACV-0000182504","F","0","","Major","Driver","Impairment Not Known","South","Proceeding Straight","Car","Other Violation","1","22350","Speeding"
"CR-0000089307","ACV-0000182585","M","22","","Minor","Driver","Impairment Not Known","South","Proceeding Straight","Car","None Apparent","1","Not Applicable","Not Applicable"
"CR-0000089315","ACV-0000182600","","0","","Major","Parked","Not Applicable","Not Applicable","Parked","Panel Truck","Unknown","1","Not Applicable","Not Applicable"
"CR-0000089267","ACV-0000182505","M","25","","Major","Driver","Had Not Been Drinking","South","Stopped","Car","None Apparent","1","Not Applicable","Not Applicable"
"CR-0000089273","ACV-0000182517","M","46","","Moderate","Driver","Had Not Been Drinking","East","Proceeding Straight","Car","Unknown","1","Not Applicable","Not Applicable"
"CR-0000089276","ACV-0000182521","M","0","","Major","Driver","Had Not Been Drinking","North","Proceeding Straight","Car","None Apparent","1","22350","Speeding"
"CR-0000089310","ACV-0000182591","","0","","Unknown","Parked","Not Applicable","Not Applicable","Parked","Car","Unknown","1","Not Applicable","Not Applicable"
"CR-0000089296","ACV-0000182561","F","28","","Unknown","Driver","Impairment Not Known","South","Proceeding Straight","Unknown","Other Violation","1","21461","Obey Traffic Control"
"CR-0000089311","ACV-0000182592","M","21","","Minor","Driver","Had Not Been Drinking","North","Proceeding Straight","Panel Truck","Other Violation","1","00001","Other Improper Driving"
"CR-0000089268","ACV-0000182507","M","37","","Major","Driver","Had Not Been Drinking","South","Making Left Turn","Panel Truck","None Apparent","1","Not Applicable","Not Applicable"
"CR-0000089308","ACV-0000182587","F","68","","Moderate","Driver","Had Not Been Drinking","South","Proceeding Straight","Car","Unknown","1","Not Applicable","Not Applicable"
"CR-0000089272","ACV-0000182514","M","22","","Minor","Parked","Not Applicable","Not Applicable","Parked","Panel Truck","Unknown","1","Not Applicable","Not Applicable"
"CR-0000089296","ACV-0000182562","M","44","","Not Applicable","Bicycle","Impairment Not Known","North","Other (Bike)","Bicycle","None Apparent","1","Not Applicable","Not Applicable"
"CR-0000089303","ACV-0000182576","M","25","","Moderate","Driver","Had Not Been Drinking","West","Making Left Turn","Car","Unknown","1","21802","Yield Stop Sign"
"CR-0000089277","ACV-0000182522","M","39","","Minor","Driver","Impairment Not Known","North","Making U-Turn","Car","None Apparent","1","22106","Unsafe Backing"
"CR-0000089297","ACV-0000182563","","0","","Major","Driver","Impairment Not Known","West","Proceeding Straight","Panel Truck","Other Violation","1","22350","Speeding"
"CR-0000089301","ACV-0000182574","F","34","","Minor","Driver","Had Not Been Drinking","East","Stopped","Car","Unknown","1","Not Applicable","Not Applicable"
"CR-0000089303","ACV-0000182577","F","45","","Moderate","Driver","Had Not Been Drinking","North","Proceeding Straight","Car","Unknown","1","Not Applicable","Not Applicable"
"CR-0000089275","ACV-0000182520","M","47","","Minor","Driver","Had Not Been Drinking","South","Stopped","Car","None Apparent","1","Not Applicable","Not Applicable"
"CR-0000089316","ACV-0000182603","","0","","Major","Parked","Not Applicable","Not Applicable","Parked","Car","Unknown","1","Not Applicable","Not Applicable"
"CR-0000089310","ACV-0000182590","F","0","","Unknown","Driver","Impairment Not Known","North","Backing","Car","None Apparent","1","20002","Leave Accident Scene"
"CR-0000089295","ACV-0000182559","F","18","","Minor","Driver","Had Not Been Drinking","East","Proceeding Straight","Panel Truck","Unknown","1","Unknown","Unknown"
"CR-0000089313","ACV-0000182596","M","43","","Major","Driver","Impairment Not Known","North","Proceeding Straight","Car","Other Violation","1","22450","Fail Stop/Sign"
"CR-0000089291","ACV-0000182553","","0","","Unknown","Parked","Not Applicable","Not Applicable","Parked","Panel Truck","Unknown","1","Not Applicable","Not Applicable"
"CR-0000089299","ACV-0000182569","M","34","","Major","Driver","Impairment Not Known","West","Making U-Turn","Car","Unknown","1","Not Applicable","Not Applicable"
"CR-0000089274","ACV-0000182516","F","21","","Unknown","Driver","Impairment Not Known","North","Proceeding Straight","Car","Other Violation","1","22350","Speeding"
"CR-0000089280","ACV-0000182531","M","60","","Major","Driver","Had Not Been Drinking","West","Proceeding Straight","Car","None Apparent","1","Not Applicable","Not Applicable"
"CR-0000089305","ACV-0000182581","M","34","","Moderate","Driver","Had Not Been Drinking","West","Proceeding Straight","Panel Truck","Unknown","1","Not Applicable","Not Applicable"
"CR-0000089265","ACV-0000182501","M","24","","Minor","Driver","Impairment Not Known","South","Proceeding Straight","Motorcycle/Moped","None Apparent","1","Not Applicable","Not Applicable"
"CR-0000089272","ACV-0000182513","","0","","Minor","Driver","Impairment Not Known","South","Other Unsafe Turning","Panel Truck","Other Violation","1","Unknown","Unknown"
"CR-0000089285","ACV-0000182541","M","48","","Major","Driver","Had Not Been Drinking","West","Proceeding Straight","Car","Unknown","1","Not Applicable","Not Applicable"
"CR-0000089304","ACV-0000182578","M","22","","Major","Driver","Impairment Not Known","South","Proceeding Straight","Car","Inattention","1","22350","Speeding"
"CR-0000089294","ACV-0000182558","","0","","Minor","Parked","Not Applicable","Not Applicable","Parked","Car","Unknown","1","Not Applicable","Not Applicable"
"CR-0000089279","ACV-0000182526","F","46","","Unknown","Driver","Impairment Not Known","South","Proceeding Straight","Car","None Apparent","1","22350","Speeding"
"CR-0000089282","ACV-0000182532","F","23","","Major","Driver","Had Not Been Drinking","North","Making Left Turn","Car","Unknown","1","21801","Yield Left Turn"
"CR-0000089316","ACV-0000182602","","0","","Major","Parked","Not Applicable","Not Applicable","Parked","Car","Unknown","1","Not Applicable","Not Applicable"
"CR-0000089275","ACV-0000182519","M","61","","Moderate","Driver","Had Not Been Drinking","South","Proceeding Straight","Panel Truck","None Apparent","1","22350","Speeding"
"CR-0000089328","ACV-0000182626","M","0","","Moderate","Driver","Impairment Not Known","North","Proceeding Straight","Bus - Other","Unknown","1","Unknown","Unknown"
"CR-0000089320","ACV-0000182609","","0","","Major","Driver","Impairment Not Known","West","Other Unsafe Turning","Car","Other Violation","1","22107","Unsafe Turn Movement"
"CR-0000089326","ACV-0000182621","F","45","","Moderate","Driver","Had Not Been Drinking","South","Entering Traffic","Car","None Apparent","1","22106","Unsafe Backing"
"CR-0000089325","ACV-0000182620","","0","","Major","Driver","Impairment Not Known","North","Making U-Turn","Car","Other Violation","1","22350","Speeding"
"CR-0000089322","ACV-0000182616","","0","","Moderate","Parked","Not Applicable","Not Applicable","Parked","Car","None Apparent","1","Not Applicable","Not Applicable"
"CR-0000089326","ACV-0000182623","","0","","Minor","Parked","Not Applicable","Not Applicable","Parked","Panel Truck","None Apparent","1","Not Applicable","Not Applicable"
"CR-0000089321","ACV-0000182611","M","36","","Totaled","Driver","Had Been Drinking - Under Influence","West","Proceeding Straight","Car","Other Violation","1","23152","Driving Drunk"
"CR-0000089326","ACV-0000182622","F","33","","Moderate","Driver","Had Not Been Drinking","South","Proceeding Straight","Car","None Apparent","1","Not Applicable","Not Applicable"
"CR-0000089320","ACV-0000182610","","0","","Minor","Parked","Not Applicable","Not Applicable","Parked","Car","Unknown","1","Not Applicable","Not Applicable"
"CR-0000089329","ACV-0000182628","M","21","","Major","Driver","Impairment Not Known","West","Proceeding Straight","Motorcycle/Moped","Unknown","1","Not Applicable","Not Applicable"
"CR-0000089321","ACV-0000182613","","0","","Minor","Parked","Not Applicable","Not Applicable","Parked","Car","None Apparent","1","Not Applicable","Not Applicable"
"CR-0000089328","ACV-0000182625","F","89","","Major","Driver","Impairment Not Known","West","Making Right Turn","Car","Unknown","1","Unknown","Unknown"
"CR-0000089330","ACV-0000182629","","0","","Unknown","Driver","Impairment Not Known","Unknown","Unknown","Unknown","Unknown","1","Unknown","Unknown"
"CR-0000089321","ACV-0000182612","","0","","Major","Parked","Not Applicable","Not Applicable","Parked","Car","None Apparent","1","Not Applicable","Not Applicable"
"CR-0000089329","ACV-0000182627","F","30","","Minor","Driver","Impairment Not Known","East","Making Left Turn","Car","Unknown","1","21801","Yield Left Turn"
"CR-0000089327","ACV-0000182624","M","36","","Major","Driver","Had Been Drinking - Under Influence","East","Proceeding Straight","Car","Under Influence","1","22107","Unsafe Turn Movement"
"CR-0000089324","ACV-0000182619","M","49","","Unknown","Driver","Had Not Been Drinking","North","Making Left Turn","Light Rail Vehicle","Unknown","1","Not Applicable","Not Applicable"
"CR-0000089324","ACV-0000182618","M","31","","Major","Driver","Had Not Been Drinking","North","Making Left Turn","Car","Unknown","1","21453","Run Red Light"
"CR-0000089323","ACV-0000182617","","0","","Major","Driver","Impairment Not Known","East","Ran Off Road","Car","Other Violation","1","22350","Speeding"
"CR-0000089322","ACV-0000182615","","0","","Major","Parked","Not Applicable","Not Applicable","Parked","Car","None Apparent","1","Not Applicable","Not Applicable"
"CR-0000089330","ACV-0000182630","","0","","Minor","Parked","Not Applicable","Not Applicable","Parked","Car","Unknown","1","Unknown","Unknown"
"CR-0000089322","ACV-0000182614","","0","","Major","Driver","Impairment Not Known","North","Other Unsafe Turning","Car With Trailer","Other Violation","1","22107","Unsafe Turn Movement"
"CR-0000089338","ACV-0000182651","F","36","","Unknown","Driver","Impairment Not Known","East","Stopped","Car","Unknown","1","Unknown","Unknown"
"CR-0000089354","ACV-0000182691","M","17","","Moderate","Driver","Had Not Been Drinking","South","Proceeding Straight","Car","Unknown","1","Not Applicable","Not Applicable"
"CR-0000089366","ACV-0000182717","M","45","","Moderate","Driver","Impairment Not Known","North","Proceeding Straight","Car","Other Violation","1","21703","Follow Too Closely"
"CR-0000089340","ACV-0000182656","M","42","","Not Applicable","Bicycle","Impairment Not Known","East","Proceeding Straight","Bicycle","Unknown","1","Unknown","Unknown"
"CR-0000089377","ACV-0000182742","F","22","","Major","Driver","Had Not Been Drinking","East","Proceeding Straight","Car","None Apparent","1","Not Applicable","Not Applicable"
"CR-0000089358","ACV-0000182700","F","59","","Minor","Driver","Had Not Been Drinking","South","Stopped","Car","None Apparent","1","Not Applicable","Not Applicable"
"CR-0000089353","ACV-0000182688","M","27","","Major","Driver","Had Not Been Drinking","South","Entering Traffic","Car","None Apparent","1","Unknown","Unknown"
"CR-0000089351","ACV-0000182685","M","28","","Moderate","Driver","Had Not Been Drinking","North","Proceeding Straight","Car","Unknown","1","Not Applicable","Not Applicable"
"CR-0000089363","ACV-0000182711","","0","","Moderate","Parked","Not Applicable","Not Applicable","Parked","Car","None Apparent","1","Not Applicable","Not Applicable"
"CR-0000089346","ACV-0000182672","M","28","","Not Applicable","Pedestrian","Impairment Not Known","South","Other (Ped)","Pedestrian","None Apparent","1","Not Applicable","Not Applicable"
"CR-0000089374","ACV-0000182735","","0","","Major","Driver","Impairment Not Known","North","Proceeding Straight","Bus - School","Other Violation","1","22350","Speeding"
"CR-0000089333","ACV-0000182642","","0","","Minor","Parked","Not Applicable","Not Applicable","Parked","Car","Unknown","1","Not Applicable","Not Applicable"
"CR-0000089332","ACV-0000182638","","0","","Minor","Parked","Not Applicable","Not Applicable","Parked","Car","Unknown","1","Not Applicable","Not Applicable"
"CR-0000089361","ACV-0000182707","","0","","Unknown","Driver","Had Not Been Drinking","South","Stopped","Unknown","Unknown","1","Not Applicable","Not Applicable"
"CR-0000089374","ACV-0000182736","M","65","","Major","Driver","Had Not Been Drinking","South","Proceeding Straight","Car","Unknown","1","Not Applicable","Not Applicable"
"CR-0000089377","ACV-0000182741","","0","","Unknown","Driver","Impairment Not Known","East","Changing Lanes","Unknown","Other Violation","1","22107","Unsafe Turn Movement"
"CR-0000089363","ACV-0000182710","M","32","","Not Applicable","Pedestrian","Had Not Been Drinking","West","Other (Ped)","Pedestrian","None Apparent","1","Not Applicable","Not Applicable"
"CR-0000089357","ACV-0000182696","","0","","Unknown","Driver","Impairment Not Known","West","Proceeding Straight","Car","Other Violation","1","22350","Speeding"
"CR-0000089354","ACV-0000182690","M","18","","Moderate","Driver","Impairment Not Known","North","Making Left Turn","Car","Other Violation","1","21453","Run Red Light"
"CR-0000089334","ACV-0000182643","M","79","","Moderate","Driver","Sleepy/Fatigued","East","Ran Off Road","Car","None Apparent","1","21663","Driving On Sidewalk"
"CR-0000089338","ACV-0000182652","F","40","","Unknown","Driver","Impairment Not Known","East","Proceeding Straight","Car","Unknown","1","Unknown","Unknown"
"CR-0000089371","ACV-0000182729","F","19","","Major","Driver","Had Not Been Drinking","West","Proceeding Straight","Car","None Apparent","1","Not Applicable","Not Applicable"
"CR-0000089335","ACV-0000182644","M","37","","Moderate","Driver","Had Not Been Drinking","East","Proceeding Straight","Car","None Apparent","1","22350","Speeding"
"CR-0000089348","ACV-0000182674","M","39","","Major","Driver","Under Drug Influence","South","Proceeding Straight","Panel Truck","Other Violation","1","21453","Run Red Light"
"CR-0000089331","ACV-0000182633","","0","","Minor","Parked","Not Applicable","Not Applicable","Parked","Car","Unknown","1","Not Applicable","Not Applicable"
"CR-0000089335","ACV-0000182647","M","28","","Minor","Driver","Had Not Been Drinking","East","Proceeding Straight","Car","Unknown","1","Not Applicable","Not Applicable"
"CR-0000089341","ACV-0000182662","F","36","","Unknown","Driver","Impairment Not Known","South","Proceeding Straight","Car","Unknown","1","Unknown","Unknown"
"CR-0000089370","ACV-0000182727","F","30","","Major","Driver","Had Not Been Drinking","North","Making Left Turn","Car","Unknown","1","Not Applicable","Not Applicable"
"CR-0000089355","ACV-0000182693","F","23","","Major","Driver","Had Not Been Drinking","North","Changing Lanes","Car","Other Violation","1","Not Applicable","Not Applicable"
"CR-0000089346","ACV-0000182673","F","1","","Not Applicable","Pedestrian","Had Not Been Drinking","South","Other (Ped)","Pedestrian","None Apparent","1","Not Applicable","Not Applicable"
"CR-0000089364","ACV-0000182714","M","62","","Moderate","Driver","Impairment Not Known","North","Stopped","Car","None Apparent","1","Not Applicable","Not Applicable"
"CR-0000089360","ACV-0000182704","M","51","","Not Applicable","Pedestrian","Impairment Not Known","North","Proceeding Straight","Pedestrian","None Apparent","1","Not Applicable","Not Applicable"
"CR-0000089341","ACV-0000182661","F","32","","Unknown","Driver","Impairment Not Known","South","Proceeding Straight","Car","Unknown","1","Unknown","Unknown"
"CR-0000089376","ACV-0000182739","M","0","","Major","Driver","Impairment Not Known","South","Making Right Turn","Car","Other Violation","1","23103","Reckless Driving 2"
"CR-0000089368","ACV-0000182721","","0","","Major","Driver","Impairment Not Known","North","Proceeding Straight","Car","Other Violation","1","22350","Speeding"
"CR-0000089336","ACV-0000182649","F","80","","Moderate","Driver","Had Not Been Drinking","West","Stopped","Car","None Apparent","1","Not Applicable","Not Applicable"
"CR-0000089362","ACV-0000182708","M","38","","Major","Driver","Had Not Been Drinking","South","Making Left Turn","Car","Other Violation","1","22350","Speeding"
"CR-0000089343","ACV-0000182660","M","36","","Major","Driver","Had Not Been Drinking","North","Proceeding Straight","Car","None Apparent","1","Not Applicable","Not Applicable"
"CR-0000089348","ACV-0000182677","M","37","","Moderate","Driver","Had Not Been Drinking","West","Making Left Turn","Panel Truck","None Apparent","1","Not Applicable","Not Applicable"
"CR-0000089360","ACV-0000182703","M","41","","Major","Driver","Impairment Not Known","South","Making Left Turn","Car","Other Violation","1","22107","Unsafe Turn Movement"
"CR-0000089332","ACV-0000182635","","0","","Moderate","Parked","Not Applicable","Not Applicable","Parked","Car","Unknown","1","Not Applicable","Not Applicable"
"CR-0000089348","ACV-0000182678","F","60","","Major","Driver","Had Not Been Drinking","West","Making Left Turn","Car","None Apparent","1","Not Applicable","Not Applicable"
"CR-0000089367","ACV-0000182720","M","0","","Not Applicable","Pedestrian","Impairment Not Known","West","Other (Ped)","Pedestrian","Unknown","1","Not Applicable","Not Applicable"
"CR-0000089336","ACV-0000182648","M","68","","Moderate","Driver","Had Not Been Drinking","West","Proceeding Straight","Motorcycle/Moped","None Apparent","1","22350","Speeding"
"CR-0000089332","ACV-0000182634","M","28","","Major","Driver","Had Not Been Drinking","South","Proceeding Straight","Car","Other Violation","1","22350","Speeding"
"CR-0000089333","ACV-0000182639","M","44","","Major","Driver","Had Been Drinking - Under Influence","West","Proceeding Straight","Car","Under Influence","1","22350","Speeding"
"CR-0000089364","ACV-0000182713","","0","","Unknown","Driver","Impairment Not Known","Unknown","Proceeding Straight","Unknown","Other Violation","1","22350","Speeding"
"CR-0000089359","ACV-0000182702","F","31","","Minor","Driver","Impairment Not Known","North","Proceeding Straight","Car","Unknown","1","Not Applicable","Not Applicable"
"CR-0000089348","ACV-0000182680","M","55","","Minor","Driver","Had Not Been Drinking","West","Slowing/Stopping","Panel Truck","None Apparent","1","Not Applicable","Not Applicable"
"CR-0000089337","ACV-0000182650","F","21","","Moderate","Driver","Had Been Drinking - Under Influence","South","Traveling Wrong Way","Car","Other Violation","1","23152","Driving Drunk"