"CrashName","Name","Sex","Age","Speed","VehicleDamage","PartyCategory","Sobriety","VehicleDirection","MovementPrecedingCollision","PartyType","OtherAssociatedFactor","VehicleCount","ViolationCode","ViolationCodeDescription"
"CR-0000089335","ACV-0000182645","F","67","","Moderate","Driver","Had Not Been Drinking","East","Proceeding Straight","Car","None Apparent","1","Not Applicable","Not Applicable"
"CR-0000089363","ACV-0000182712","","0","","Moderate","Parked","Not Applicable","Not Applicable","Parked","Car","None Apparent","1","Not Applicable","Not Applicable"
"CR-0000089348","ACV-0000182679","M","58","","Major","Driver","Had Not Been Drinking","West","Making Left Turn","Car","None Apparent","1","Not Applicable","Not Applicable"
"CR-0000089332","ACV-0000182637","","0","","Moderate","Parked","Not Applicable","Not Applicable","Parked","Car","Unknown","1","Not Applicable","Not Applicable"
"CR-0000089345","ACV-0000182666","F","27","","Moderate","Driver","Had Not Been Drinking","South","Stopped","Car","None Apparent","1","Not Applicable","Not Applicable"
"CR-0000089366","ACV-0000182718","M","38","","Major","Driver","Had Not Been Drinking","North","Proceeding Straight","Car","Unknown","1","Not Applicable","Not Applicable"
"CR-0000089359","ACV-0000182701","","0","","Minor","Driver","Impairment Not Known","West","Making Left Turn","Unknown","Other Violation","1","22107","Unsafe Turn Movement"
"CR-0000089349","ACV-0000182675","M","0","","Unknown","Driver","Impairment Not Known","North","Proceeding Straight","Car","Unknown","1","Unknown","Unknown"
"CR-0000089355","ACV-0000182692","","0","","Major","Driver","Impairment Not Known","North","Proceeding Straight","Car","Other Violation","1","22350","Speeding"
"CR-0000089369","ACV-0000182724","F","39","","Unknown","Driver","Impairment Not Known","North","Proceeding Straight","Car","Other Violation","1","22350","Speeding"
"CR-0000089331","ACV-0000182631","M","0","","Moderate","Driver","Impairment Not Known","West","Proceeding Straight","Panel Truck","Unknown","1","23103","Reckless Driving 2"
"CR-0000089358","ACV-0000182698","M","24","","Moderate","Driver","Impairment Not Known","East","Making Left Turn","Car","Other Violation","1","21453","Run Red Light"
"CR-0000089350","ACV-0000182681","F","36","","Moderate","Driver","Impairment Not Known","South","Proceeding Straight","Car","Other Violation","1","22350","Speeding"
"CR-0000089344","ACV-0000182663","","0","","Unknown","Driver","Impairment Not Known","North","Proceeding Straight","Unknown","Other Violation","1","22350","Speeding"
"CR-0000089372","ACV-0000182730","","0","","Unknown","Driver","Impairment Not Known","North","Proceeding Straight","Car","Other Violation","1","21703","Follow Too Closely"
"CR-0000089343","ACV-0000182659","M","32","","Major","Driver","Impairment Not Known","South","Making Left Turn","Car","Other Violation","1","22107","Unsafe Turn Movement"
"CR-0000089352","ACV-0000182686","M","22","","Moderate","Driver","Had Not Been Drinking","West","Making Left Turn","Motorcycle/Moped","Other Violation","1","22350","Speeding"
"CR-0000089342","ACV-0000182658","M","58","","Not Applicable","Pedestrian","Had Been Drinking - Under Influence","East","Proceeding Straight","Pedestrian","None Apparent","1","Not Applicable","Not Applicable"
"CR-0000089340","ACV-0000182655","M","0","","Unknown","Driver","Impairment Not Known","East","Other Unsafe Turning","Panel Truck","Unknown","1","Unknown","Unknown"
"CR-0000089344","ACV-0000182664","F","25","","Not Applicable","Pedestrian","Impairment Not Known","West","Other (Ped)","Pedestrian","Unknown","1","Not Applicable","Not Applicable"
"CR-0000089356","ACV-0000182695","F","27","","Minor","Driver","Impairment Not Known","East","Stopped","Car","None Apparent","1","Not Applicable","Not Applicable"
"CR-0000089365","ACV-0000182716","M","47","","Major","Driver","Impairment Not Known","North","Proceeding Straight","Car","Unknown","1","Not Applicable","Not Applicable"
"CR-0000089342","ACV-0000182657","","0","","Unknown","Driver","Impairment Not Known","West","Proceeding Straight","Unknown","Other Violation","1","00001","Other Improper Driving"
"CR-0000089356","ACV-0000182694","","0","","None","Driver","Impairment Not Known","East","Proceeding Straight","Unknown","Other Violation","1","22350","Speeding"
"CR-0000089365","ACV-0000182715","M","26","","Moderate","Driver","Under Drug Influence","North","Proceeding Straight","Car","Other Violation","1","22350","Speeding"
"CR-0000089357","ACV-0000182697","F","32","","Minor","Driver","Had Not Been Drinking","West","Proceeding Straight","Car","Unknown","1","Not Applicable","Not Applicable"
"CR-0000089368","ACV-0000182723","M","38","","Major","Driver","Had Not Been Drinking","North","Stopped","Car","Unknown","1","Not Applicable","Not Applicable"
"CR-0000089331","ACV-0000182632","","0","","Major","Parked","Not Applicable","Not Applicable","Parked","Car","Unknown","1","Not Applicable","Not Applicable"
"CR-0000089350","ACV-0000182682","F","53","","Minor","Driver","Impairment Not Known","South","Making Left Turn","Car","None Apparent","1","Not Applicable","Not Applicable"
"CR-0000089371","ACV-0000182728","","0","","Major","Driver","Impairment Not Known","North","Making Left Turn","Car","Other Violation","1","21453","Run Red Light"
"CR-0000089358","ACV-0000182699","F","56","","Major","Driver","Had Not Been Drinking","West","Proceeding Straight","Car","None Apparent","1","Not Applicable","Not Applicable"
"CR-0000089368","ACV-0000182722","M","57","","Major","Driver","Had Not Been Drinking","North","Slowing/Stopping","Car","Unknown","1","Not Applicable","Not Applicable"
"CR-0000089372","ACV-0000182731","F","36","","Minor","Driver","Impairment Not Known","North","Stopped","Car","Unknown","1","Not Applicable","Not Applicable"
"CR-0000089361","ACV-0000182705","","0","","Unknown","Driver","Impairment Not Known","South","Proceeding Straight","Unknown","Other Violation","1","22350","Speeding"
"CR-0000089375","ACV-0000182737","M","21","","Major","Driver","Had Been Drinking - Under Influence","West","Proceeding Straight","Car","Other Violation","1","23153","Driving Drunk With Injury"
"CR-0000089335","ACV-0000182646","M","32","","Minor","Driver","Had Not Been Drinking","East","Stopped","Car","None Apparent","1","Not Applicable","Not Applicable"
"CR-0000089347","ACV-0000182668","","0","","Unknown","Driver","Impairment Not Known","East","Proceeding Straight","Car","Unknown","1","Unknown","Unknown"
"CR-0000089350","ACV-0000182683","","0","","Minor","Parked","Not Applicable","North","Parked","Car","None Apparent","1","Not Applicable","Not Applicable"
"CR-0000089375","ACV-0000182738","","0","","Major","Driver","Impairment Not Known","South","Making Right Turn","Car","None Apparent","1","Not Applicable","Not Applicable"
"CR-0000089373","ACV-0000182733","M","49","","Moderate","Driver","Impairment Not Known","West","Making Right Turn","Car","Unknown","1","Not Applicable","Not Applicable"
"CR-0000089333","ACV-0000182640","","0","","Moderate","Parked","Not Applicable","Not Applicable","Parked","Panel Truck","Unknown","1","Not Applicable","Not Applicable"
"CR-0000089373","ACV-0000182732","","0","","Unknown","Driver","Impairment Not Known","West","Proceeding Straight","Unknown","Other Violation","1","22350","Speeding"
"CR-0000089370","ACV-0000182726","","0","","Major","Driver","Impairment Not Known","South","Proceeding Straight","Panel Truck","Other Violation","1","21453","Run Red Light"
"CR-0000089376","ACV-0000182740","F","49","","Moderate","Driver","Impairment Not Known","East","Making Right Turn","Car","None Apparent","1","Not Applicable","Not Applicable"
"CR-0000089347","ACV-0000182669","M","27","","Unknown","Driver","Impairment Not Known","East","Stopped","Car","Unknown","1","Unknown","Unknown"
"CR-0000089361","ACV-0000182706","M","82","","Minor","Driver","Had Not Been Drinking","South","Stopped","Car","Unknown","1","Not Applicable","Not Applicable"
"CR-0000089369","ACV-0000182725","M","0","","Unknown","Parked","Not Applicable","Unknown","Parked","Car","Unknown","1","Not Applicable","Not Applicable"
"CR-0000089345","ACV-0000182665","F","0","","Moderate","Driver","Impairment Not Known","South","Proceeding Straight","Car","Other Violation","1","22350","Speeding"
"CR-0000089346","ACV-0000182671","F","24","","Not Applicable","Pedestrian","Impairment Not Known","South","Other (Ped)","Pedestrian","None Apparent","1","Not Applicable","Not Applicable"
"CR-0000089339","ACV-0000182654","M","27","","Unknown","Driver","Impairment Not Known","Unknown","Making Left Turn","Car","Unknown","1","Unknown","Unknown"
"CR-0000089346","ACV-0000182667","M","19","","Unknown","Driver","Impairment Not Known","West","Making Right Turn","Car","Other Violation","1","22450","Fail Stop/Sign"
"CR-0000089347","ACV-0000182670","M","33","","Unknown","Driver","Impairment Not Known","East","Stopped","Car","Unknown","1","Unknown","Unknown"
"CR-0000089351","ACV-0000182684","M","29","","Moderate","Driver","Had Not Been Drinking","East","Proceeding Straight","Car","Other Violation","1","Unknown","Unknown"
"CR-0000089349","ACV-0000182676","M","0","","Unknown","Driver","Impairment Not Known","North","Stopped","Car","Unknown","1","Unknown","Unknown"
"CR-0000089339","ACV-0000182653","","0","","Unknown","Driver","Impairment Not Known","Unknown","Other Unsafe Turning","Car","Unknown","1","Unknown","Unknown"
"CR-0000089332","ACV-0000182636","","0","","Major","Parked","Not Applicable","Not Applicable","Parked","Car","Unknown","1","Not Applicable","Not Applicable"
"CR-0000089353","ACV-0000182689","F","60","","Major","Driver","Had Not Been Drinking","East","Proceeding Straight","Car","None Apparent","1","Unknown","Unknown"
"CR-0000089363","ACV-0000182709","","0","","Major","Driver","Impairment Not Known","West","Other Unsafe Turning","Car","Other Violation","1","22107","Unsafe Turn Movement"
"CR-0000089373","ACV-0000182734","M","40","","Moderate","Driver","Had Not Been Drinking","South","Stopped","Car","Unknown","1","Not Applicable","Not Applicable"
"CR-0000089333","ACV-0000182641","","0","","Major","Parked","Not Applicable","Not Applicable","Parked","Car","Unknown","1","Not Applicable","Not Applicable"
"CR-0000089367","ACV-0000182719","M","19","","None","Driver","Impairment Not Known","North","Proceeding Straight","Car","Other Violation","1","21950","Yield Pedestrian In Crosswalk"
"CR-0000089352","ACV-0000182687","","0","","Moderate","Parked","Not Applicable","Not Applicable","Parked","Panel Truck","None Apparent","1","Not Applicable","Not Applicable"
"CR-0000089378","ACV-0000182743","F","63","","Not Applicable","Pedestrian","Had Not Been Drinking","West","Proceeding Straight","Pedestrian","Unknown","1","Unknown","Unknown"
"CR-0000089379","ACV-0000182745","F","27","","Major","Driver","Had Been Drinking - Impairment Unknown","West","Proceeding Straight","Car","Speeding","1","21453","Run Red Light"
"CR-0000089378","ACV-0000182744","M","45","","None","Driver","Impairment Not Known","West","Proceeding Straight","Other","Unknown","1","Unknown","Unknown"
"CR-0000089379","ACV-0000182746","M","29","","Minor","Driver","Had Not Been Drinking","South","Proceeding Straight","Car","None Apparent","1","Not Applicable","Not Applicable"
"CR-0000089380","ACV-0000182748","","0","","Unknown","Driver","Impairment Not Known","South","Proceeding Straight","Panel Truck","Unknown","1","Unknown","Unknown"
"CR-0000089383","ACV-0000182754","F","69","","Moderate","Driver","Had Not Been Drinking","South","Making Left Turn","Car","None Apparent","1","Not Applicable","Not Applicable"
"CR-0000089386","ACV-0000182760","F","58","","Moderate","Driver","Impairment Not Known","East","Proceeding Straight","Car","Unknown","1","Unknown","Unknown"
"CR-0000089380","ACV-0000182747","F","46","","Unknown","Driver","Impairment Not Known","South","Stopped","Car","Unknown","1","Unknown","Unknown"
"CR-0000089384","ACV-0000182755","","0","","Unknown","Driver","Impairment Not Known","Unknown","Unknown","Unknown","Unknown","1","Unknown","Unknown"
"CR-0000089384","ACV-0000182756","","0","","Unknown","Parked","Not Applicable","Not Applicable","Parked","Car","Unknown","1","Unknown","Unknown"
"CR-0000089389","ACV-0000182766","","0","","Minor","Parked","Not Applicable","Not Applicable","Parked","Panel Truck","Unknown","1","Not Applicable","Not Applicable"
"CR-0000089391","ACV-0000182769","","0","","Minor","Parked","Had Been Drinking - Under Influence","Not Applicable","Parked","Panel Truck","None Apparent","1","Not Applicable","Not Applicable"
"CR-0000089386","ACV-0000182759","M","56","","Moderate","Driver","Impairment Not Known","East","Proceeding Straight","Car","Unknown","1","Unknown","Unknown"
"CR-0000089388","ACV-0000182764","F","66","","Minor","Driver","Had Not Been Drinking","North","Proceeding Straight","Car","Unknown","1","Not Applicable","Not Applicable"
"CR-0000089382","ACV-0000182749","M","50","","Major","Driver","Impairment Not Known","North","Making U-Turn","Car","None Apparent","1","21460","Driving Over Centerline"
"CR-0000089389","ACV-0000182765","F","39","","Major","Driver","Had Not Been Drinking","North","Ran Off Road","Car","Unknown","1","21658","Unsafe Lane Change"
"CR-0000089392","ACV-0000182770","","0","","Unknown","Driver","Impairment Not Known","North","Unknown","Car","Unknown","1","Unknown","Unknown"
"CR-0000089382","ACV-0000182750","M","45","","Minor","Driver","Impairment Not Known","South","Proceeding Straight","Car","None Apparent","1","Not Applicable","Not Applicable"
"CR-0000089390","ACV-0000182767","F","41","","Moderate","Driver","Had Not Been Drinking","South","Proceeding Straight","Car","None Apparent","1","22107","Unsafe Turn Movement"
"CR-0000089387","ACV-0000182761","F","0","","Minor","Driver","Had Not Been Drinking","West","Making Left Turn","Car","None Apparent","1","21801","Yield Left Turn"
"CR-0000089392","ACV-0000182771","","0","","Unknown","Parked","Not Applicable","Not Applicable","Parked","Car","Unknown","1","Unknown","Unknown"
"CR-0000089381","ACV-0000182751","F","19","","Unknown","Driver","Impairment Not Known","Unknown","Proceeding Straight","Car","Unknown","1","Unknown","Unknown"
"CR-0000089385","ACV-0000182757","","0","","Unknown","Driver","Impairment Not Known","Unknown","Unknown","Unknown","Unknown","1","Unknown","Unknown"
"CR-0000089385","ACV-0000182758","","0","","Unknown","Parked","Not Applicable","Not Applicable","Parked","Unknown","Unknown","1","Unknown","Unknown"
"CR-0000089383","ACV-0000182753","M","54","","Moderate","Driver","Had Not Been Drinking","East","Proceeding Straight","Panel Truck","None Apparent","1","21453","Run Red Light"
"CR-0000089387","ACV-0000182762","M","61","","Major","Driver","Had Not Been Drinking","East","Proceeding Straight","Motorcycle/Moped","None Apparent","1","Not Applicable","Not Applicable"
"CR-0000089391","ACV-0000182768","M","24","","Minor","Driver","Had Been Drinking - Under Influence","South","Proceeding Straight","Car","None Apparent","1","23152","Driving Drunk"
"CR-0000089381","ACV-0000182752","M","27","","Unknown","Driver","Impairment Not Known","Unknown","Proceeding Straight","Car","Unknown","1","Unknown","Unknown"
"CR-0000089388","ACV-0000182763","M","0","","Moderate","Driver","Had Been Drinking - Under Influence","South","Proceeding Straight","Car","Unknown","1","23152","Driving Drunk"
"CR-0000089401","ACV-0000182794","F","18","","Moderate","Driver","Had Not Been Drinking","East","Making Left Turn","Car","Unknown","1","Not Applicable","Not Applicable"
"CR-0000089397","ACV-0000182784","F","55","","Major","Driver","Impairment Not Known","North","Proceeding Straight","Car","None Apparent","1","Not Applicable","Not Applicable"
"CR-0000089415","ACV-0000182826","M","51","","None","Driver","Had Not Been Drinking","South","Stopped","Panel Truck","Stop And Go Traffic","1","Not Applicable","Not Applicable"
"CR-0000089417","ACV-0000182830","M","23","","Not Applicable","Pedestrian","Had Not Been Drinking","North","Other (Ped)","Skateboard","Unknown","1","Not Applicable","Not Applicable"
"CR-0000089398","ACV-0000182785","","0","","Unknown","Driver","Impairment Not Known","North","Making Right Turn","Unknown","Other Violation","1","00001","Other Improper Driving"
"CR-0000089410","ACV-0000182816","F","65","","Moderate","Driver","Had Not Been Drinking","North","Proceeding Straight","Car","None Apparent","1","21802","Yield Stop Sign"
"CR-0000089404","ACV-0000182803","M","26","","Not Applicable","Bicycle","Had Not Been Drinking","South","Proceeding Straight","Bicycle","None Apparent","1","Not Applicable","Not Applicable"
"CR-0000089394","ACV-0000182774","","0","","Moderate","Driver","Impairment Not Known","East","Making Left Turn","Panel Truck","Other Violation","1","22107","Unsafe Turn Movement"
"CR-0000089408","ACV-0000182813","F","70","","Moderate","Driver","Impairment Not Known","South","Making Right Turn","Car","Unknown","1","Not Applicable","Not Applicable"
"CR-0000089413","ACV-0000182823","","0","","Minor","Parked","Not Applicable","Not Applicable","Proceeding Straight","Car","Unknown","1","Not Applicable","Not Applicable"
"CR-0000089400","ACV-0000182792","","0","","Minor","Parked","Not Applicable","Not Applicable","Parked","Car","None Apparent","1","Not Applicable","Not Applicable"
"CR-0000089411","ACV-0000182819","M","61","","Moderate","Driver","Had Not Been Drinking","West","Proceeding Straight","Car","None Apparent","1","Not Applicable","Not Applicable"
"CR-0000089405","ACV-0000182806","","0","","Unknown","Driver","Impairment Not Known","North","Proceeding Straight","Unknown","Other Violation","1","21950","Yield Pedestrian In Crosswalk"
"CR-0000089401","ACV-0000182793","M","34","","Major","Driver","Impairment Not Known","South","Proceeding Straight","Car","Other Violation","1","21453","Run Red Light"
"CR-0000089394","ACV-0000182775","","0","","Moderate","Parked","Not Applicable","Not Applicable","Parked","Panel Truck","Unknown","1","Not Applicable","Not Applicable"
"CR-0000089395","ACV-0000182776","F","25","","Minor","Driver","Had Been Drinking - Under Influence","East","Backing","Car","Other Violation","1","22106","Unsafe Backing"
"CR-0000089406","ACV-0000182808","","0","","Unknown","Driver","Impairment Not Known","North","Making Left Turn","Unknown","Other Violation","1","22450","Fail Stop/Sign"
"CR-0000089407","ACV-0000182810","","0","","Unknown","Driver","Impairment Not Known","South","Making Right Turn","Unknown","Other Violation","1","Unknown","Unknown"
"CR-0000089408","ACV-0000182812","","0","","Major","Driver","Impairment Not Known","South","Proceeding Straight","Car","Unknown","1","22350","Speeding"
"CR-0000089401","ACV-0000182796","","0","","Minor","Parked","Not Applicable","Not Applicable","Parked","Car","Unknown","1","Not Applicable","Not Applicable"
"CR-0000089398","ACV-0000182786","M","20","","Not Applicable","Bicycle","Impairment Not Known","West","Other (Bike)","Bicycle","None Apparent","1","Not Applicable","Not Applicable"
"CR-0000089417","ACV-0000182829","","0","","Unknown","Driver","Impairment Not Known","East","Proceeding Straight","Car","Unknown","1","22350","Speeding"
"CR-0000089416","ACV-0000182828","M","18","","Not Applicable","Pedestrian","Had Not Been Drinking","East","Proceeding Straight","Skateboard","None Apparent","1","Not Applicable","Not Applicable"
"CR-0000089400","ACV-0000182789","","0","","Moderate","Driver","Impairment Not Known","South","Changing Lanes","Car","Other Violation","1","22107","Unsafe Turn Movement"
"CR-0000089406","ACV-0000182809","M","62","","Not Applicable","Bicycle","Had Not Been Drinking","West","Other (Bike)","Bicycle","Inattention","1","Not Applicable","Not Applicable"
"CR-0000089401","ACV-0000182795","","0","","Moderate","Parked","Not Applicable","Not Applicable","Parked","Car","Unknown","1","Not Applicable","Not Applicable"
"CR-0000089396","ACV-0000182779","F","26","","Major","Driver","Impairment Not Known","South","Proceeding Straight","Car","Other Violation","1","22450","Fail Stop/Sign"
"CR-0000089415","ACV-0000182825","F","34","","Unknown","Driver","Impairment Not Known","South","Proceeding Straight","Car","Other Violation","1","21703","Follow Too Closely"
"CR-0000089414","ACV-0000182824","F","42","","Major","Driver","Had Not Been Drinking","West","Making Left Turn","Car","Unknown","1","21658","Unsafe Lane Change"
"CR-0000089416","ACV-0000182827","","0","","Unknown","Driver","Impairment Not Known","East","Other Unsafe Turning","Unknown","Other Violation","1","22107","Unsafe Turn Movement"
"CR-0000089404","ACV-0000182805","","0","","Unknown","Parked","Not Applicable","Not Applicable","Parked","Car","None Apparent","1","Not Applicable","Not Applicable"
"CR-0000089409","ACV-0000182815","F","0","","Moderate","Driver","Had Not Been Drinking","West","Proceeding Straight","Car","None Apparent","1","Not Applicable","Not Applicable"
"CR-0000089402","ACV-0000182799","M","47","","Major","Driver","Impairment Not Known","South","Proceeding Straight","Motorcycle/Moped","Unknown","1","Not Applicable","Not Applicable"
"CR-0000089407","ACV-0000182811","M","5","","Not Applicable","Pedestrian","Had Not Been Drinking","South","Other (Ped)","Pedestrian","None Apparent","1","Not Applicable","Not Applicable"
"CR-0000089405","ACV-0000182807","F","54","","Not Applicable","Bicycle","Had Not Been Drinking","East","Other (Bike)","Bicycle","None Apparent","1","Not Applicable","Not Applicable"
"CR-0000089404","ACV-0000182804","","0","","Unknown","Parked","Not Applicable","Not Applicable","Parked","Car","None Apparent","1","Not Applicable","Not Applicable"
"CR-0000089412","ACV-0000182821","F","68","","Minor","Driver","Impairment Not Known","West","Stopped","Car","None Apparent","1","Not Applicable","Not Applicable"
"CR-0000089396","ACV-0000182780","M","64","","Major","Driver","Had Not Been Drinking","East","Proceeding Straight","Car","None Apparent","1","Not Applicable","Not Applicable"
"CR-0000089395","ACV-0000182778","","0","","Minor","Parked","Not Applicable","Not Applicable","Parked","Car","None Apparent","1","Not Applicable","Not Applicable"
"CR-0000089396","ACV-0000182781","M","29","","Minor","Driver","Had Not Been Drinking","North","Stopped","Car","None Apparent","1","Not Applicable","Not Applicable"
"CR-0000089399","ACV-0000182787","F","28","","Major","Driver","Impairment Not Known","East","Proceeding Straight","Car","Other Violation","1","22350","Speeding"
"CR-0000089403","ACV-0000182800","","0","","Unknown","Driver","Impairment Not Known","West","Making Right Turn","Unknown","Other Violation","1","22350","Speeding"
"CR-0000089401","ACV-0000182797","","0","","Moderate","Parked","Not Applicable","Not Applicable","Parked","Car","Unknown","1","Not Applicable","Not Applicable"
"CR-0000089400","ACV-0000182791","","0","","Major","Parked","Not Applicable","Not Applicable","Parked","Car","None Apparent","1","Not Applicable","Not Applicable"
"CR-0000089404","ACV-0000182802","","0","","Unknown","Driver","Impairment Not Known","South","Making Right Turn","Unknown","Other Violation","1","22107","Unsafe Turn Movement"
"CR-0000089402","ACV-0000182798","F","31","","Major","Driver","Impairment Not Known","East","Entering Traffic","Car","Other Violation","1","21804","Yield From Driveway/Curb"
"CR-0000089399","ACV-0000182788","M","22","","Moderate","Driver","Impairment Not Known","North","Proceeding Straight","Car","Unknown","1","Not Applicable","Not Applicable"
"CR-0000089413","ACV-0000182822","M","42","","Minor","Driver","Had Not Been Drinking","South","Proceeding Straight","Motorcycle/Moped","Unknown","1","22350","Speeding"
"CR-0000089395","ACV-0000182777","","0","","Moderate","Parked","Not Applicable","Not Applicable","Parked","Panel Truck","None Apparent","1","Not Applicable","Not Applicable"
"CR-0000089411","ACV-0000182818","M","41","","Moderate","Driver","Had Not Been Drinking","East","Making Left Turn","Car","None Apparent","1","22107","Unsafe Turn Movement"
"CR-0000089400","ACV-0000182790","F","29","","Major","Driver","Impairment Not Known","South","Proceeding Straight","Car","None Apparent","1","Not Applicable","Not Applicable"
"CR-0000089393","ACV-0000182773","M","22","","Major","Driver","Impairment Not Known","South","Proceeding Straight","Car","None Apparent","1","Not Applicable","Not Applicable"
"CR-0000089403","ACV-0000182801","M","21","","Moderate","Driver","Had Not Been Drinking","South","Stopped","Car","None Apparent","1","Not Applicable","Not Applicable"
"CR-0000089396","ACV-0000182782","M","27","","Minor","Parked","Not Applicable","North","Parked","Car","None Apparent","1","Not Applicable","Not Applicable"
"CR-0000089393","ACV-0000182772","M","41","","Major","Driver","Impairment Not Known","East","Making Left Turn","Car","None Apparent","1","22450","Fail Stop/Sign"
"CR-0000089410","ACV-0000182817","F","26","","Moderate","Driver","Had Not Been Drinking","East","Proceeding Straight","Car","None Apparent","1","Not Applicable","Not Applicable"
"CR-0000089409","ACV-0000182814","F","50","","Moderate","Driver","Had Not Been Drinking","South","Proceeding Straight","Car","None Apparent","1","21802","Yield Stop Sign"
"CR-0000089397","ACV-0000182783","","0","","Moderate","Driver","Impairment Not Known","North","Proceeding Straight","Car","Other Violation","1","22107","Unsafe Turn Movement"
"CR-0000089412","ACV-0000182820","M","50","","Moderate","Driver","Had Been Drinking - Under Influence","West","Proceeding Straight","Panel Truck","Other Violation","1","22350","Speeding"
"CR-0000089418","ACV-0000182832","M","52","","Not Applicable","Bicycle","Had Not Been Drinking","South","Proceeding Straight","Bicycle","None Apparent","1","Not Applicable","Not Applicable"
"CR-0000089423","ACV-0000182841","","0","","Major","Parked","Not Applicable","Not Applicable","Parked","Car","Unknown","1","Not Applicable","Not Applicable"
"CR-0000089426","ACV-0000182845","","0","","Minor","Driver","Impairment Not Known","East","Changing Lanes","Unknown","Other Violation","1","22107","Unsafe Turn Movement"
"CR-0000089425","ACV-0000182844","M","18","","Unknown","Driver","Impairment Not Known","North","Proceeding Straight","Car","Unknown","1","Unknown","Unknown"
"CR-0000089421","ACV-0000182836","","0","","Unknown","Driver","Impairment Not Known","East","Passing Other Vehicles","Motorcycle/Moped","Other Violation","1","21750","Passing On Left"
"CR-0000089419","ACV-0000182833","","0","","Moderate","Driver","Impairment Not Known","North","Proceeding Straight","Car","Other Violation","1","21453","Run Red Light"
"CR-0000089423","ACV-0000182840","","0","","Major","Driver","Impairment Not Known","East","Proceeding Straight","Car","Other Violation","1","21658","Unsafe Lane Change"
"CR-0000089422","ACV-0000182839","F","52","","Moderate","Driver","Had Not Been Drinking","East","Proceeding Straight","Car","None Apparent","1","Not Applicable","Not Applicable"
"CR-0000089424","ACV-0000182842","F","18","","Major","Driver","Impairment Not Known","South","Other Unsafe Turning","Car","None Apparent","1","21651","Divided Highway"
"CR-0000089422","ACV-0000182838","M","37","","Not Applicable","Pedestrian","Had Been Drinking - Impairment Unknown","Unknown","Other (Ped)","Pedestrian","Unknown","1","21954","Pedestrian Yield Car"
"CR-0000089426","ACV-0000182846","M","58","","Minor","Driver","Had Not Been Drinking","East","Proceeding Straight","Car","None Apparent","1","Not Applicable","Not Applicable"
"CR-0000089419","ACV-0000182834","M","50","","Minor","Driver","Had Not Been Drinking","North","Proceeding Straight","Panel Truck","Unknown","1","Not Applicable","Not Applicable"
"CR-0000089421","ACV-0000182837","F","31","","Minor","Driver","Impairment Not Known","East","Stopped","Car","Unknown","1","Not Applicable","Not Applicable"
"CR-0000089425","ACV-0000182843","M","0","","Unknown","Driver","Impairment Not Known","West","Other","Unknown","Unknown","1","Unknown","Unknown"
"CR-0000089420","ACV-0000182835","M","69","","Major","Driver","Had Been Drinking - Not Under Influence","North","Ran Off Road","Car","Other Violation","1","22107","Unsafe Turn Movement"
"CR-0000089418","ACV-0000182831","F","74","","Minor","Driver","Had Not Been Drinking","East","Entering Traffic","Car","None Apparent","1","21804","Yield From Driveway/Curb"
"CR-0000089495","ACV-0000182986","F","40","","Moderate","Driver","Had Not Been Drinking","East","Stopped","Car","None Apparent","1","Not Applicable","Not Applicable"
"CR-0000089451","ACV-0000182894","F","36","","Major","Driver","Had Not Been Drinking","South","Proceeding Straight","Car","Unknown","1","21453","Run Red Light"
"CR-0000089470","ACV-0000182934","M","0","","Unknown","Driver","Impairment Not Known","West","Proceeding Straight","Car","Other Violation","1","Unknown","Unknown"
"CR-0000089487","ACV-0000182969","M","17","","Not Applicable","Bicycle","Not Applicable","North","Proceeding Straight","Bicycle","None Apparent","1","Not Applicable","Not Applicable"
"CR-0000089450","ACV-0000182897","M","32","","Minor","Driver","Had Not Been Drinking","Unknown","Parked","Car","None Apparent","1","22517","Open Door Traffic"
"CR-0000089455","ACV-0000182906","M","47","","Minor","Driver","Had Not Been Drinking","South","Proceeding Straight","Car","None Apparent","1","Not Applicable","Not Applicable"
"CR-0000089432","ACV-0000182858","M","48","","Major","Driver","Had Not Been Drinking","South","Proceeding Straight","Car","None Apparent","1","Not Applicable","Not Applicable"
"CR-0000089442","ACV-0000182878","F","23","","Minor","Driver","Had Not Been Drinking","North","Stopped","Car","None Apparent","1","Not Applicable","Not Applicable"
"CR-0000089470","ACV-0000182935","F","46","","Unknown","Driver","Impairment Not Known","West","Stopped","Car","Unknown","1","Not Applicable","Not Applicable"
"CR-0000089490","ACV-0000182974","F","62","","Minor","Driver","Had Not Been Drinking","East","Making Left Turn","Car","None Apparent","1","21801","Yield Left Turn"
"CR-0000089476","ACV-0000182946","","0","","Moderate","Parked","Not Applicable","Not Applicable","Parked","Car","None Apparent","1","Not Applicable","Not Applicable"
"CR-0000089446","ACV-0000182885","","0","","Moderate","Driver","Impairment Not Known","South","Proceeding Straight","Unknown","Other Violation","1","22350","Speeding"
"CR-0000089434","ACV-0000182861","","0","","Unknown","Driver","Impairment Not Known","East","Proceeding Straight","Unknown","Other Violation","1","21658","Unsafe Lane Change"
"CR-0000089433","ACV-0000182859","M","0","","Major","Driver","Had Not Been Drinking","South","Proceeding Straight","Car","Unknown","1","Unknown","Unknown"
"CR-0000089465","ACV-0000182924","M","79","","Unknown","Driver","Had Not Been Drinking","South","Proceeding Straight","Car","Other Violation","1","21453","Run Red Light"