"CrashName","Name","Sex","Age","Speed","VehicleDamage","PartyCategory","Sobriety","VehicleDirection","MovementPrecedingCollision","PartyType","OtherAssociatedFactor","VehicleCount","ViolationCode","ViolationCodeDescription"
"CR-0000089462","ACV-0000182919","","0","","Minor","Parked","Not Applicable","Not Applicable","Parked","Car","Unknown","1","Not Applicable","Not Applicable"
"CR-0000089443","ACV-0000182879","","0","","Unknown","Driver","Impairment Not Known","East","Proceeding Straight","Car","Other Violation","1","21453","Run Red Light"
"CR-0000089464","ACV-0000182923","M","64","","Unknown","Driver","Impairment Not Known","West","Making U-Turn","Car","Unknown","1","Not Applicable","Not Applicable"
"CR-0000089463","ACV-0000182921","F","25","","Minor","Driver","Impairment Not Known","East","Proceeding Straight","Car","None Apparent","1","Not Applicable","Not Applicable"
"CR-0000089489","ACV-0000182972","M","41","","None","Driver","Had Not Been Drinking","West","Proceeding Straight","Panel Truck","Vision Obscurement","1","22350","Speeding"
"CR-0000089457","ACV-0000182910","F","0","","Moderate","Driver","Had Not Been Drinking","East","Proceeding Straight","Car","Unknown","1","Not Applicable","Not Applicable"
"CR-0000089464","ACV-0000182922","M","0","","Unknown","Driver","Impairment Not Known","West","Making Left Turn","Car","Other Violation","1","Unknown","Unknown"
"CR-0000089467","ACV-0000182928","M","22","","Moderate","Driver","Had Not Been Drinking","East","Proceeding Straight","Car","None Apparent","1","21453","Run Red Light"
"CR-0000089446","ACV-0000182887","M","22","","Minor","Driver","Had Not Been Drinking","South","Stopped","Car","None Apparent","1","Not Applicable","Not Applicable"
"CR-0000089469","ACV-0000182932","F","33","","Minor","Driver","Had Not Been Drinking","West","Making Left Turn","Car","Vision Obscurement","1","21950","Yield Pedestrian In Crosswalk"
"CR-0000089452","ACV-0000182899","","0","","Unknown","Driver","Impairment Not Known","East","Proceeding Straight","Car","Other Violation","1","22350","Speeding"
"CR-0000089450","ACV-0000182898","M","52","","None","Driver","Had Not Been Drinking","North","Proceeding Straight","Panel Truck","None Apparent","1","Not Applicable","Not Applicable"
"CR-0000089481","ACV-0000182957","M","0","","Major","Driver","Had Not Been Drinking","North","Making Right Turn","Car","Unknown","1","Unknown","Unknown"
"CR-0000089492","ACV-0000182978","F","60","","Major","Driver","Had Not Been Drinking","East","Proceeding Straight","Car","None Apparent","1","22107","Unsafe Turn Movement"
"CR-0000089489","ACV-0000182973","M","0","","Moderate","Driver","Had Not Been Drinking","West","Stopped","Car","None Apparent","1","Not Applicable","Not Applicable"
"CR-0000089478","ACV-0000182950","","0","","Moderate","Parked","Not Applicable","Not Applicable","Parked","Car","Unknown","1","Not Applicable","Not Applicable"
"CR-0000089433","ACV-0000182860","M","44","","Major","Driver","Had Not Been Drinking","North","Making Left Turn","Car","Unknown","1","Unknown","Unknown"
"CR-0000089469","ACV-0000182933","F","57","","Not Applicable","Pedestrian","Had Not Been Drinking","East","Proceeding Straight","Pedestrian","Unknown","1","Not Applicable","Not Applicable"
"CR-0000089427","ACV-0000182847","F","74","","Minor","Driver","Impairment Not Known","East","Making Right Turn","Car","None Apparent","1","22107","Unsafe Turn Movement"
"CR-0000089455","ACV-0000182905","","0","","Major","Driver","Impairment Not Known","East","Proceeding Straight","Car","Other Violation","1","22350","Speeding"
"CR-0000089445","ACV-0000182884","M","15","","Not Applicable","Bicycle","Had Not Been Drinking","South","Proceeding Straight","Bicycle","None Apparent","1","Not Applicable","Not Applicable"
"CR-0000089434","ACV-0000182862","","0","","Major","Parked","Not Applicable","Not Applicable","Parked","Car","None Apparent","1","Not Applicable","Not Applicable"
"CR-0000089435","ACV-0000182864","M","44","","Major","Bicycle","Had Not Been Drinking","East","Proceeding Straight","Bicycle","None Apparent","1","Not Applicable","Not Applicable"
"CR-0000089462","ACV-0000182917","","0","","Moderate","Parked","Not Applicable","Not Applicable","Parked","Car","Unknown","1","Not Applicable","Not Applicable"
"CR-0000089442","ACV-0000182877","","0","","Unknown","Driver","Impairment Not Known","North","Proceeding Straight","Unknown","Other Violation","1","22350","Speeding"
"CR-0000089444","ACV-0000182882","M","32","","Moderate","Driver","Impairment Not Known","North","Proceeding Straight","Car","None Apparent","1","Not Applicable","Not Applicable"
"CR-0000089437","ACV-0000182867","","0","","Major","Driver","Impairment Not Known","West","Proceeding Straight","Car","Other Violation","1","21453","Run Red Light"
"CR-0000089475","ACV-0000182944","M","63","","Unknown","Driver","Had Not Been Drinking","North","Stopped","Panel Truck","None Apparent","1","Not Applicable","Not Applicable"
"CR-0000089440","ACV-0000182874","F","38","","Minor","Driver","Had Not Been Drinking","East","Stopped","Car","None Apparent","1","Not Applicable","Not Applicable"
"CR-0000089497","ACV-0000182989","F","20","","Major","Driver","Had Not Been Drinking","West","Proceeding Straight","Car","None Apparent","1","21453","Run Red Light"
"CR-0000089486","ACV-0000182967","M","35","","Moderate","Driver","Had Not Been Drinking","South","Stopped","Car","Unknown","1","Not Applicable","Not Applicable"
"CR-0000089443","ACV-0000182880","F","22","","Major","Driver","Impairment Not Known","North","Proceeding Straight","Car","Unknown","1","Not Applicable","Not Applicable"
"CR-0000089459","ACV-0000182911","","0","","Unknown","Driver","Impairment Not Known","South","Proceeding Straight","Panel Truck","Other Violation","1","22350","Speeding"
"CR-0000089432","ACV-0000182857","M","49","","Major","Driver","Had Not Been Drinking","South","Changing Lanes","Panel Truck","None Apparent","1","22107","Unsafe Turn Movement"
"CR-0000089441","ACV-0000182875","","0","","Moderate","Driver","Had Not Been Drinking","North","Proceeding Straight","Car","Other Violation","1","21453","Run Red Light"
"CR-0000089431","ACV-0000182855","","0","","Unknown","Driver","Impairment Not Known","East","Proceeding Straight","Car","Other Violation","1","Unknown","Unknown"
"CR-0000089457","ACV-0000182909","F","27","","Moderate","Driver","Had Not Been Drinking","North","Proceeding Straight","Car","Unfamiliar With Road","1","21453","Run Red Light"
"CR-0000089471","ACV-0000182936","","0","","Unknown","Driver","Impairment Not Known","Unknown","Making Right Turn","Car","Other Violation","1","Not Applicable","Not Applicable"
"CR-0000089448","ACV-0000182891","F","31","","Minor","Driver","Had Not Been Drinking","South","Stopped","Bus - Other","None Apparent","1","Not Applicable","Not Applicable"
"CR-0000089491","ACV-0000182976","M","0","","Unknown","Driver","Impairment Not Known","North","Stopped","Car","Unknown","1","Unknown","Unknown"
"CR-0000089483","ACV-0000182960","F","17","","Major","Driver","Impairment Not Known","North","Stopped","Car","None Apparent","1","22350","Speeding"
"CR-0000089459","ACV-0000182912","F","20","","Major","Driver","Had Not Been Drinking","East","Backing","Car","None Apparent","1","Not Applicable","Not Applicable"
"CR-0000089490","ACV-0000182975","M","33","","Moderate","Driver","Had Not Been Drinking","West","Proceeding Straight","Car","None Apparent","1","Not Applicable","Not Applicable"
"CR-0000089436","ACV-0000182865","","0","","Unknown","Driver","Impairment Not Known","West","Making Left Turn","Unknown","Other Violation","1","21801","Yield Left Turn"
"CR-0000089484","ACV-0000182961","","0","","Major","Driver","Impairment Not Known","East","Crossing Into Opposing Lane","Car","Other Violation","1","00001","Other Improper Driving"
"CR-0000089451","ACV-0000182895","F","50","","Major","Driver","Had Not Been Drinking","North","Making Left Turn","Car","Unknown","1","Not Applicable","Not Applicable"
"CR-0000089482","ACV-0000182959","","0","","Moderate","Parked","Not Applicable","Not Applicable","Parked","Car","None Apparent","1","Not Applicable","Not Applicable"
"CR-0000089487","ACV-0000182968","F","79","","None","Driver","Impairment Not Known","Unknown","Backing","Car","None Apparent","1","21804","Yield From Driveway/Curb"
"CR-0000089444","ACV-0000182881","","0","","Unknown","Driver","Impairment Not Known","South","Making Left Turn","Unknown","Other Violation","1","21453","Run Red Light"
"CR-0000089476","ACV-0000182945","M","23","","Moderate","Driver","Had Been Drinking - Under Influence","East","Proceeding Straight","Car","None Apparent","1","23152","Driving Drunk"
"CR-0000089493","ACV-0000182980","F","30","","Minor","Driver","Had Not Been Drinking","West","Stopped","Car","Unknown","1","Not Applicable","Not Applicable"
"CR-0000089439","ACV-0000182871","","0","","Moderate","Driver","Impairment Not Known","East","Ran Off Road","Car","Other Violation","1","22350","Speeding"
"CR-0000089459","ACV-0000182913","","0","","Minor","Parked","Had Not Been Drinking","Not Applicable","Parked","Car","None Apparent","1","Not Applicable","Not Applicable"
"CR-0000089462","ACV-0000182918","","0","","Major","Parked","Not Applicable","Not Applicable","Parked","Car","Unknown","1","Not Applicable","Not Applicable"
"CR-0000089465","ACV-0000182925","M","44","","Moderate","Driver","Had Not Been Drinking","East","Making Left Turn","Car","None Apparent","1","Not Applicable","Not Applicable"
"CR-0000089430","ACV-0000182854","M","23","","Major","Driver","Impairment Not Known","South","Proceeding Straight","Car","None Apparent","1","Not Applicable","Not Applicable"
"CR-0000089429","ACV-0000182852","M","23","","Minor","Driver","Had Not Been Drinking","East","Stopped","Car","Unknown","1","Not Applicable","Not Applicable"
"CR-0000089485","ACV-0000182964","","0","","Unknown","Driver","Impairment Not Known","Unknown","Unknown","Unknown","Other Violation","1","Unknown","Unknown"
"CR-0000089473","ACV-0000182939","","0","","Major","Driver","Impairment Not Known","South","Proceeding Straight","Car","Other Violation","1","21453","Run Red Light"
"CR-0000089474","ACV-0000182941","M","55","","Minor","Driver","Impairment Not Known","West","Proceeding Straight","Car","None Apparent","1","21453","Run Red Light"
"CR-0000089445","ACV-0000182883","F","55","","Unknown","Driver","Had Not Been Drinking","South","Parked","Car","Other","1","22500","Parking Unlawfully"
"CR-0000089460","ACV-0000182914","M","66","","Minor","Driver","Impairment Not Known","South","Other Unsafe Turning","Car","None Apparent","1","21804","Yield From Driveway/Curb"
"CR-0000089484","ACV-0000182962","","0","","Major","Parked","Not Applicable","Not Applicable","Parked","Car","Unknown","1","Not Applicable","Not Applicable"
"CR-0000089467","ACV-0000182929","M","27","","Unknown","Driver","Had Not Been Drinking","North","Proceeding Straight","Panel Truck","None Apparent","1","Not Applicable","Not Applicable"
"CR-0000089438","ACV-0000182869","","0","","Unknown","Driver","Impairment Not Known","West","Proceeding Straight","Car","Other Violation","1","21453","Run Red Light"
"CR-0000089476","ACV-0000182947","","0","","Moderate","Parked","Not Applicable","Not Applicable","Parked","Car","None Apparent","1","Not Applicable","Not Applicable"
"CR-0000089453","ACV-0000182901","F","81","","Moderate","Driver","Had Not Been Drinking","North","Proceeding Straight","Car","Other Violation","1","22107","Unsafe Turn Movement"
"CR-0000089456","ACV-0000182907","F","0","","Major","Driver","Had Not Been Drinking","North","Making Left Turn","Car","None Apparent","1","21801","Yield Left Turn"
"CR-0000089439","ACV-0000182872","F","58","","Not Applicable","Pedestrian","Had Not Been Drinking","East","Other (Ped)","Pedestrian","Unknown","1","Not Applicable","Not Applicable"
"CR-0000089493","ACV-0000182981","F","56","","Minor","Driver","Had Not Been Drinking","West","Stopped","Car","Unknown","1","Not Applicable","Not Applicable"
"CR-0000089480","ACV-0000182955","","0","","Moderate","Parked","Not Applicable","Not Applicable","Parked","Car","None Apparent","1","Not Applicable","Not Applicable"
"CR-0000089493","ACV-0000182979","M","31","","Minor","Driver","Impairment Not Known","West","Stopped","Panel Truck","Other Violation","1","Unknown","Unknown"
"CR-0000089484","ACV-0000182963","","0","","Moderate","Parked","Not Applicable","Not Applicable","Parked","Car","Unknown","1","Not Applicable","Not Applicable"
"CR-0000089496","ACV-0000182987","M","30","","Moderate","Driver","Had Not Been Drinking","North","Changing Lanes","Car","None Apparent","1","22107","Unsafe Turn Movement"
"CR-0000089496","ACV-0000182988","M","54","","Minor","Driver","Had Not Been Drinking","North","Proceeding Straight","Car","None Apparent","1","Not Applicable","Not Applicable"
"CR-0000089480","ACV-0000182956","","0","","Minor","Parked","Not Applicable","Not Applicable","Parked","Panel Truck","None Apparent","1","Not Applicable","Not Applicable"
"CR-0000089494","ACV-0000182983","M","71","","Minor","Driver","Had Not Been Drinking","North","Making Right Turn","Car","Unknown","1","Not Applicable","Not Applicable"
"CR-0000089460","ACV-0000182915","M","61","","Unknown","Driver","Impairment Not Known","South","Proceeding Straight","Motorcycle/Moped","None Apparent","1","Not Applicable","Not Applicable"
"CR-0000089474","ACV-0000182942","M","62","","Minor","Driver","Impairment Not Known","South","Making Left Turn","Car","None Apparent","1","Not Applicable","Not Applicable"
"CR-0000089466","ACV-0000182926","F","32","","Minor","Driver","Had Not Been Drinking","North","Proceeding Straight","Car","Unfamiliar With Road","1","21650","Driving Wrong Side"
"CR-0000089477","ACV-0000182948","F","49","","Minor","Driver","Had Not Been Drinking","West","Proceeding Straight","Motorcycle/Moped","Other Violation","1","26452","Bad Brakes"
"CR-0000089429","ACV-0000182851","M","0","","Minor","Driver","Impairment Not Known","North","Backing","Car","Other Violation","1","22106","Unsafe Backing"
"CR-0000089452","ACV-0000182900","M","44","","Minor","Driver","Had Not Been Drinking","East","Stopped","Car","Unknown","1","Not Applicable","Not Applicable"
"CR-0000089494","ACV-0000182982","M","63","","Minor","Bicycle","Had Not Been Drinking","South","Traveling Wrong Way","Bicycle","Unknown","1","21650","Driving Wrong Side"
"CR-0000089437","ACV-0000182868","F","20","","Major","Driver","Had Not Been Drinking","East","Making Left Turn","Car","Unknown","1","Not Applicable","Not Applicable"
"CR-0000089485","ACV-0000182965","","0","","Major","Parked","Not Applicable","Not Applicable","Parked","Car","Unknown","1","Not Applicable","Not Applicable"
"CR-0000089438","ACV-0000182870","F","29","","Major","Driver","Had Not Been Drinking","South","Proceeding Straight","Car","Unknown","1","Not Applicable","Not Applicable"
"CR-0000089446","ACV-0000182886","F","40","","Moderate","Driver","Had Not Been Drinking","South","Stopped","Car","None Apparent","1","Not Applicable","Not Applicable"
"CR-0000089447","ACV-0000182890","F","38","","Not Applicable","Pedestrian","Impairment Not Known","West","Other (Ped)","Pedestrian","None Apparent","1","Not Applicable","Not Applicable"
"CR-0000089497","ACV-0000182990","F","17","","Major","Driver","Had Not Been Drinking","East","Making Left Turn","Car","None Apparent","1","Not Applicable","Not Applicable"
"CR-0000089449","ACV-0000182892","","0","","Moderate","Driver","Impairment Not Known","East","Making Left Turn","Car","Other Violation","1","21950","Yield Pedestrian In Crosswalk"
"CR-0000089475","ACV-0000182943","M","63","","Unknown","Driver","Had Not Been Drinking","North","Proceeding Straight","Panel Truck","None Apparent","1","22350","Speeding"
"CR-0000089478","ACV-0000182951","","0","","Minor","Parked","Not Applicable","Not Applicable","Parked","Panel Truck","Unknown","1","Not Applicable","Not Applicable"
"CR-0000089478","ACV-0000182949","","0","","Moderate","Driver","Impairment Not Known","North","Proceeding Straight","Car","Other Violation","1","22350","Speeding"
"CR-0000089479","ACV-0000182953","M","53","","None","Driver","Impairment Not Known","East","Proceeding Straight","Car","None Apparent","1","Not Applicable","Not Applicable"
"CR-0000089488","ACV-0000182970","M","0","","Unknown","Driver","Impairment Not Known","East","Proceeding Straight","Unknown","Other Violation","1","22350","Speeding"
"CR-0000089440","ACV-0000182873","","0","","Minor","Driver","Impairment Not Known","East","Proceeding Straight","Car","Other Violation","1","22350","Speeding"
"CR-0000089482","ACV-0000182958","","0","","Unknown","Driver","Impairment Not Known","North","Proceeding Straight","Car","Other Violation","1","22350","Speeding"
"CR-0000089471","ACV-0000182937","M","21","","Unknown","Driver","Impairment Not Known","Unknown","Stopped","Car","Unknown","1","Not Applicable","Not Applicable"
"CR-0000089468","ACV-0000182931","M","36","","Minor","Driver","Impairment Not Known","North","Slowing/Stopping","Car","Unknown","1","Not Applicable","Not Applicable"
"CR-0000089447","ACV-0000182888","","0","","Unknown","Driver","Impairment Not Known","North","Making Left Turn","Panel Truck","Other Violation","1","22350","Speeding"
"CR-0000089430","ACV-0000182853","M","45","","Major","Driver","Impairment Not Known","East","Making Left Turn","Car","None Apparent","1","21800","Yield Uncontrolled Intersection"
"CR-0000089491","ACV-0000182977","F","45","","None","Driver","Impairment Not Known","North","Proceeding Straight","Car","Unknown","1","Unknown","Unknown"
"CR-0000089472","ACV-0000182938","M","24","","Minor","Driver","Impairment Not Known","South","Entering Traffic","Car","Unknown","1","00001","Other Improper Driving"
"CR-0000089488","ACV-0000182971","M","48","","Minor","Driver","Had Not Been Drinking","East","Proceeding Straight","Panel Truck","Unknown","1","Not Applicable","Not Applicable"
"CR-0000089466","ACV-0000182927","M","42","","Moderate","Driver","Had Not Been Drinking","West","Proceeding Straight","Car","None Apparent","1","Not Applicable","Not Applicable"
"CR-0000089495","ACV-0000182984","","0","","Moderate","Driver","Impairment Not Known","North","Making Left Turn","Car","Other Violation","1","21801","Yield Left Turn"
"CR-0000089431","ACV-0000182856","","0","","Moderate","Parked","Not Applicable","Not Applicable","Parked","Car","Unknown","1","Unknown","Unknown"
"CR-0000089454","ACV-0000182904","M","22","","Major","Driver","Had Not Been Drinking","South","Proceeding Straight","Car","None Apparent","1","Not Applicable","Not Applicable"
"CR-0000089479","ACV-0000182952","","0","","Unknown","Driver","Impairment Not Known","North","Traveling Wrong Way","Motorcycle/Moped","Other Violation","1","21650","Driving Wrong Side"
"CR-0000089441","ACV-0000182876","M","57","","Moderate","Driver","Had Not Been Drinking","South","Making Left Turn","Panel Truck","None Apparent","1","Not Applicable","Not Applicable"
"CR-0000089463","ACV-0000182920","","0","","Unknown","Driver","Impairment Not Known","East","Other Unsafe Turning","Car","Other Violation","1","21658","Unsafe Lane Change"
"CR-0000089462","ACV-0000182916","M","23","","Major","Driver","Had Been Drinking - Under Influence","West","Traveling Wrong Way","Car","Other Violation","1","21651","Divided Highway"
"CR-0000089435","ACV-0000182863","","0","","Unknown","Driver","Impairment Not Known","North","Entering Traffic","Unknown","Other Violation","1","21804","Yield From Driveway/Curb"
"CR-0000089456","ACV-0000182908","M","23","","Major","Driver","Had Not Been Drinking","North","Proceeding Straight","Car","None Apparent","1","Not Applicable","Not Applicable"
"CR-0000089436","ACV-0000182866","M","38","","Major","Driver","Had Not Been Drinking","East","Proceeding Straight","Motorcycle/Moped","None Apparent","1","Not Applicable","Not Applicable"
"CR-0000089449","ACV-0000182893","M","41","","Not Applicable","Pedestrian","Had Not Been Drinking","West","Proceeding Straight","Pedestrian","None Apparent","1","Not Applicable","Not Applicable"
"CR-0000089454","ACV-0000182903","M","59","","Major","Driver","Had Not Been Drinking","West","Proceeding Straight","Panel Truck","None Apparent","1","21453","Run Red Light"
"CR-0000089428","ACV-0000182850","","0","","Minor","Parked","Not Applicable","Not Applicable","Parked","Panel Truck","None Apparent","1","Not Applicable","Not Applicable"
"CR-0000089486","ACV-0000182966","F","78","","Moderate","Driver","Had Not Been Drinking","South","Merging","Car","Other","1","21453","Run Red Light"
"CR-0000089428","ACV-0000182849","","0","","Minor","Driver","Had Been Drinking - Impairment Unknown","Unknown","Other Unsafe Turning","Panel Truck","Other Violation","1","23103","Reckless Driving 2"
"CR-0000089427","ACV-0000182848","M","26","","Not Applicable","Bicycle","Impairment Not Known","East","Proceeding Straight","Bicycle","None Apparent","1","Not Applicable","Not Applicable"
"CR-0000089448","ACV-0000182889","M","27","","Minor","Driver","Had Not Been Drinking","East","Making Left Turn","Panel Truck","None Apparent","1","22107","Unsafe Turn Movement"
"CR-0000089480","ACV-0000182954","M","42","","Major","Driver","Had Been Drinking - Under Influence","West","Proceeding Straight","Car","None Apparent","1","23152","Driving Drunk"
"CR-0000089473","ACV-0000182940","M","21","","Major","Driver","Impairment Not Known","West","Proceeding Straight","Car","None Apparent","1","Not Applicable","Not Applicable"
"CR-0000089451","ACV-0000182896","F","64","","Minor","Driver","Had Not Been Drinking","East","Stopped","Car","Unknown","1","Not Applicable","Not Applicable"
"CR-0000089453","ACV-0000182902","","0","","Moderate","Parked","Not Applicable","Not Applicable","Parked","Car With Trailer","None Apparent","1","Not Applicable","Not Applicable"
"CR-0000089468","ACV-0000182930","","0","","Minor","Driver","Impairment Not Known","North","Proceeding Straight","Car","Other Violation","1","21703","Follow Too Closely"
"CR-0000089495","ACV-0000182985","M","60","","Moderate","Driver","Had Not Been Drinking","South","Proceeding Straight","Car","None Apparent","1","Not Applicable","Not Applicable"
"CR-0000089499","ACV-0000182994","M","31","","Minor","Driver","Had Not Been Drinking","North","Stopped","Car","Unknown","1","Not Applicable","Not Applicable"
"CR-0000089504","ACV-0000183003","","0","","Unknown","Driver","Impairment Not Known","North","Other Unsafe Turning","Car","Other Violation","1","Unknown","Unknown"
"CR-0000089502","ACV-0000183000","F","27","","Minor","Driver","Had Not Been Drinking","West","Slowing/Stopping","Car","None Apparent","1","Not Applicable","Not Applicable"
"CR-0000089500","ACV-0000182995","","76","","Minor","Driver","Impairment Not Known","Unknown","Making Left Turn","Car","Vision Obscurement","1","22350","Speeding"
"CR-0000089503","ACV-0000183001","M","27","","Minor","Driver","Under Drug Influence","South","Slowing/Stopping","Car","Other Violation","1","23152","Driving Drunk"
"CR-0000089500","ACV-0000182996","M","56","","Not Applicable","Bicycle","Impairment Not Known","Unknown","Other (Bike)","Bicycle","Unknown","1","Not Applicable","Not Applicable"
"CR-0000089504","ACV-0000183004","F","38","","Unknown","Driver","Had Not Been Drinking","North","Proceeding Straight","Car","None Apparent","1","Not Applicable","Not Applicable"
"CR-0000089506","ACV-0000183007","M","34","","Minor","Driver","Impairment Not Known","West","Proceeding Straight","Panel Truck","None Apparent","1","21800","Yield Uncontrolled Intersection"
"CR-0000089505","ACV-0000183005","M","45","","Moderate","Driver","Had Not Been Drinking","West","Making Left Turn","Panel Truck","None Apparent","1","Unknown","Unknown"
"CR-0000089506","ACV-0000183008","F","34","","Minor","Driver","Impairment Not Known","North","Proceeding Straight","Car","None Apparent","1","Not Applicable","Not Applicable"
"CR-0000089502","ACV-0000182999","M","27","","Moderate","Driver","Had Not Been Drinking","West","Proceeding Straight","Car","None Apparent","1","21703","Follow Too Closely"
"CR-0000089501","ACV-0000182998","M","35","","Not Applicable","Pedestrian","Had Not Been Drinking","East","Proceeding Straight","Pedestrian","None Apparent","1","Not Applicable","Not Applicable"
"CR-0000089501","ACV-0000182997","F","42","","None","Driver","Impairment Not Known","North","Making Left Turn","Car","None Apparent","1","21950","Yield Pedestrian In Crosswalk"
"CR-0000089498","ACV-0000182991","M","50","","Major","Driver","Impairment Not Known","South","Proceeding Straight","Car","Other Violation","1","22350","Speeding"
"CR-0000089499","ACV-0000182993","M","69","","None","Driver","Had Not Been Drinking","North","Proceeding Straight","Car","Unknown","1","21703","Follow Too Closely"
"CR-0000089503","ACV-0000183002","","0","","Minor","Parked","Not Applicable","Not Applicable","Parked","Car","Unknown","1","Not Applicable","Not Applicable"
"CR-0000089498","ACV-0000182992","M","50","","Moderate","Driver","Impairment Not Known","South","Stopped","Car","Unknown","1","Not Applicable","Not Applicable"
"CR-0000089505","ACV-0000183006","F","49","","Major","Driver","Had Not Been Drinking","East","Proceeding Straight","Car","None Apparent","1","Unknown","Unknown"
"CR-0000089527","ACV-0000183053","F","28","","Minor","Driver","Impairment Not Known","East","Proceeding Straight","Car","Vision Obscurement","1","Not Applicable","Not Applicable"
"CR-0000089526","ACV-0000183051","M","45","","Moderate","Driver","Had Not Been Drinking","North","Proceeding Straight","Car","Unknown","1","Not Applicable","Not Applicable"
"CR-0000089513","ACV-0000183022","M","29","","Major","Driver","Impairment Not Known","North","Proceeding Straight","Car","Unknown","1","Not Applicable","Not Applicable"
"CR-0000089528","ACV-0000183054","M","40","","Major","Driver","Had Not Been Drinking","East","Proceeding Straight","Car","Other Violation","1","22350","Speeding"
"CR-0000089519","ACV-0000183035","M","26","","Moderate","Driver","Impairment Not Known","North","Ran Off Road","Car","None Apparent","1","22350","Speeding"
"CR-0000089508","ACV-0000183011","","0","","Unknown","Driver","Impairment Not Known","South","Making Left Turn","Panel Truck","Other Violation","1","21950","Yield Pedestrian In Crosswalk"
"CR-0000089509","ACV-0000183014","F","29","","Minor","Driver","Impairment Not Known","South","Proceeding Straight","Car","None Apparent","1","Not Applicable","Not Applicable"
"CR-0000089521","ACV-0000183038","","0","","Major","Driver","Impairment Not Known","South","Making Left Turn","Panel Truck","Other Violation","1","21453","Run Red Light"
"CR-0000089509","ACV-0000183013","M","27","","Minor","Driver","Impairment Not Known","East","Making Left Turn","Car","Vision Obscurement","1","22107","Unsafe Turn Movement"
"CR-0000089540","ACV-0000183070","","0","","Major","Driver","Impairment Not Known","East","Proceeding Straight","Car","Other Violation","1","22350","Speeding"
"CR-0000089526","ACV-0000183050","M","16","","Not Applicable","Pedestrian","Impairment Not Known","Not Applicable","Proceeding Straight","Pedestrian","Unknown","1","Not Applicable","Not Applicable"
"CR-0000089525","ACV-0000183048","","0","","Moderate","Parked","Impairment Not Known","Not Applicable","Parked","Car","Unknown","1","Not Applicable","Not Applicable"
"CR-0000089515","ACV-0000183026","F","23","","Minor","Driver","Impairment Not Known","West","Stopped","Car","None Apparent","1","Not Applicable","Not Applicable"
"CR-0000089518","ACV-0000183034","","0","","Major","Driver","Impairment Not Known","West","Other Unsafe Turning","Unknown","Other Violation","1","22107","Unsafe Turn Movement"
"CR-0000089520","ACV-0000183037","F","69","","Moderate","Driver","Had Not Been Drinking","East","Backing","Car","None Apparent","1","Not Applicable","Not Applicable"
"CR-0000089524","ACV-0000183045","F","59","","Minor","Driver","Impairment Not Known","East","Proceeding Straight","Car","Inattention","1","Not Applicable","Not Applicable"
"CR-0000089516","ACV-0000183029","F","21","","Major","Driver","Had Not Been Drinking","West","Proceeding Straight","Car","None Apparent","1","21453","Run Red Light"
"CR-0000089507","ACV-0000183010","M","53","","Minor","Driver","Had Not Been Drinking","South","Proceeding Straight","Emergency Vehicle","None Apparent","1","Not Applicable","Not Applicable"
"CR-0000089513","ACV-0000183021","M","44","","Moderate","Driver","Impairment Not Known","West","Making Left Turn","Car","Unknown","1","21801","Yield Left Turn"
"CR-0000089540","ACV-0000183071","","0","","Moderate","Parked","Not Applicable","Not Applicable","Parked","Car","None Apparent","1","Not Applicable","Not Applicable"
"CR-0000089541","ACV-0000183073","M","52","","Minor","Driver","Had Been Drinking - Under Influence","South","Proceeding Straight","Car","Other Violation","1","23152","Driving Drunk"
"CR-0000089514","ACV-0000183023","M","0","","Minor","Driver","Had Been Drinking - Under Influence","South","Proceeding Straight","Panel Truck","Other Violation","1","22350","Speeding"
"CR-0000089526","ACV-0000183049","M","70","","Moderate","Driver","Had Been Drinking - Under Influence","South","Proceeding Straight","Panel Truck","Unknown","1","23153","Driving Drunk With Injury"
"CR-0000089538","ACV-0000183067","M","37","","Major","Driver","Impairment Not Known","North","Proceeding Straight","Car","None Apparent","1","Unknown","Unknown"
"CR-0000089530","ACV-0000183058","F","0","","Unknown","Driver","Impairment Not Known","South","Making Right Turn","Car","Other Violation","1","22350","Speeding"
"CR-0000089536","ACV-0000183064","","0","","Moderate","Driver","Impairment Not Known","South","Proceeding Straight","Car","Other Violation","1","22107","Unsafe Turn Movement"
"CR-0000089539","ACV-0000183068","","0","","Minor","Driver","Impairment Not Known","South","Backing","Car","Runaway Vehicle","1","22106","Unsafe Backing"
"CR-0000089511","ACV-0000183018","F","83","","Minor","Driver","Impairment Not Known","North","Proceeding Straight","Car","Unknown","1","Not Applicable","Not Applicable"
"CR-0000089510","ACV-0000183015","M","0","","Unknown","Driver","Impairment Not Known","East","Proceeding Straight","Panel Truck","Other Violation","1","21650","Driving Wrong Side"
"CR-0000089536","ACV-0000183065","F","18","","Moderate","Driver","Had Not Been Drinking","South","Proceeding Straight","Car","None Apparent","1","Not Applicable","Not Applicable"
"CR-0000089511","ACV-0000183017","F","0","","Minor","Driver","Impairment Not Known","North","Making Left Turn","Motorcycle/Moped","Unknown","1","21801","Yield Left Turn"
"CR-0000089512","ACV-0000183020","","0","","Major","Parked","Not Applicable","Not Applicable","Parked","Car","Unknown","1","Not Applicable","Not Applicable"