"CrashName","Name","Sex","Age","Speed","VehicleDamage","PartyCategory","Sobriety","VehicleDirection","MovementPrecedingCollision","PartyType","OtherAssociatedFactor","VehicleCount","ViolationCode","ViolationCodeDescription"
"CR-0000089591","ACV-0000183183","M","35","","Major","Driver","Impairment Not Known","West","Proceeding Straight","Car","None Apparent","1","21802","Yield Stop Sign"
"CR-0000089612","ACV-0000183225","","0","","Minor","Parked","Not Applicable","Not Applicable","Parked","Car","Unknown","1","Not Applicable","Not Applicable"
"CR-0000089600","ACV-0000183200","F","24","","Minor","Driver","Had Not Been Drinking","West","Proceeding Straight","Car","None Apparent","1","Not Applicable","Not Applicable"
"CR-0000089599","ACV-0000183197","","0","","Unknown","Driver","Impairment Not Known","North","Proceeding Straight","Unknown","Other Violation","1","22350","Speeding"
"CR-0000089617","ACV-0000183231","M","62","","Major","Driver","Had Not Been Drinking","South","Other Unsafe Turning","Car","None Apparent","1","22107","Unsafe Turn Movement"
"CR-0000089600","ACV-0000183199","M","64","","Not Applicable","Bicycle","Had Not Been Drinking","South","Proceeding Straight","Bicycle","None Apparent","1","21950","Yield Pedestrian In Crosswalk"
"CR-0000089592","ACV-0000183185","","0","","Moderate","Driver","Impairment Not Known","West","Making Right Turn","Motorcycle/Moped","Other Violation","1","21453","Run Red Light"
"CR-0000089599","ACV-0000183198","M","49","","Minor","Parked","Not Applicable","Not Applicable","Parked","Car","None Apparent","1","Not Applicable","Not Applicable"
"CR-0000089587","ACV-0000183175","M","53","","Moderate","Driver","Had Not Been Drinking","East","Stopped","Car","Stop And Go Traffic","1","Not Applicable","Not Applicable"
"CR-0000089597","ACV-0000183193","M","28","","None","Driver","Had Not Been Drinking","North","Traveling Wrong Way","Panel Truck","Unknown","1","21650","Driving Wrong Side"
"CR-0000089601","ACV-0000183202","F","29","","Minor","Driver","Impairment Not Known","South","Making Left Turn","Car","None Apparent","1","Not Applicable","Not Applicable"
"CR-0000089618","ACV-0000183232","","0","","Moderate","Driver","Impairment Not Known","East","Proceeding Straight","Panel Truck","Other Violation","1","21703","Follow Too Closely"
"CR-0000089618","ACV-0000183233","M","55","","Moderate","Driver","Had Not Been Drinking","East","Stopped","Car","Unknown","1","Not Applicable","Not Applicable"
"CR-0000089619","ACV-0000183234","M","18","","Moderate","Driver","Impairment Not Known","North","Proceeding Straight","Car","Other Violation","1","22350","Speeding"
"CR-0000089620","ACV-0000183235","","0","","Major","Driver","Impairment Not Known","South","Unknown","Car","Other Violation","1","22350","Speeding"
"CR-0000089624","ACV-0000183242","F","78","","Major","Driver","Had Not Been Drinking","East","Making U-Turn","Car","None Apparent","1","22350","Speeding"
"CR-0000089636","ACV-0000183265","M","31","","Moderate","Driver","Had Not Been Drinking","East","Proceeding Straight","Car","Stop And Go Traffic","1","22350","Speeding"
"CR-0000089654","ACV-0000183296","M","48","","Minor","Driver","Had Not Been Drinking","East","Proceeding Straight","Motorcycle/Moped","None Apparent","1","22350","Speeding"
"CR-0000089628","ACV-0000183250","M","63","","Not Applicable","Bicycle","Had Not Been Drinking","West","Proceeding Straight","Bicycle","Other Violation","1","21650","Driving Wrong Side"
"CR-0000089650","ACV-0000183288","M","38","","Minor","Driver","Had Not Been Drinking","East","Making Left Turn","Car","None Apparent","1","22107","Unsafe Turn Movement"
"CR-0000089655","ACV-0000183299","M","48","","Minor","Driver","Had Not Been Drinking","East","Stopped","Car","None Apparent","1","Not Applicable","Not Applicable"
"CR-0000089638","ACV-0000183268","F","60","","Minor","Driver","Sleepy/Fatigued","East","Proceeding Straight","Car","Inattention","1","22350","Speeding"
"CR-0000089629","ACV-0000183251","M","33","","Moderate","Driver","Impairment Not Known","North","Proceeding Straight","Car","Unknown","1","21453","Run Red Light"
"CR-0000089649","ACV-0000183287","F","62","","Moderate","Driver","Impairment Not Known","West","Proceeding Straight","Car","None Apparent","1","Not Applicable","Not Applicable"
"CR-0000089630","ACV-0000183253","","0","","Unknown","Driver","Impairment Not Known","West","Other Unsafe Turning","Car","Other Violation","1","22107","Unsafe Turn Movement"
"CR-0000089652","ACV-0000183292","","0","","Unknown","Driver","Impairment Not Known","East","Other Unsafe Turning","Car","Other Violation","1","21703","Follow Too Closely"
"CR-0000089648","ACV-0000183284","F","57","","Minor","Driver","Had Not Been Drinking","North","Making Left Turn","Car","Vision Obscurement","1","21950","Yield Pedestrian In Crosswalk"
"CR-0000089648","ACV-0000183285","F","63","","Not Applicable","Pedestrian","Had Not Been Drinking","South","Other (Ped)","Pedestrian","None Apparent","1","Not Applicable","Not Applicable"
"CR-0000089626","ACV-0000183246","M","21","","Major","Driver","Had Not Been Drinking","South","Changing Lanes","Panel Truck","None Apparent","1","Not Applicable","Not Applicable"
"CR-0000089628","ACV-0000183249","F","18","","None","Driver","Had Not Been Drinking","West","Making Left Turn","Car","Other Violation","1","22107","Unsafe Turn Movement"
"CR-0000089644","ACV-0000183276","M","0","","Minor","Driver","Had Not Been Drinking","North","Proceeding Straight","Panel Truck","None Apparent","1","Not Applicable","Not Applicable"
"CR-0000089646","ACV-0000183279","M","44","","Major","Driver","Had Not Been Drinking","South","Making U-Turn","Car","Unknown","1","21453","Run Red Light"
"CR-0000089631","ACV-0000183255","F","43","","Moderate","Driver","Impairment Not Known","East","Proceeding Straight","Car","Vision Obscurement","1","21802","Yield Stop Sign"
"CR-0000089630","ACV-0000183254","F","59","","Minor","Driver","Had Not Been Drinking","West","Proceeding Straight","Car","None Apparent","1","Not Applicable","Not Applicable"
"CR-0000089623","ACV-0000183241","M","87","","Major","Driver","Impairment Not Known","South","Proceeding Straight","Car","Unknown","1","Not Applicable","Not Applicable"
"CR-0000089624","ACV-0000183243","","0","","Moderate","Parked","Not Applicable","Not Applicable","Parked","Car","None Apparent","1","Not Applicable","Not Applicable"
"CR-0000089622","ACV-0000183239","M","64","","Minor","Driver","Had Not Been Drinking","West","Proceeding Straight","Panel Truck","None Apparent","1","Not Applicable","Not Applicable"
"CR-0000089632","ACV-0000183257","F","40","","Moderate","Driver","Had Not Been Drinking","North","Making Left Turn","Car","None Apparent","1","21453","Run Red Light"
"CR-0000089656","ACV-0000183300","M","26","","Major","Driver","Impairment Not Known","North","Proceeding Straight","Car","None Apparent","1","22350","Speeding"
"CR-0000089636","ACV-0000183266","M","18","","Major","Driver","Had Not Been Drinking","East","Stopped","Car","Stop And Go Traffic","1","Not Applicable","Not Applicable"
"CR-0000089621","ACV-0000183236","M","46","","None","Driver","Impairment Not Known","East","Making Right Turn","Car","None Apparent","1","21950","Yield Pedestrian In Crosswalk"
"CR-0000089623","ACV-0000183240","","0","","Major","Driver","Impairment Not Known","East","Proceeding Straight","Car","Other Violation","1","21453","Run Red Light"
"CR-0000089642","ACV-0000183272","F","23","","Major","Driver","Had Not Been Drinking","North","Proceeding Straight","Car","Other Violation","1","22350","Speeding"
"CR-0000089639","ACV-0000183269","","0","","Unknown","Driver","Impairment Not Known","East","Proceeding Straight","Car","Other Violation","1","22350","Speeding"
"CR-0000089632","ACV-0000183258","F","58","","Minor","Driver","Had Not Been Drinking","South","Proceeding Straight","Car","None Apparent","1","Not Applicable","Not Applicable"
"CR-0000089639","ACV-0000183270","M","41","","Major","Driver","Had Not Been Drinking","North","Proceeding Straight","Panel Truck","Unknown","1","Not Applicable","Not Applicable"
"CR-0000089634","ACV-0000183262","F","21","","Moderate","Driver","Had Not Been Drinking","East","Proceeding Straight","Car","None Apparent","1","Not Applicable","Not Applicable"
"CR-0000089626","ACV-0000183245","F","30","","Major","Driver","Had Not Been Drinking","North","Making Left Turn","Car","None Apparent","1","21801","Yield Left Turn"
"CR-0000089653","ACV-0000183294","M","48","","Major","Driver","Had Been Drinking - Under Influence","East","Proceeding Straight","Car","Unknown","1","22350","Speeding"
"CR-0000089654","ACV-0000183297","F","59","","Minor","Driver","Had Not Been Drinking","East","Stopped","Car","None Apparent","1","Not Applicable","Not Applicable"
"CR-0000089627","ACV-0000183248","M","34","","Minor","Driver","Had Not Been Drinking","West","Making Left Turn","Car","Unknown","1","22350","Speeding"
"CR-0000089622","ACV-0000183238","","0","","Minor","Driver","Impairment Not Known","South","Making Left Turn","Car","Other Violation","1","22450","Fail Stop/Sign"
"CR-0000089650","ACV-0000183289","M","0","","Minor","Driver","Had Not Been Drinking","West","Proceeding Straight","Car","None Apparent","1","Not Applicable","Not Applicable"
"CR-0000089642","ACV-0000183273","F","56","","Major","Driver","Had Not Been Drinking","East","Proceeding Straight","Car","None Apparent","1","Not Applicable","Not Applicable"
"CR-0000089649","ACV-0000183286","","46","","Moderate","Driver","Impairment Not Known","South","Proceeding Straight","Car","None Apparent","1","21453","Run Red Light"
"CR-0000089653","ACV-0000183295","F","42","","Major","Driver","Had Not Been Drinking","East","Stopped","Car","Unknown","1","Not Applicable","Not Applicable"
"CR-0000089647","ACV-0000183282","M","69","","Major","Driver","Impairment Not Known","North","Proceeding Straight","Car","None Apparent","1","Not Applicable","Not Applicable"
"CR-0000089625","ACV-0000183244","M","20","","Minor","Driver","Impairment Not Known","West","Proceeding Straight","Car","None Apparent","1","22350","Speeding"
"CR-0000089627","ACV-0000183247","F","38","","Not Applicable","Pedestrian","Had Not Been Drinking","East","Other (Ped)","Pedestrian","Unknown","1","21954","Pedestrian Yield Car"
"CR-0000089633","ACV-0000183260","M","40","","Moderate","Driver","Had Not Been Drinking","North","Proceeding Straight","Car","None Apparent","1","Not Applicable","Not Applicable"
"CR-0000089655","ACV-0000183298","F","22","","Minor","Driver","Had Not Been Drinking","East","Proceeding Straight","Car","None Apparent","1","22350","Speeding"
"CR-0000089641","ACV-0000183271","F","57","","Major","Driver","Had Not Been Drinking","West","Proceeding Straight","Car","None Apparent","1","22350","Speeding"
"CR-0000089634","ACV-0000183261","","0","","Unknown","Driver","Impairment Not Known","East","Making Right Turn","Unknown","Other Violation","1","22107","Unsafe Turn Movement"
"CR-0000089643","ACV-0000183274","","0","","Minor","Driver","Impairment Not Known","West","Proceeding Straight","Car","Other Violation","1","00001","Other Improper Driving"
"CR-0000089635","ACV-0000183263","","0","","Unknown","Driver","Impairment Not Known","East","Proceeding Straight","Unknown","Other Violation","1","22350","Speeding"
"CR-0000089645","ACV-0000183277","F","28","","Major","Driver","Had Not Been Drinking","East","Entering Traffic","Car","None Apparent","1","21800","Yield Uncontrolled Intersection"
"CR-0000089629","ACV-0000183252","F","38","","Moderate","Driver","Impairment Not Known","West","Proceeding Straight","Car","Unknown","1","Not Applicable","Not Applicable"
"CR-0000089647","ACV-0000183283","M","48","","Minor","Driver","Impairment Not Known","West","Stopped","Car","None Apparent","1","Not Applicable","Not Applicable"
"CR-0000089631","ACV-0000183256","M","21","","Major","Driver","Impairment Not Known","North","Proceeding Straight","Car","None Apparent","1","Not Applicable","Not Applicable"
"CR-0000089651","ACV-0000183290","M","27","","Major","Driver","Had Been Drinking - Under Influence","East","Proceeding Straight","Car","Other Violation","1","22350","Speeding"
"CR-0000089647","ACV-0000183281","M","48","","Major","Driver","Impairment Not Known","South","Making Left Turn","Car","None Apparent","1","21453","Run Red Light"
"CR-0000089633","ACV-0000183259","F","19","","Moderate","Driver","Had Not Been Drinking","West","Making Right Turn","Car","Inattention","1","22107","Unsafe Turn Movement"
"CR-0000089645","ACV-0000183278","F","55","","Moderate","Driver","Had Not Been Drinking","North","Proceeding Straight","Car","None Apparent","1","Not Applicable","Not Applicable"
"CR-0000089635","ACV-0000183264","M","37","","Moderate","Driver","Impairment Not Known","South","Making Right Turn","Car","None Apparent","1","Not Applicable","Not Applicable"
"CR-0000089646","ACV-0000183280","F","60","","Major","Driver","Had Not Been Drinking","North","Proceeding Straight","Car","Unknown","1","Not Applicable","Not Applicable"
"CR-0000089651","ACV-0000183291","F","50","","Major","Driver","Had Not Been Drinking","East","Stopped","Car","None Apparent","1","Not Applicable","Not Applicable"
"CR-0000089621","ACV-0000183237","F","0","","Not Applicable","Pedestrian","Impairment Not Known","North","Other (Ped)","Pedestrian","None Apparent","1","Not Applicable","Not Applicable"
"CR-0000089652","ACV-0000183293","F","35","","Minor","Driver","Had Not Been Drinking","East","Making Right Turn","Car","None Apparent","1","Not Applicable","Not Applicable"
"CR-0000089637","ACV-0000183267","M","20","","Moderate","Driver","Had Been Drinking - Under Influence","West","Proceeding Straight","Car","None Apparent","1","23152","Driving Drunk"
"CR-0000089656","ACV-0000183301","M","43","","Major","Driver","Had Not Been Drinking","North","Stopped","Car","None Apparent","1","Not Applicable","Not Applicable"
"CR-0000089644","ACV-0000183275","M","32","","Minor","Driver","Had Not Been Drinking","North","Making Left Turn","Car","Unfamiliar With Road","1","22107","Unsafe Turn Movement"
"CR-0000089640","ACV-0000183303","","0","","Major","Driver","Impairment Not Known","South","Proceeding Straight","Car","Other Violation","1","Unknown","Unknown"
"CR-0000089660","ACV-0000183307","M","22","","Moderate","Driver","Had Not Been Drinking","North","Making Right Turn","Car","None Apparent","1","22107","Unsafe Turn Movement"
"CR-0000089659","ACV-0000183305","M","58","","Not Applicable","Bicycle","Had Not Been Drinking","South","Proceeding Straight","Bicycle","None Apparent","1","22350","Speeding"
"CR-0000089662","ACV-0000183311","","0","","Unknown","Parked","Not Applicable","Not Applicable","Parked","Car","Unknown","1","Unknown","Unknown"
"CR-0000089660","ACV-0000183308","F","73","","Minor","Driver","Had Not Been Drinking","East","Proceeding Straight","Car","None Apparent","1","Not Applicable","Not Applicable"
"CR-0000089662","ACV-0000183312","","0","","Unknown","Driver","Impairment Not Known","Unknown","Unknown","Unknown","Unknown","1","Unknown","Unknown"
"CR-0000089661","ACV-0000183309","","0","","Unknown","Driver","Impairment Not Known","South","Other Unsafe Turning","Unknown","Unknown","1","Unknown","Unknown"
"CR-0000089659","ACV-0000183306","F","20","","Minor","Driver","Had Not Been Drinking","South","Proceeding Straight","Car","None Apparent","1","Not Applicable","Not Applicable"
"CR-0000089640","ACV-0000183304","","0","","Minor","Parked","Not Applicable","Not Applicable","Parked","Panel Truck","None Apparent","1","Not Applicable","Not Applicable"
"CR-0000089657","ACV-0000183302","","0","","Minor","Driver","Impairment Not Known","West","Making Right Turn","Car","Other Violation","1","22107","Unsafe Turn Movement"
"CR-0000089661","ACV-0000183310","","0","","Unknown","Parked","Not Applicable","Not Applicable","Parked","Car","Unknown","1","Unknown","Unknown"
"CR-0000089681","ACV-0000183346","","0","","Minor","Parked","Not Applicable","Not Applicable","Parked","Car","Unknown","1","Not Applicable","Not Applicable"
"CR-0000089676","ACV-0000183334","F","24","","Moderate","Driver","Had Not Been Drinking","West","Making U-Turn","Car","None Apparent","1","Not Applicable","Not Applicable"
"CR-0000089683","ACV-0000183348","","0","","Unknown","Driver","Impairment Not Known","South","Proceeding Straight","Car","Other Violation","1","22350","Speeding"
"CR-0000089675","ACV-0000183332","M","60","","Major","Driver","Impairment Not Known","East","Proceeding Straight","Car","Unknown","1","Not Applicable","Not Applicable"
"CR-0000089680","ACV-0000183341","M","33","","Minor","Driver","Had Not Been Drinking","East","Proceeding Straight","Car","None Apparent","1","22350","Speeding"
"CR-0000089673","ACV-0000183328","F","25","","Unknown","Driver","Had Not Been Drinking","South","Proceeding Straight","Car","None Apparent","1","21703","Follow Too Closely"
"CR-0000089672","ACV-0000183326","","0","","Moderate","Parked","Not Applicable","Not Applicable","Parked","Car","Unknown","1","Not Applicable","Not Applicable"
"CR-0000089677","ACV-0000183335","","0","","Unknown","Driver","Impairment Not Known","South","Other Unsafe Turning","Unknown","Other Violation","1","21750","Passing On Left"
"CR-0000089676","ACV-0000183333","M","0","","Moderate","Driver","Impairment Not Known","West","Changing Lanes","Car","Other Violation","1","22107","Unsafe Turn Movement"
"CR-0000089677","ACV-0000183336","F","26","","Minor","Driver","Had Not Been Drinking","South","Stopped","Car","None Apparent","1","Not Applicable","Not Applicable"
"CR-0000089681","ACV-0000183345","","0","","Major","Parked","Not Applicable","Not Applicable","Parked","Car","Unknown","1","Not Applicable","Not Applicable"
"CR-0000089680","ACV-0000183342","M","44","","Minor","Driver","Had Not Been Drinking","East","Making Right Turn","Car","None Apparent","1","Not Applicable","Not Applicable"
"CR-0000089681","ACV-0000183344","","0","","Major","Parked","Not Applicable","Not Applicable","Parked","Car","Unknown","1","Not Applicable","Not Applicable"
"CR-0000089674","ACV-0000183330","M","28","","Major","Driver","Had Been Drinking - Under Influence","North","Proceeding Straight","Car","Other Violation","1","22350","Speeding"
"CR-0000089679","ACV-0000183339","","0","","Unknown","Driver","Impairment Not Known","South","Proceeding Straight","Unknown","Other Violation","1","21658","Unsafe Lane Change"
"CR-0000089673","ACV-0000183329","M","40","","Minor","Driver","Had Not Been Drinking","South","Stopped","Car","None Apparent","1","Not Applicable","Not Applicable"
"CR-0000089683","ACV-0000183349","F","64","","Minor","Driver","Had Not Been Drinking","South","Proceeding Straight","Car","Unknown","1","Not Applicable","Not Applicable"
"CR-0000089679","ACV-0000183340","M","41","","Unknown","Parked","Not Applicable","Not Applicable","Parked","Car","Unknown","1","Not Applicable","Not Applicable"
"CR-0000089675","ACV-0000183331","M","26","","Major","Driver","Impairment Not Known","South","Proceeding Straight","Car","Other Violation","1","21800","Yield Uncontrolled Intersection"
"CR-0000089672","ACV-0000183325","","0","","Moderate","Driver","Impairment Not Known","South","Proceeding Straight","Car","Other Violation","1","22350","Speeding"
"CR-0000089681","ACV-0000183343","","0","","Major","Driver","Impairment Not Known","North","Making Left Turn","Car","Other Violation","1","22350","Speeding"
"CR-0000089672","ACV-0000183327","","0","","Moderate","Parked","Not Applicable","Not Applicable","Parked","Car","Unknown","1","Not Applicable","Not Applicable"
"CR-0000089703","ACV-0000183383","M","24","","Moderate","Driver","Impairment Not Known","North","Proceeding Straight","Car","None Apparent","1","Not Applicable","Not Applicable"
"CR-0000089721","ACV-0000183416","F","32","","Unknown","Driver","Impairment Not Known","South","Stopped","Car","Unknown","1","Unknown","Unknown"
"CR-0000089707","ACV-0000183393","M","28","","Minor","Driver","Impairment Not Known","East","Making Left Turn","Light Rail Vehicle","Other Violation","1","22350","Speeding"
"CR-0000089697","ACV-0000183372","M","34","","Minor","Driver","Impairment Not Known","North","Stopped","Bus - Other","Unknown","1","Not Applicable","Not Applicable"
"CR-0000089690","ACV-0000183355","","0","","Unknown","Driver","Impairment Not Known","Unknown","Unknown","Unknown","Unknown","1","Unknown","Unknown"
"CR-0000089689","ACV-0000183353","","0","","Unknown","Driver","Impairment Not Known","Unknown","Unknown","Unknown","Unknown","1","Unknown","Unknown"
"CR-0000089709","ACV-0000183397","F","47","","Major","Driver","Had Not Been Drinking","North","Stopped","Car","Unknown","1","Not Applicable","Not Applicable"
"CR-0000089716","ACV-0000183406","","0","","Major","Driver","Impairment Not Known","East","Proceeding Straight","Car","Other Violation","1","22350","Speeding"
"CR-0000089703","ACV-0000183384","","0","","Minor","Parked","Not Applicable","Not Applicable","Parked","Panel Truck","Unknown","1","Not Applicable","Not Applicable"
"CR-0000089707","ACV-0000183394","M","40","","Moderate","Driver","Impairment Not Known","West","Stopped","Car","Stop And Go Traffic","1","Not Applicable","Not Applicable"
"CR-0000089700","ACV-0000183377","M","33","","Moderate","Driver","Had Not Been Drinking","North","Stopped","Car","Unknown","1","Not Applicable","Not Applicable"
"CR-0000089708","ACV-0000183395","M","23","","Major","Driver","Had Been Drinking - Under Influence","North","Proceeding Straight","Car","None Apparent","1","21663","Driving On Sidewalk"
"CR-0000089695","ACV-0000183366","M","30","","Unknown","Driver","Impairment Not Known","East","Proceeding Straight","Car","Unknown","1","Unknown","Unknown"
"CR-0000089698","ACV-0000183374","","0","","Unknown","Parked","Not Applicable","Not Applicable","Parked","Car","None Apparent","1","Not Applicable","Not Applicable"
"CR-0000089711","ACV-0000183398","","0","","Moderate","Driver","Impairment Not Known","West","Proceeding Straight","Car","Other Violation","1","22350","Speeding"
"CR-0000089705","ACV-0000183389","","0","","Unknown","Driver","Impairment Not Known","North","Proceeding Straight","Car","Other Violation","1","Unknown","Unknown"
"CR-0000089718","ACV-0000183409","F","19","","Moderate","Driver","Had Not Been Drinking","West","Making Left Turn","Car","Unknown","1","Not Applicable","Not Applicable"
"CR-0000089692","ACV-0000183359","M","0","","Unknown","Driver","Impairment Not Known","East","Proceeding Straight","Car","Unknown","1","Unknown","Unknown"
"CR-0000089693","ACV-0000183362","M","50","","Not Applicable","Bicycle","Impairment Not Known","North","Proceeding Straight","Bicycle","Unknown","1","Unknown","Unknown"
"CR-0000089705","ACV-0000183390","F","24","","Minor","Driver","Had Not Been Drinking","North","Merging","Car","None Apparent","1","Not Applicable","Not Applicable"
"CR-0000089702","ACV-0000183380","M","60","","Minor","Driver","Impairment Not Known","West","Changing Lanes","Car","Other Violation","1","Not Applicable","Not Applicable"
"CR-0000089691","ACV-0000183358","F","44","","Unknown","Driver","Impairment Not Known","Unknown","Stopped","Car","Unknown","1","Unknown","Unknown"
"CR-0000089698","ACV-0000183375","","0","","Unknown","Parked","Not Applicable","Not Applicable","Parked","Car","None Apparent","1","Not Applicable","Not Applicable"
"CR-0000089694","ACV-0000183364","","0","","Unknown","Parked","Not Applicable","Not Applicable","Parked","Car","Unknown","1","Unknown","Unknown"
"CR-0000089698","ACV-0000183373","M","54","","Major","Driver","Had Not Been Drinking","North","Proceeding Straight","Panel Truck","Inattention","1","22350","Speeding"
"CR-0000089712","ACV-0000183399","M","17","","Major","Driver","Had Not Been Drinking","East","Other Unsafe Turning","Unknown","None Apparent","1","23103","Reckless Driving 2"
"CR-0000089693","ACV-0000183361","F","0","","Unknown","Parked","Impairment Not Known","Not Applicable","Parked","Car","Unknown","1","Unknown","Unknown"
"CR-0000089702","ACV-0000183379","F","35","","Major","Driver","Impairment Not Known","West","Proceeding Straight","Car","None Apparent","1","22350","Speeding"
"CR-0000089710","ACV-0000183400","F","0","","Unknown","Driver","Impairment Not Known","South","Making Right Turn","Unknown","Unknown","1","22450","Fail Stop/Sign"
"CR-0000089721","ACV-0000183415","M","0","","Unknown","Driver","Impairment Not Known","South","Stalled","Car","Unknown","1","Unknown","Unknown"
"CR-0000089697","ACV-0000183370","M","51","","Major","Driver","Impairment Not Known","North","Proceeding Straight","Car","Unknown","1","Not Applicable","Not Applicable"
"CR-0000089694","ACV-0000183363","","0","","Unknown","Driver","Impairment Not Known","Unknown","Unknown","Unknown","Unknown","1","Unknown","Unknown"
"CR-0000089710","ACV-0000183401","M","18","","Unknown","Pedestrian","Impairment Not Known","West","Proceeding Straight","Pedestrian","Unknown","1","Not Applicable","Not Applicable"
"CR-0000089722","ACV-0000183417","","0","","Unknown","Driver","Impairment Not Known","North","Proceeding Straight","Unknown","Runaway Vehicle","1","Unknown","Unknown"
"CR-0000089690","ACV-0000183356","","0","","Unknown","Parked","Not Applicable","Not Applicable","Parked","Car","Unknown","1","Unknown","Unknown"
"CR-0000089701","ACV-0000183378","F","27","","Major","Driver","Had Been Drinking - Under Influence","West","Making Left Turn","Car","None Apparent","1","23152","Driving Drunk"
"CR-0000089717","ACV-0000183407","F","44","","Minor","Driver","Had Not Been Drinking","West","Making Right Turn","Car","None Apparent","1","22107","Unsafe Turn Movement"
"CR-0000089718","ACV-0000183408","F","74","","Moderate","Driver","Had Not Been Drinking","East","Proceeding Straight","Car","Unknown","1","21453","Run Red Light"
"CR-0000089696","ACV-0000183367","M","60","","Unknown","Driver","Had Not Been Drinking","South","Making Right Turn","Car","Unknown","1","22107","Unsafe Turn Movement"
"CR-0000089722","ACV-0000183418","F","27","","Unknown","Driver","Impairment Not Known","North","Stopped","Car","None Apparent","1","Unknown","Unknown"
"CR-0000089695","ACV-0000183365","","0","","Unknown","Driver","Impairment Not Known","East","Changing Lanes","Car","Unknown","1","Unknown","Unknown"
"CR-0000089700","ACV-0000183376","M","0","","Moderate","Driver","Impairment Not Known","North","Proceeding Straight","Car","Other Violation","1","22350","Speeding"
"CR-0000089713","ACV-0000183402","F","35","","Moderate","Driver","Impairment Not Known","West","Ran Off Road","Car","None Apparent","1","00001","Other Improper Driving"
"CR-0000089709","ACV-0000183396","M","38","","Major","Driver","Had Been Drinking - Under Influence","North","Proceeding Straight","Car","Other Violation","1","22350","Speeding"
"CR-0000089714","ACV-0000183403","","0","","Moderate","Driver","Impairment Not Known","South","Proceeding Straight","Car","Other Violation","1","Unknown","Unknown"
"CR-0000089706","ACV-0000183392","M","48","","Minor","Driver","Had Not Been Drinking","West","Proceeding Straight","Car","None Apparent","1","Not Applicable","Not Applicable"
"CR-0000089703","ACV-0000183382","M","28","","Moderate","Driver","Impairment Not Known","West","Proceeding Straight","Car","Other Violation","1","22450","Fail Stop/Sign"
"CR-0000089714","ACV-0000183404","","0","","Moderate","Parked","Not Applicable","Not Applicable","Parked","Car","Unknown","1","Unknown","Unknown"
"CR-0000089696","ACV-0000183368","M","27","","Not Applicable","Bicycle","Impairment Not Known","West","Proceeding Straight","Bicycle","Unknown","1","Not Applicable","Not Applicable"
"CR-0000089706","ACV-0000183391","M","63","","Minor","Driver","Impairment Not Known","East","Proceeding Straight","Panel Truck","Other Violation","1","22107","Unsafe Turn Movement"
"CR-0000089691","ACV-0000183357","","0","","Unknown","Driver","Impairment Not Known","Unknown","Making Left Turn","Car","Unknown","1","Unknown","Unknown"
"CR-0000089702","ACV-0000183381","M","23","","Major","Driver","Impairment Not Known","West","Changing Lanes","Car","None Apparent","1","Not Applicable","Not Applicable"
"CR-0000089697","ACV-0000183369","","0","","Major","Driver","Impairment Not Known","North","Proceeding Straight","Car","Other Violation","1","22350","Speeding"
"CR-0000089692","ACV-0000183360","M","26","","Unknown","Driver","Impairment Not Known","East","Stopped","Car","Unknown","1","Unknown","Unknown"
"CR-0000089689","ACV-0000183354","","0","","Unknown","Parked","Not Applicable","Not Applicable","Parked","Car","Unknown","1","Unknown","Unknown"
"CR-0000089714","ACV-0000183405","","0","","Moderate","Parked","Not Applicable","Not Applicable","Parked","Car","Unknown","1","Unknown","Unknown"
"CR-0000089697","ACV-0000183371","M","50","","Major","Driver","Impairment Not Known","South","Stopped","Car","Unknown","1","Not Applicable","Not Applicable"
"CR-0000089748","ACV-0000183471","F","52","","Moderate","Driver","Had Not Been Drinking","South","Stopped","Car","Stop And Go Traffic","1","Not Applicable","Not Applicable"
"CR-0000089735","ACV-0000183444","","0","","Major","Parked","Not Applicable","Not Applicable","Parked","Car","Unknown","1","Not Applicable","Not Applicable"
"CR-0000089737","ACV-0000183451","M","0","","None","Driver","Had Not Been Drinking","North","Proceeding Straight","Bus - Other","None Apparent","1","Not Applicable","Not Applicable"
"CR-0000089731","ACV-0000183436","M","30","","Not Applicable","Pedestrian","Had Been Drinking - Under Influence","East","Other (Ped)","Pedestrian","Unknown","1","21955","Crossing Controlled Intersection/Jaywalking"
"CR-0000089735","ACV-0000183443","","0","","Moderate","Driver","Impairment Not Known","East","Proceeding Straight","Panel Truck","Other Violation","1","21658","Unsafe Lane Change"
"CR-0000089736","ACV-0000183448","","0","","Minor","Parked","Not Applicable","Not Applicable","Parked","Car","None Apparent","1","Not Applicable","Not Applicable"
"CR-0000089749","ACV-0000183472","M","16","","Major","Driver","Had Not Been Drinking","East","Changing Lanes","Car","Defective Vehicle Equipment","1","22350","Speeding"
"CR-0000089746","ACV-0000183466","","0","","Unknown","Driver","Impairment Not Known","South","Proceeding Straight","Car","Other Violation","1","22350","Speeding"
"CR-0000089737","ACV-0000183452","F","59","","Not Applicable","Pedestrian","Impairment Not Known","Not Applicable","Other (Ped)","Pedestrian","None Apparent","1","21956","Pedestrian On Roadway"
"CR-0000089736","ACV-0000183446","M","15","","Moderate","Driver","Impairment Not Known","North","Proceeding Straight","Car","Other Violation","1","22107","Unsafe Turn Movement"
"CR-0000089738","ACV-0000183453","F","40","","Major","Driver","Had Been Drinking - Under Influence","North","Ran Off Road","Car","Under Influence","1","22107","Unsafe Turn Movement"