"CrashName","Name","Sex","Age","Speed","VehicleDamage","PartyCategory","Sobriety","VehicleDirection","MovementPrecedingCollision","PartyType","OtherAssociatedFactor","VehicleCount","ViolationCode","ViolationCodeDescription"
"CR-0000089745","ACV-0000183464","M","63","","Moderate","Driver","Had Not Been Drinking","South","Proceeding Straight","Car","None Apparent","1","21802","Yield Stop Sign"
"CR-0000089732","ACV-0000183439","F","52","","Major","Driver","Impairment Not Known","North","Proceeding Straight","Car","None Apparent","1","Not Applicable","Not Applicable"
"CR-0000089745","ACV-0000183465","F","27","","Unknown","Driver","Had Not Been Drinking","East","Proceeding Straight","Car","None Apparent","1","Not Applicable","Not Applicable"
"CR-0000089735","ACV-0000183445","","0","","Moderate","Parked","Not Applicable","Not Applicable","Parked","Car","Unknown","1","Not Applicable","Not Applicable"
"CR-0000089736","ACV-0000183449","M","33","","Moderate","Driver","Had Not Been Drinking","West","Making Right Turn","Car","None Apparent","1","Not Applicable","Not Applicable"
"CR-0000089733","ACV-0000183440","M","41","","Major","Driver","Impairment Not Known","East","Proceeding Straight","Car","Other Violation","1","21453","Run Red Light"
"CR-0000089729","ACV-0000183433","","0","","Major","Parked","Not Applicable","Not Applicable","Parked","Car","Unknown","1","Not Applicable","Not Applicable"
"CR-0000089746","ACV-0000183467","F","36","","Minor","Driver","Had Not Been Drinking","South","Proceeding Straight","Car","Unknown","1","Not Applicable","Not Applicable"
"CR-0000089732","ACV-0000183438","M","83","","Major","Driver","Impairment Not Known","East","Proceeding Straight","Car","None Apparent","1","21453","Run Red Light"
"CR-0000089744","ACV-0000183463","","0","","Unknown","Driver","Impairment Not Known","South","Making Left Turn","Car","Other Violation","1","22350","Speeding"
"CR-0000089729","ACV-0000183432","","0","","Major","Driver","Impairment Not Known","South","Other Unsafe Turning","Car","Other Violation","1","22350","Speeding"
"CR-0000089731","ACV-0000183437","","0","","Unknown","Driver","Impairment Not Known","North","Proceeding Straight","Car","Other Violation","1","Not Applicable","Not Applicable"
"CR-0000089747","ACV-0000183468","","0","","Minor","Driver","Impairment Not Known","East","Proceeding Straight","Car","Other Violation","1","21703","Follow Too Closely"
"CR-0000089730","ACV-0000183435","F","33","","Major","Driver","Had Not Been Drinking","West","Backing","Car","Unknown","1","Not Applicable","Not Applicable"
"CR-0000089747","ACV-0000183469","F","47","","Minor","Driver","Had Not Been Drinking","East","Proceeding Straight","Car","Unknown","1","Not Applicable","Not Applicable"
"CR-0000089734","ACV-0000183442","F","21","","Major","Driver","Impairment Not Known","North","Ran Off Road","Car","None Apparent","1","22350","Speeding"
"CR-0000089736","ACV-0000183447","","0","","Minor","Parked","Not Applicable","Not Applicable","Parked","Car","None Apparent","1","Not Applicable","Not Applicable"
"CR-0000089736","ACV-0000183450","","0","","Minor","Parked","Not Applicable","Not Applicable","Parked","Car","None Apparent","1","Not Applicable","Not Applicable"
"CR-0000089730","ACV-0000183434","F","29","","Major","Driver","Had Not Been Drinking","North","Proceeding Straight","Unknown","Unknown","1","22350","Speeding"
"CR-0000089733","ACV-0000183441","M","63","","Major","Driver","Had Not Been Drinking","North","Proceeding Straight","Car","None Apparent","1","Not Applicable","Not Applicable"
"CR-0000089748","ACV-0000183470","M","30","","Moderate","Driver","Had Not Been Drinking","South","Proceeding Straight","Car","Stop And Go Traffic","1","22350","Speeding"
"CR-0000089757","ACV-0000183488","F","60","","Moderate","Driver","Had Not Been Drinking","North","Proceeding Straight","Car","None Apparent","1","Not Applicable","Not Applicable"
"CR-0000089755","ACV-0000183483","M","0","","Unknown","Driver","Impairment Not Known","North","Backing","Panel Truck","Other Violation","1","22106","Unsafe Backing"
"CR-0000089761","ACV-0000183496","M","45","","Not Applicable","Bicycle","Impairment Not Known","North","Proceeding Straight","Bicycle","None Apparent","1","Not Applicable","Not Applicable"
"CR-0000089767","ACV-0000183508","M","24","","Not Applicable","Bicycle","Had Not Been Drinking","West","Other (Bike)","Bicycle","None Apparent","1","Not Applicable","Not Applicable"
"CR-0000089770","ACV-0000183514","F","29","","Major","Driver","Impairment Not Known","West","Proceeding Straight","Car","None Apparent","1","Not Applicable","Not Applicable"
"CR-0000089752","ACV-0000183477","M","55","","Minor","Driver","Impairment Not Known","North","Proceeding Straight","Bus - Other","None Apparent","1","Not Applicable","Not Applicable"
"CR-0000089774","ACV-0000183517","F","39","","Major","Driver","Had Not Been Drinking","West","Other Unsafe Turning","Car","None Apparent","1","21804","Yield From Driveway/Curb"
"CR-0000089763","ACV-0000183499","M","35","","Major","Driver","Had Not Been Drinking","North","Proceeding Straight","Car","None Apparent","1","Not Applicable","Not Applicable"
"CR-0000089755","ACV-0000183484","","0","","Moderate","Parked","Not Applicable","Not Applicable","Parked","Car","Unknown","1","Not Applicable","Not Applicable"
"CR-0000089768","ACV-0000183509","F","35","","Major","Driver","Impairment Not Known","South","Unknown","Car","Unknown","1","21804","Yield From Driveway/Curb"
"CR-0000089773","ACV-0000183515","M","0","","Unknown","Driver","Impairment Not Known","East","Merging","Panel Truck","Unknown","1","Unknown","Unknown"
"CR-0000089766","ACV-0000183503","F","35","","Major","Driver","Had Not Been Drinking","West","Proceeding Straight","Car","None Apparent","1","21453","Run Red Light"
"CR-0000089775","ACV-0000183520","F","50","","Not Applicable","Pedestrian","Impairment Not Known","West","Other (Ped)","Pedestrian","Vision Obscurement","1","Not Applicable","Not Applicable"
"CR-0000089766","ACV-0000183505","M","34","","Major","Driver","Had Not Been Drinking","South","Proceeding Straight","Car","None Apparent","1","Not Applicable","Not Applicable"
"CR-0000089753","ACV-0000183480","M","27","","Moderate","Driver","Had Not Been Drinking","North","Proceeding Straight","Panel Truck","None Apparent","1","Not Applicable","Not Applicable"
"CR-0000089752","ACV-0000183478","M","49","","None","Driver","Impairment Not Known","North","Proceeding Straight","Panel Truck","None Apparent","1","Not Applicable","Not Applicable"
"CR-0000089761","ACV-0000183495","M","48","","None","Driver","Impairment Not Known","North","Proceeding Straight","Car","None Apparent","1","22350","Speeding"
"CR-0000089750","ACV-0000183473","","0","","Unknown","Driver","Impairment Not Known","West","Making U-Turn","Car","Other Violation","1","22107","Unsafe Turn Movement"
"CR-0000089765","ACV-0000183504","M","23","","Major","Driver","Had Not Been Drinking","South","Proceeding Straight","Car","None Apparent","1","Not Applicable","Not Applicable"
"CR-0000089751","ACV-0000183474","M","24","","None","Driver","Impairment Not Known","South","Making Left Turn","Panel Truck","None Apparent","1","21950","Yield Pedestrian In Crosswalk"
"CR-0000089767","ACV-0000183507","M","47","","Minor","Driver","Had Not Been Drinking","East","Making Left Turn","Panel Truck","None Apparent","1","22107","Unsafe Turn Movement"
"CR-0000089776","ACV-0000183521","M","40","","Major","Driver","Had Been Drinking - Under Influence","West","Ran Off Road","Car","Other Violation","1","22107","Unsafe Turn Movement"
"CR-0000089754","ACV-0000183481","M","57","","None","Driver","Had Not Been Drinking","South","Making Right Turn","Panel Truck","Unknown","1","21950","Yield Pedestrian In Crosswalk"
"CR-0000089769","ACV-0000183511","M","54","","Minor","Driver","Had Not Been Drinking","South","Proceeding Straight","Car","Other Violation","1","22350","Speeding"
"CR-0000089754","ACV-0000183482","F","76","","Not Applicable","Pedestrian","Had Not Been Drinking","East","Other (Ped)","Pedestrian","Unknown","1","Not Applicable","Not Applicable"
"CR-0000089757","ACV-0000183487","M","36","","Moderate","Driver","Had Not Been Drinking","East","Making Left Turn","Car","None Apparent","1","Unknown","Unknown"
"CR-0000089764","ACV-0000183501","F","33","","Major","Driver","Had Not Been Drinking","South","Making Left Turn","Car","None Apparent","1","Not Applicable","Not Applicable"
"CR-0000089760","ACV-0000183493","M","0","","Minor","Driver","Impairment Not Known","South","Making Left Turn","Car","Other Violation","1","22350","Speeding"
"CR-0000089756","ACV-0000183486","","0","","Minor","Parked","Not Applicable","Not Applicable","Parked","Car","Unknown","1","Not Applicable","Not Applicable"
"CR-0000089763","ACV-0000183498","","0","","Moderate","Driver","Impairment Not Known","East","Proceeding Straight","Car","Other Violation;Inattention","1","22450","Fail Stop/Sign"
"CR-0000089751","ACV-0000183475","M","41","","Not Applicable","Pedestrian","Impairment Not Known","South","Other (Ped)","Pedestrian","None Apparent","1","Not Applicable","Not Applicable"
"CR-0000089768","ACV-0000183510","M","18","","Major","Driver","Impairment Not Known","West","Unknown","Car","Unknown","1","Not Applicable","Not Applicable"
"CR-0000089770","ACV-0000183512","F","71","","Minor","Driver","Impairment Not Known","North","Making Left Turn","Panel Truck","None Apparent","1","21801","Yield Left Turn"
"CR-0000089758","ACV-0000183489","","0","","Unknown","Driver","Impairment Not Known","North","Proceeding Straight","Unknown","Other Violation","1","22350","Speeding"
"CR-0000089752","ACV-0000183476","M","49","","Minor","Driver","Impairment Not Known","North","Proceeding Straight","Other","None Apparent","1","22107","Unsafe Turn Movement"
"CR-0000089773","ACV-0000183516","F","18","","Unknown","Driver","Impairment Not Known","South","Making Left Turn","Car","Unknown","1","Unknown","Unknown"
"CR-0000089760","ACV-0000183494","F","39","","Minor","Driver","Had Not Been Drinking","West","Proceeding Straight","Car","Unknown","1","Not Applicable","Not Applicable"
"CR-0000089769","ACV-0000183513","M","50","","Minor","Driver","Had Not Been Drinking","South","Stopped","Motorcycle/Moped","None Apparent","1","Not Applicable","Not Applicable"
"CR-0000089758","ACV-0000183490","M","30","","Moderate","Driver","Had Not Been Drinking","North","Stopped","Panel Truck","Unknown","1","Not Applicable","Not Applicable"
"CR-0000089756","ACV-0000183485","M","31","","Moderate","Driver","Had Not Been Drinking","East","Proceeding Straight","Motorcycle/Moped","None Apparent","1","22350","Speeding"
"CR-0000089765","ACV-0000183506","","0","","Minor","Parked","Not Applicable","Not Applicable","Parked","Car","None Apparent","1","Not Applicable","Not Applicable"
"CR-0000089774","ACV-0000183518","F","31","","Major","Driver","Had Not Been Drinking","North","Proceeding Straight","Car","None Apparent","1","Not Applicable","Not Applicable"
"CR-0000089762","ACV-0000183497","F","18","","Moderate","Driver","Had Not Been Drinking","North","Making Right Turn","Car","Other Violation","1","22107","Unsafe Turn Movement"
"CR-0000089759","ACV-0000183492","M","73","","Major","Driver","Had Not Been Drinking","North","Proceeding Straight","Car","None Apparent","1","Not Applicable","Not Applicable"
"CR-0000089765","ACV-0000183502","M","27","","Major","Driver","Had Not Been Drinking","East","Proceeding Straight","Car","None Apparent","1","21453","Run Red Light"
"CR-0000089753","ACV-0000183479","M","32","","Moderate","Driver","Had Not Been Drinking","East","Proceeding Straight","Car","None Apparent","1","21802","Yield Stop Sign"
"CR-0000089775","ACV-0000183519","F","33","","None","Driver","Impairment Not Known","West","Making Left Turn","Car","Vision Obscurement","1","21950","Yield Pedestrian In Crosswalk"
"CR-0000089759","ACV-0000183491","M","61","","Major","Driver","Had Not Been Drinking","North","Entering Traffic","Panel Truck","None Apparent","1","22106","Unsafe Backing"
"CR-0000089764","ACV-0000183500","M","32","","Major","Driver","Had Been Drinking - Under Influence","North","Proceeding Straight","Car","Other Violation","1","21453","Run Red Light"
"CR-0000089785","ACV-0000183541","M","73","","Unknown","Driver","Impairment Not Known","North","Proceeding Straight","Car","Unknown","1","Unknown","Unknown"
"CR-0000089786","ACV-0000183542","M","18","","Major","Driver","Had Not Been Drinking","South","Proceeding Straight","Car","None Apparent","1","22350","Speeding"
"CR-0000089780","ACV-0000183531","","0","","Minor","Parked","Not Applicable","Not Applicable","Parked","Car","None Apparent","1","Not Applicable","Not Applicable"
"CR-0000089778","ACV-0000183525","M","68","","Moderate","Driver","Impairment Not Known","North","Proceeding Straight","Panel Truck","None Apparent","1","Not Applicable","Not Applicable"
"CR-0000089785","ACV-0000183540","M","60","","Unknown","Driver","Impairment Not Known","West","Entering Traffic","Car","Unknown","1","Not Applicable","Not Applicable"
"CR-0000089779","ACV-0000183526","M","62","","Unknown","Driver","Impairment Not Known","East","Proceeding Straight","Car","Unknown","1","22350","Speeding"
"CR-0000089782","ACV-0000183534","M","22","","Major","Driver","Had Not Been Drinking","East","Proceeding Straight","Car","Unknown","1","Not Applicable","Not Applicable"
"CR-0000089783","ACV-0000183537","","0","","Minor","Parked","Not Applicable","Not Applicable","Parked","Car","None Apparent","1","Not Applicable","Not Applicable"
"CR-0000089787","ACV-0000183545","","60","","Minor","Driver","Had Not Been Drinking","East","Proceeding Straight","Car","None Apparent","1","Not Applicable","Not Applicable"
"CR-0000089783","ACV-0000183535","","0","","Major","Driver","Impairment Not Known","South","Changing Lanes","Car","Other Violation","1","21658","Unsafe Lane Change"
"CR-0000089777","ACV-0000183522","","0","","Moderate","Driver","Impairment Not Known","Unknown","Proceeding Straight","Panel Truck","Other Violation","1","21950","Yield Pedestrian In Crosswalk"
"CR-0000089788","ACV-0000183548","M","17","","Major","Driver","Had Not Been Drinking","North","Making Left Turn","Car","None Apparent","1","21801","Yield Left Turn"
"CR-0000089780","ACV-0000183529","M","0","","Minor","Driver","Had Not Been Drinking","South","Entering Traffic","Car","None Apparent","1","22450","Fail Stop/Sign"
"CR-0000089777","ACV-0000183523","F","42","","Not Applicable","Bicycle","Impairment Not Known","South","Making Right Turn","Bicycle","None Apparent","1","Not Applicable","Not Applicable"
"CR-0000089782","ACV-0000183533","F","60","","Major","Driver","Had Not Been Drinking","West","Making Left Turn","Car","Unknown","1","21801","Yield Left Turn"
"CR-0000089784","ACV-0000183539","M","31","","Major","Driver","Had Not Been Drinking","West","Proceeding Straight","Car","None Apparent","1","Not Applicable","Not Applicable"
"CR-0000089787","ACV-0000183544","M","39","","Minor","Driver","Had Not Been Drinking","West","Making Left Turn","Car","None Apparent","1","21801","Yield Left Turn"
"CR-0000089784","ACV-0000183538","M","39","","Major","Driver","Had Not Been Drinking","East","Making Left Turn","Car","None Apparent","1","21453","Run Red Light"
"CR-0000089787","ACV-0000183547","M","40","","Minor","Driver","Had Not Been Drinking","North","Stopped","Car","Unknown","1","Not Applicable","Not Applicable"
"CR-0000089780","ACV-0000183530","F","32","","Minor","Driver","Had Not Been Drinking","West","Proceeding Straight","Car","None Apparent","1","Not Applicable","Not Applicable"
"CR-0000089781","ACV-0000183532","M","44","","Major","Driver","Had Been Drinking - Under Influence","South","Ran Off Road","Car","Other Violation","1","22350","Speeding"
"CR-0000089778","ACV-0000183524","F","24","","Moderate","Driver","Impairment Not Known","North","Changing Lanes","Car","None Apparent","1","21658","Unsafe Lane Change"
"CR-0000089787","ACV-0000183546","F","44","","Minor","Driver","Had Not Been Drinking","North","Stopped","Car","None Apparent","1","Not Applicable","Not Applicable"
"CR-0000089779","ACV-0000183527","M","22","","Moderate","Driver","Impairment Not Known","East","Stopped","Car","Unknown","1","Not Applicable","Not Applicable"
"CR-0000089788","ACV-0000183549","M","51","","Minor","Driver","Had Not Been Drinking","West","Proceeding Straight","Semi Truck","None Apparent","1","Not Applicable","Not Applicable"
"CR-0000089783","ACV-0000183536","","0","","Major","Parked","Not Applicable","Not Applicable","Parked","Car","None Apparent","1","Not Applicable","Not Applicable"
"CR-0000089786","ACV-0000183543","F","29","","Major","Driver","Had Not Been Drinking","South","Stopped","Car","None Apparent","1","Not Applicable","Not Applicable"
"CR-0000089779","ACV-0000183528","M","79","","Unknown","Driver","Impairment Not Known","East","Stopped","Car","Unknown","1","Not Applicable","Not Applicable"
"CR-0000089817","ACV-0000183605","","0","","Minor","Parked","Not Applicable","Not Applicable","Parked","Car","Unknown","1","Not Applicable","Not Applicable"
"CR-0000089825","ACV-0000183626","M","45","","Minor","Driver","Had Not Been Drinking","West","Proceeding Straight","Car","None Apparent","1","Not Applicable","Not Applicable"
"CR-0000089822","ACV-0000183620","M","81","","Major","Driver","Had Not Been Drinking","South","Making Left Turn","Car","None Apparent","1","Not Applicable","Not Applicable"
"CR-0000089790","ACV-0000183553","M","18","","Major","Driver","Had Not Been Drinking","South","Proceeding Straight","Car","Unknown","1","Not Applicable","Not Applicable"
"CR-0000089818","ACV-0000183608","M","82","","Unknown","Driver","Impairment Not Known","North","Slowing/Stopping","Car","Unknown","1","22350","Speeding"
"CR-0000089803","ACV-0000183578","","0","","Major","Driver","Impairment Not Known","East","Proceeding Straight","Car","Unknown","1","22350","Speeding"
"CR-0000089819","ACV-0000183612","","0","","Major","Parked","Not Applicable","Not Applicable","Parked","Car","None Apparent","1","Not Applicable","Not Applicable"
"CR-0000089809","ACV-0000183591","","0","","Unknown","Parked","Not Applicable","Not Applicable","Parked","Car","None Apparent","1","Not Applicable","Not Applicable"
"CR-0000089819","ACV-0000183611","","0","","Moderate","Parked","Not Applicable","Not Applicable","Parked","Car","None Apparent","1","Not Applicable","Not Applicable"
"CR-0000089823","ACV-0000183621","","0","","Major","Driver","Impairment Not Known","East","Making Right Turn","Panel Truck","Other Violation","1","22107","Unsafe Turn Movement"
"CR-0000089817","ACV-0000183604","","0","","Major","Parked","Not Applicable","Not Applicable","Parked","Car","Unknown","1","Not Applicable","Not Applicable"
"CR-0000089794","ACV-0000183559","M","38","","Moderate","Driver","Impairment Not Known","North","Proceeding Straight","Car","Unknown","1","21453","Run Red Light"
"CR-0000089818","ACV-0000183609","M","41","","Minor","Driver","Impairment Not Known","North","Slowing/Stopping","Car","Unknown","1","Not Applicable","Not Applicable"
"CR-0000089803","ACV-0000183579","","0","","Minor","Parked","Not Applicable","Not Applicable","Parked","Emergency Vehicle","Unknown","1","Not Applicable","Not Applicable"
"CR-0000089800","ACV-0000183573","M","39","","Moderate","Driver","Impairment Not Known","East","Proceeding Straight","Car","None Apparent","1","Not Applicable","Not Applicable"
"CR-0000089817","ACV-0000183607","","0","","Minor","Parked","Not Applicable","Not Applicable","Parked","Car","Unknown","1","Not Applicable","Not Applicable"
"CR-0000089796","ACV-0000183565","M","28","","Minor","Driver","Impairment Not Known","West","Proceeding Straight","Car","Other Violation","1","Not Applicable","Not Applicable"
"CR-0000089823","ACV-0000183622","F","47","","Major","Driver","Had Not Been Drinking","East","Proceeding Straight","Car","None Apparent","1","Not Applicable","Not Applicable"
"CR-0000089793","ACV-0000183558","M","33","","Not Applicable","Bicycle","Had Not Been Drinking","West","Proceeding Straight","Bicycle","None Apparent","1","Not Applicable","Not Applicable"
"CR-0000089804","ACV-0000183581","M","49","","Not Applicable","Bicycle","Had Not Been Drinking","North","Stopped","Bicycle","Unknown","1","Not Applicable","Not Applicable"
"CR-0000089790","ACV-0000183552","F","18","","Moderate","Driver","Had Not Been Drinking","East","Entering Traffic","Car","Unknown","1","21804","Yield From Driveway/Curb"
"CR-0000089809","ACV-0000183590","","0","","Unknown","Driver","Impairment Not Known","Unknown","Proceeding Straight","Car","Other Violation","1","Unknown","Unknown"
"CR-0000089821","ACV-0000183617","","0","","Unknown","Driver","Impairment Not Known","North","Proceeding Straight","Panel Truck","Other Violation","1","22350","Speeding"
"CR-0000089795","ACV-0000183562","M","27","","Major","Driver","Had Not Been Drinking","North","Proceeding Straight","Unknown","None Apparent","1","Not Applicable","Not Applicable"
"CR-0000089811","ACV-0000183596","M","53","","Minor","Driver","Had Not Been Drinking","West","Making Left Turn","Motorcycle/Moped","None Apparent","1","Not Applicable","Not Applicable"
"CR-0000089810","ACV-0000183592","M","49","","Major","Driver","Under Drug Influence","East","Proceeding Straight","Car","Other Violation","1","22350","Speeding"
"CR-0000089801","ACV-0000183575","M","0","","Unknown","Parked","Impairment Not Known","Not Applicable","Parked","Car","None Apparent","1","Not Applicable","Not Applicable"
"CR-0000089820","ACV-0000183614","","0","","Major","Parked","Not Applicable","Not Applicable","Parked","Panel Truck","Unknown","1","Not Applicable","Not Applicable"
"CR-0000089789","ACV-0000183550","","0","","Unknown","Driver","Impairment Not Known","West","Proceeding Straight","Car","Other Violation","1","21703","Follow Too Closely"
"CR-0000089794","ACV-0000183560","F","33","","Moderate","Driver","Impairment Not Known","West","Proceeding Straight","Car","Unknown","1","Not Applicable","Not Applicable"
"CR-0000089805","ACV-0000183582","F","26","","None","Driver","Had Not Been Drinking","North","Proceeding Straight","Car","None Apparent","1","22350","Speeding"
"CR-0000089822","ACV-0000183619","","0","","Unknown","Driver","Impairment Not Known","West","Proceeding Straight","Unknown","Other Violation","1","21453","Run Red Light"
"CR-0000089804","ACV-0000183580","M","44","","None","Driver","Had Not Been Drinking","East","Making Right Turn","Panel Truck","Unknown","1","22107","Unsafe Turn Movement"
"CR-0000089801","ACV-0000183574","","0","","Unknown","Driver","Impairment Not Known","Unknown","Unknown","Unknown","Unknown","1","Unknown","Unknown"
"CR-0000089807","ACV-0000183586","M","30","","Major","Driver","Impairment Not Known","South","Proceeding Straight","Car","Other Violation","1","22350","Speeding"
"CR-0000089802","ACV-0000183577","M","53","","Not Applicable","Bicycle","Had Not Been Drinking","East","Proceeding Straight","Bicycle","Unknown","1","Not Applicable","Not Applicable"
"CR-0000089792","ACV-0000183556","F","20","","Major","Driver","Had Not Been Drinking","West","Proceeding Straight","Car","None Apparent","1","Not Applicable","Not Applicable"
"CR-0000089820","ACV-0000183613","M","23","","Major","Driver","Had Been Drinking - Under Influence","East","Proceeding Straight","Car","Unknown","1","23152","Driving Drunk"
"CR-0000089795","ACV-0000183561","M","32","","Major","Driver","Had Not Been Drinking","South","Making Left Turn","Car","None Apparent","1","22107","Unsafe Turn Movement"
"CR-0000089799","ACV-0000183571","M","30","","Minor","Driver","Had Not Been Drinking","East","Stopped","Car","None Apparent","1","Not Applicable","Not Applicable"
"CR-0000089798","ACV-0000183569","M","18","","Moderate","Driver","Had Not Been Drinking","West","Proceeding Straight","Car","None Apparent","1","Not Applicable","Not Applicable"
"CR-0000089826","ACV-0000183627","","0","","Totaled","Driver","Impairment Not Known","West","Proceeding Straight","Car","Other Violation","1","21651","Divided Highway"
"CR-0000089795","ACV-0000183563","F","54","","Major","Driver","Had Not Been Drinking","West","Stopped","Car","None Apparent","1","Not Applicable","Not Applicable"
"CR-0000089815","ACV-0000183601","F","39","","Minor","Driver","Impairment Not Known","West","Slowing/Stopping","Car","None Apparent","1","Not Applicable","Not Applicable"
"CR-0000089808","ACV-0000183589","F","41","","Moderate","Driver","Had Not Been Drinking","East","Making Left Turn","Car","Unknown","1","Not Applicable","Not Applicable"
"CR-0000089813","ACV-0000183599","","0","","Moderate","Driver","Impairment Not Known","West","Other Unsafe Turning","Car","Other Violation","1","22107","Unsafe Turn Movement"
"CR-0000089811","ACV-0000183593","F","58","","Unknown","Driver","Had Not Been Drinking","North","Making Left Turn","Car","None Apparent","1","21801","Yield Left Turn"
"CR-0000089805","ACV-0000183583","F","7","","Not Applicable","Pedestrian","Impairment Not Known","East","Other (Ped)","Pedestrian","Other Violation","1","Not Applicable","Not Applicable"
"CR-0000089827","ACV-0000183629","","0","","Minor","Parked","Not Applicable","Not Applicable","Parked","Panel Truck","None Apparent","1","Not Applicable","Not Applicable"
"CR-0000089825","ACV-0000183625","","0","","Unknown","Driver","Impairment Not Known","South","Making Left Turn","Unknown","Other Violation","1","21453","Run Red Light"
"CR-0000089789","ACV-0000183551","F","30","","Minor","Driver","Had Not Been Drinking","West","Stopped","Car","Unknown","1","Not Applicable","Not Applicable"
"CR-0000089827","ACV-0000183628","","0","","Unknown","Driver","Impairment Not Known","East","Proceeding Straight","Car","Unknown","1","22350","Speeding"
"CR-0000089797","ACV-0000183566","","0","","Major","Driver","Impairment Not Known","East","Proceeding Straight","Car","Other Violation","1","21453","Run Red Light"
"CR-0000089820","ACV-0000183615","","0","","Moderate","Parked","Not Applicable","Not Applicable","Parked","Car","Unknown","1","Not Applicable","Not Applicable"
"CR-0000089808","ACV-0000183588","M","25","","Major","Driver","Impairment Not Known","West","Proceeding Straight","Motorcycle/Moped","Other Violation","1","22350","Speeding"
"CR-0000089815","ACV-0000183600","M","0","","Minor","Driver","Impairment Not Known","West","Passing Other Vehicles","Car","Other Violation","1","22107","Unsafe Turn Movement"
"CR-0000089821","ACV-0000183618","F","54","","Moderate","Driver","Had Not Been Drinking","North","Proceeding Straight","Car","None Apparent","1","Not Applicable","Not Applicable"
"CR-0000089817","ACV-0000183606","","0","","Minor","Parked","Not Applicable","Not Applicable","Parked","Car","Unknown","1","Not Applicable","Not Applicable"
"CR-0000089814","ACV-0000183598","M","28","","Moderate","Driver","Had Not Been Drinking","West","Proceeding Straight","Panel Truck","None Apparent","1","Not Applicable","Not Applicable"
"CR-0000089802","ACV-0000183576","M","69","","Minor","Driver","Had Not Been Drinking","East","Passing Other Vehicles","Bus - Other","Unknown","1","00001","Other Improper Driving"
"CR-0000089817","ACV-0000183603","","0","","Moderate","Driver","Impairment Not Known","West","Proceeding Straight","Panel Truck","Other Violation","1","22350","Speeding"
"CR-0000089806","ACV-0000183584","M","20","","Major","Driver","Impairment Not Known","West","Proceeding Straight","Car","Other Violation","1","22107","Unsafe Turn Movement"
"CR-0000089807","ACV-0000183587","F","28","","Major","Driver","Impairment Not Known","East","Proceeding Straight","Car","None Apparent","1","Not Applicable","Not Applicable"
"CR-0000089819","ACV-0000183610","M","16","","Major","Driver","Had Not Been Drinking","East","Making Right Turn","Car","Other Violation","1","22350","Speeding"
"CR-0000089820","ACV-0000183616","","0","","Moderate","Parked","Not Applicable","Not Applicable","Parked","Car","Unknown","1","Not Applicable","Not Applicable"
"CR-0000089797","ACV-0000183567","F","19","","Major","Driver","Had Not Been Drinking","West","Making Left Turn","Car","None Apparent","1","Not Applicable","Not Applicable"
"CR-0000089812","ACV-0000183594","","0","","Unknown","Driver","Impairment Not Known","Unknown","Proceeding Straight","Unknown","Other Violation","1","Unknown","Unknown"
"CR-0000089791","ACV-0000183554","M","45","","Minor","Driver","Had Been Drinking - Under Influence","West","Ran Off Road","Car","None Apparent","1","23152","Driving Drunk"
"CR-0000089827","ACV-0000183630","","0","","Moderate","Parked","Not Applicable","Not Applicable","Parked","Car","None Apparent","1","Not Applicable","Not Applicable"
"CR-0000089814","ACV-0000183597","M","31","","Moderate","Driver","Impairment Not Known","East","Proceeding Straight","Panel Truck","Other Violation","1","22350","Speeding"
"CR-0000089796","ACV-0000183564","F","39","","Minor","Driver","Impairment Not Known","North","Proceeding Straight","Car","Unknown","1","21804","Yield From Driveway/Curb"
"CR-0000089824","ACV-0000183624","","0","","Minor","Parked","Not Applicable","Not Applicable","Parked","Car","None Apparent","1","Not Applicable","Not Applicable"
"CR-0000089792","ACV-0000183555","","0","","Major","Driver","Impairment Not Known","East","Making Left Turn","Panel Truck","Other Violation","1","21453","Run Red Light"
"CR-0000089798","ACV-0000183568","M","29","","Moderate","Driver","Had Not Been Drinking","South","Proceeding Straight","Car","None Apparent","1","21804","Yield From Driveway/Curb"
"CR-0000089824","ACV-0000183623","M","0","","Unknown","Driver","Impairment Not Known","North","Other Unsafe Turning","Motorcycle/Moped","Other Violation","1","22450","Fail Stop/Sign"
"CR-0000089812","ACV-0000183595","M","65","","Not Applicable","Pedestrian","Impairment Not Known","Unknown","Other (Ped)","Pedestrian","Unknown","1","Unknown","Unknown"
"CR-0000089806","ACV-0000183585","","0","","Moderate","Parked","Not Applicable","Not Applicable","Parked","Car","Unknown","1","Not Applicable","Not Applicable"
"CR-0000089793","ACV-0000183557","","0","","Unknown","Driver","Impairment Not Known","North","Proceeding Straight","Car","Other Violation","1","22350","Speeding"
"CR-0000089816","ACV-0000183602","M","66","","Moderate","Driver","Impairment Not Known","North","Ran Off Road","Car","Unknown","1","22350","Speeding"
"CR-0000089800","ACV-0000183572","F","51","","Not Applicable","Pedestrian","Impairment Not Known","South","Other (Ped)","Pedestrian","None Apparent","1","21955","Crossing Controlled Intersection/Jaywalking"
"CR-0000089799","ACV-0000183570","F","28","","Moderate","Driver","Had Not Been Drinking","West","Stopped","Car","None Apparent","1","21801","Yield Left Turn"
"CR-0000089828","ACV-0000183631","","25","","Major","Driver","Impairment Not Known","South","Ran Off Road","Car","Unknown","1","22350","Speeding"